id,group,item,tcrf,rom,bytes,coverage,touched_pct,organic_pct,exec_or_read_pct,kind,method,verdict,tag,asset
A01,"A. Unlock-gated content (credits, CoroCoro, Album B, unlockable stamps and games)","Real credits sequence: gate and states $12-$18 (mode $08, bank 9)","JP: ""STAFF ROLL"" label; the sentence ""Don't butter me up!"" is on the ending picture of the (real) credits and was removed in international versions",09:4CF2-5200,1295,organic,91,91,100,code,code trace + emulator screenshots with unlocking saves,"EXECUTED. Gate 09:4CFC-4D0B: stored [$DAA7:$DAA6] >= $7799 (the nine-complement of the displayed Run!Run!Run! result, i.e. displayed 22:00 or lower; SRAM 10CC:10CB) -> real credits (CLIP THIS, One Love, staff roll text, ending picture); below the gate -> dancers only. The never-executed bytes are the tail of the range, not a separate feature.",C,shots/credits_real_s13_clip_this.png shots/credits_real_s14_one_love.png shots/credits_real_s15_staff_roll_text.png shots/credits_real_s16_ending_picture.png shots/credits_normal_dancer.png
A02,"A. Unlock-gated content (credits, CoroCoro, Album B, unlockable stamps and games)","Credits graphics: CLIP THIS, One Love, ending picture (""Don't butter me up! Be happy!!""), staff-roll background, dancer",same,13:7000-7FFF 1C:7C60-7E9F 19:5260-645F 26:72C0-74FF 20:4000-4DFF 25:4480-497F 22:4500-496F 26:5E80-60BF,16432,organic,100,100,100,data,"catalog_jp.csv callers jr_009_4d0e, Jump_009_4d86, jr_009_4e59, jr_009_4eba",RETRIEVED. All blocks are read by the credits loaders; the JP ending picture contains the sentence TCRF says was removed internationally (seen on the screenshot).,C,assets/screens/09_Jump_009_4d86_map9800_src1c_7c60.png assets/screens/09_jr_009_4e59_map9800_src26_72c0.png
A03,"A. Unlock-gated content (credits, CoroCoro, Album B, unlockable stamps and games)",CoroCoro tag check + rewrite (save bytes $1FFD-$1FFF = 56 56 53),"Bytes 0x1FFD-0x1FFF = 56 56 53 unlock the CoroCoro content (""565653"" ~ CoroCoro-Comi(c)); a ROM patch can write them at every boot",08:72E0-731B,60,organic,95,95,100,code,disassembly + emulator,"Counts matches against the constant at 08:7319; >= 2 of 3 -> sets $D582 = 1, $D562 = $1E and REWRITES the three bytes (so a damaged tag self-repairs). Called from mode $19 state 0 (08:72B2).",C,
A04,"A. Unlock-gated content (credits, CoroCoro, Album B, unlockable stamps and games)",CoroCoro second copyright screen,A second copyright screen crediting the authors of the featured mangas is displayed after the Creatures and Game Freak copyrights,08:72B7-72DF 21:6BC0-71BF,1577,organic,100,100,100,data,screenshot with the tag,"EXECUTED with the tag (08:72B7-72DF loads 21:6BC0, $600 B, then waits). Screenshot shows the two manga credits.",C,shots/boot_with_corocoro_tag.png shots/boot_normal.png
A05,"A. Unlock-gated content (credits, CoroCoro, Album B, unlockable stamps and games)",CoroCoro stamps: 10 stamps + category icon,"Ten stamps and the icon, located after the Pokémon stamps",2B:4000-52BF,4800,organic,100,100,100,data,"stamp table 04:5337 (category 3 = 2B:4000, 10 stamps of 5x6 tiles)",RETRIEVED. The whole category is skipped unless $D582 = 1 (04:59AB-59D0).,C,assets/stamps_rom/sheet_cat3_corocoro.png shots/stamps_category3_corocoro.png
A06,"A. Unlock-gated content (credits, CoroCoro, Album B, unlockable stamps and games)",Wild frames 07 and 08,"""Wild Frames"" 07 and 08, selectable while printing a photo",33:5000-7FFF,12288,mostly organic,75,73,75,data,ROM tiles (20 tiles wide) + emulator,"RETRIEVED: 07 = CoroCoro ""おっぱ…"" manga frame, 08 = Bakusou Kyoudai Let's & Go!! MAX frame. Page count of the wild-frame screen is 6, or 8 with $D582 (08:52E0-52E7).",C,assets/wild_frames/wild_07_rom_0CD000_20x19tiles.png assets/wild_frames/wild_08_rom_0CE800_20x19tiles.png shots/wild_frames_01_08_corocoro_save.png
A07,"A. Unlock-gated content (credits, CoroCoro, Album B, unlockable stamps and games)",Album B pictures B25-B30 (six CoroCoro pictures on page B4),"Six new photos can be accessed from Album B, after all the other B pictures on page B4",3C:6000-7FFF 3D:4000-7FFF,24576,organic,99,98,99,data,ROM (128x112 2bpp at 0xDA000 + i*0x1000) + CoroCoro-tag save,RETRIEVED; organic with the tag.,C,assets/albumB/albumB_all.png shots/album_pages_A1_to_B4.png
A08,"A. Unlock-gated content (credits, CoroCoro, Album B, unlockable stamps and games)",Album B pictures B01-B24 (stock; B17-B24 gated by the unlock counters),"Pre-loaded pictures (regional table in ""Album B"")",36:6000-7FFF 37:4000-7FFF 38:4000-7FFF 39:4000-7FFF 3A:4000-7FFF 3B:4000-7FFF 3C:4000-5FFF,98304,organic,99,98,99,data,ROM + unlocking save,RETRIEVED (30 PNG + thumbnails). B17-B24 = photo numbers $2E-$35; thresholds from the settings shadow $DA96-$DAAB (README §2 and §3.2).,C,assets/albumB
A09,"A. Unlock-gated content (credits, CoroCoro, Album B, unlockable stamps and games)","Pokémon stamps (category 2, 20 stamps)","First 10 stamps available from the start, last 10 unlocked by scoring 500 points in Ball",2C:6000-7F3F,8000,organic,100,100,100,data,ROM table + code (04:5827-5832),"RETRIEVED (20). Unlock is gradual: page limit $D642 = min($DAA5, 5) + 4 ($DAA5 = hundreds byte of the Ball record, SRAM 10CA), so +1 page (2 stamps) per 100 points up to 500; TCRF end points (10 / 20) confirmed.",C,assets/stamps_rom/sheet_cat2_pokemon.png shots/stamps_category2_pokemon.png
A10,"A. Unlock-gated content (credits, CoroCoro, Album B, unlockable stamps and games)","All 17 stamp categories (faces, kana, kanji, letters, symbols...)","Stamp differences (small faces, big stamps, symbols)",2C:4000-7FFF 2D:4000-7FFF 2E:4000-7FFF 2F:4000-7FFF 30:4000-7FFF,81920,mostly organic,93,81,93,data,palette captures of every category (stamp_atlas.py),RETRIEVED as screenshots (17 sheets).,C,assets/stamps/sheet_cat00.png ... sheet_cat16.png
A11,"A. Unlock-gated content (credits, CoroCoro, Album B, unlockable stamps and games)",Photo frames No.01-18,Frames (Normal),34:4000-7FFF 35:4000-7FFF,32768,organic,99,92,99,data,"frame chooser (mode $09 state 9, frame_atlas.py)",RETRIEVED: 18 borders; the chooser has no hidden number beyond 18.,C,assets/frames/sheet_frames_all.png
A12,"A. Unlock-gated content (credits, CoroCoro, Album B, unlockable stamps and games)",Wild frames 01-06,Tall frames that can only be selected when printing a picture,31:4000-7FFF 32:4000-7FFF 33:4000-4FFF,36864,mostly organic,85,73,85,data,ROM tiles + emulator,"RETRIEVED: 01 Mario & Luigi, 02 Pokémon (Red on a bicycle), 03 Pocket Camera logo, 04 Yoshi, 05 Pokémon (Blastoise), 06 Pokémon (Pikachu & Clefairy).",C,assets/wild_frames shots/wild_frames_normal_save_only_01_06.png
A13,"A. Unlock-gated content (credits, CoroCoro, Album B, unlockable stamps and games)",Space Fever II unlocks: D.J. (mode $1F),Games; D.J. selectable after beating bosses,05:4000-74CB,13516,partly organic,83,38,100,code,emulator (shot target selects the game: 07:5AFA),"EXECUTED (mode $1F, 05:4000-74CB). Every byte of the range is executed or read (the non-executed share is tables).",C (selection) / I (game name),work/dj_atlas
A14,"A. Unlock-gated content (credits, CoroCoro, Album B, unlockable stamps and games)",Ball (mode $20),Ball = remake of the Game & Watch game,05:74CC-7FFF,2868,mostly organic,84,84,100,code,emulator,EXECUTED organically.,C (code) / I (name),
A15,"A. Unlock-gated content (credits, CoroCoro, Album B, unlockable stamps and games)",Run!Run!Run! (mode $21),Unlockable button-masher: bird vs mole,09:5FE3-7FFF,8221,partly organic,45,31,100,code,emulator,"EXECUTED (09:5FE3-7FFF); only 45 % of the bytes are executed instructions, the remainder are tables read as data (100 % executed-or-read); organic coverage of the executed part is low (31 %), so some states of this game were only reached by forced runs.",C (code) / I (name),
A16,"A. Unlock-gated content (credits, CoroCoro, Album B, unlockable stamps and games)",Erase-all-saved-data screen,"Hold Select and Start upon booting for a menu to delete all SRAM; A to confirm, B to cancel",0F:7B00-7FFF 25:7A60-7C9F,1856,organic,100,100,100,data,catalog (09:5F54) + screenshot,EXECUTED at boot with Select+Start; screenshot composed from the ROM blocks.,C,assets/screens/09_jr_009_5f54_map9800_src25_7a60.png
B01,"B. TCRF ""Unused"" sections (music, graphics, hot-spot effects, code)","Title-music Game Genie codes (JP ??3-B48-E6E, ??4-388-E6E)","Replace the title screen music with the value of ""??""",08:73B4-73B6 08:7438-743A,6,organic,100,100,100,code,GG decode + ROM bytes,"VERIFIED: the patched byte is the operand of `ld a,$01 ; call $2a88` at 08:73B4 and 08:7438 (song request 1).",C,
B02,"B. TCRF ""Unused"" sections (music, graphics, hot-spot effects, code)",Song 0x31: two beeps in the prelude,The prelude has two subtle beeping noises that are never heard in normal play,1F:7321-73D3,179,mostly organic,100,83,100,data,song table 1F:57C6,Song data fully read (caller 07:557C). The audible beeps are not re-checked by ear.,C / ?,
B03,"B. TCRF ""Unused"" sections (music, graphics, hot-spot effects, code)",Song 0x45: photo-deletion music lasts 0.9 s longer than heard,Plays endlessly with the codes,1F:5A96-5B1E,137,organic,100,91,100,data,song table,Song fully read (caller 04:5047); the 0.9 s is not measured.,C / ?,
B04,"B. TCRF ""Unused"" sections (music, graphics, hot-spot effects, code)",Songs 0x01 and 0x1E: same title music,May be exactly the same song,1F:6874-6A3F,460,organic,100,100,100,data,song table,"The two table entries hold the SAME pointer ($6874): identical data. Boot uses 0x01 (08:73B5, 08:7439).",C,
B05,"B. TCRF ""Unused"" sections (music, graphics, hot-spot effects, code)",Hot-spot effect icons (8 extra) and GG 0FD-199-F76 (JP),"Eight additional icons, only two with unique effects; ""S"" icon = wave, the rest = quick page flip",1C:58A0-5C9F 03:655D-69F4,2200,partly organic,100,39,100,data,tiles 1C:58A0-5C9F + dispatch table 03:655D,"GG verified: raises `ld d,$07` (03:6D18) to $0F. The table at 03:655D has 17 entries (index = effect + 1): effects 0-7 have eight distinct handlers (03:6642, 66AF, 66DC, 67D5, 6801, 6838, 68A4, 6901) and effects 8-15 ALL point to 03:6983, one raster routine that never tests the effect number, so the TCRF claim ""S icon = wave, the rest = page flip"" is not visible in the code (?). Re-run with an armed hot spot (WRAM poke of D643-D65C) and a real A press: effects 0-8 each executed their handler (tools/hotspot_effects.py); none of them ran in the v8 organic runs because the pointer never sat on an armed hot spot (03:6450 hit path: forced only). Icons rendered.",C / ?,assets/hotspot
B06,"B. TCRF ""Unused"" sections (music, graphics, hot-spot effects, code)",Unused G letter and hand animation in the album tiles,Unused G letter and hand animation,13:5810-582F 13:5C00-5F9F,960,organic,100,100,100,data,tile render (rendered sheet),"LOCATED: letters ""B G"" at 13:5810, hand gestures at 13:5C00-5F9F (read as a block by the album loader; the extra frames are never displayed).",I,assets/unused/located_items.png
B07,"B. TCRF ""Unused"" sections (music, graphics, hot-spot effects, code)",Unused B film roll in print + unused Japanese text,Film roll suggesting printing B photos with margin,18:5990-59AF 18:5A50-5AAF 18:5C70-5D0F 18:5F90-604F,480,organic,100,100,100,data,tile render + catalog (08:484B),"LOCATED: film strip with a B at 18:5A50, digits 0-9 at 18:5C70, outlined text at 18:5F90.",I,assets/unused/located_items.png
B08,"B. TCRF ""Unused"" sections (music, graphics, hot-spot effects, code)",Two unused main-menu tiles; JP-only unknown tile,Two unused tiles in the main-menu bank; an unknown tile found only in the Japanese version,15:4480-457F,256,organic,100,100,100,data,tile render,"JP-only tile = a circled X, with three identical copies at 15:4480 / 4500 / 4580 (loaded, never shown) (I). The two placeholder tiles: only candidates (?).",I / ?,assets/unused/located_items.png
B09,"B. TCRF ""Unused"" sections (music, graphics, hot-spot effects, code)","""Cannot combine same picture"" graphic",In both versions; the Compose option rejects combining a picture with itself,0D:4000-403F 0D:4050-412F 0D:4140-425F,576,organic,100,100,100,data,tile render,"LOCATED at 0D:4000-425F (white-on-black Japanese text, never displayed). The exact words are not reliably readable from my render (?).",I,assets/unused/located_items.png
B10,"B. TCRF ""Unused"" sections (music, graphics, hot-spot effects, code)",Four kanji 中 / 前 / 後 / 持,"""Middle"", ""Before"", ""After"", ""Have"": the middle two reappear later with the hot-spot graphics",1C:54A0-54FF 1C:55A0-55FF,192,organic,100,100,100,data,tile render,前 and 後 located at 1C:54A0-55FF (next to an OK tile); 中 and 持 NOT located (?).,I / ?,assets/unused/located_items.png
B11,"B. TCRF ""Unused"" sections (music, graphics, hot-spot effects, code)","Unused icon and tile in the photo-option bank; ""B CANCEL""",An unused icon and tile in the photo option bank,0C:7A20-7A3F 0C:7A60-7ACF,144,organic,100,100,100,data,tile render,"Candidates only: circled B at 0C:7A20, a short lettering strip at 0C:7A60. The unused icon and tile themselves: not identified (?).",I / ?,assets/unused/located_items.png
B12,"B. TCRF ""Unused"" sections (music, graphics, hot-spot effects, code)",Poorly drawn X after the Magic menu graphics,Only present in the international release,-,0,n/a,,,,data,JP ROM,Not expected in the JP ROM; the circled X at 15:4480 is another thing.,?,
B13,"B. TCRF ""Unused"" sections (music, graphics, hot-spot effects, code)",Several unused hand gestures along the album bank selection hands,Unused hand gestures,13:5C00-5F9F,928,organic,100,100,100,data,tile render,See B06.,I,assets/unused/located_items.png
B14,"B. TCRF ""Unused"" sections (music, graphics, hot-spot effects, code)",D.J.: unknown tile that looks like katakana め,Unknown tile in the DJ minigame,-,0,n/a,,,,data,census,NOT located (?).,?,
B15,"B. TCRF ""Unused"" sections (music, graphics, hot-spot effects, code)",Printer: wave pattern that does not print with the song data,Wave pattern,-,0,n/a,,,,data,census,NOT located (?).,?,
B16,"B. TCRF ""Unused"" sections (music, graphics, hot-spot effects, code)",Unused Graphic Bank 11: hand flipping through a newspaper,Completely unused graphic bank,-,0,n/a,,,,data,bank views (2bpp and 4bpp) + coverage,"NOT located. Bank $0B holds the Super Game Boy data (never-read tail 0B:42C6-4897 etc.); in 2bpp and 4bpp views it looks like border tile data, not a picture; bank $11 is fully read. Which bank TCRF means by ""11"" is unresolved (?).",?,
B17,"B. TCRF ""Unused"" sections (music, graphics, hot-spot effects, code)",Erase All Saved Data? screen,"Text caption for deleting all saved data ""and more""",0F:7B00-7FFF,1280,organic,100,100,100,data,same as A16,"The JP caption is a live screen. The ""and more"" is not identified (?).",C / ?,assets/screens/09_jr_009_5f54_map9800_src25_7a60.png
B18,"B. TCRF ""Unused"" sections (music, graphics, hot-spot effects, code)",R!R!R! star (candidate from my census),-,-,0,n/a,,,,data,census,"NOT located. 21:4AC0 is the circled-X tile, not a star.",?,
C01,"C. TCRF ""Regional Differences"": what the Japanese side shows",Boot/title (name and dancing Mario changed in intl.),Name and dancing Mario changed for the international releases,08:723E-7600,963,mostly organic,73,73,100,code,screenshots,"EXECUTED (boot logo, Pocket Camera title).",C,shots/boot_normal.png
C02,"C. TCRF ""Regional Differences"": what the Japanese side shows","Main menu: Pocket Camera logo, speech bubbles, みる / とる order","Logo removed, SHOOT/VIEW swapped, no bubbles in intl.",07:71AF-7800,1618,organic,98,98,100,code,atlas,EXECUTED; main-menu screenshots 00:01-00:07.,C,work/atlas_modes/sheet_00.png
C03,"C. TCRF ""Regional Differences"": what the Japanese side shows","""SPORADIC VACUUM"" lettering on the View screen",Developer nickname removed from intl.,12:7400-75FF,512,organic,100,100,100,data,atlas 02:xx,The View screen band is garbled in my core; 12:7400-75FF is a candidate only (?; possible core tile-streaming bug).,?,work/atlas_modes/sheet_00.png
C04,"C. TCRF ""Regional Differences"": what the Japanese side shows","Owner screen ""OWNER NAME"", user ID PC-xxxxxxxx + blood type, REPORT, SCORE","OWNER NAME -> USER NAME, REPORT -> RECORD, SCORE -> HI-SCORE, PC- -> GC-, JP records the blood type",09:4883-5200,2430,organic,93,93,100,code,atlas 08:01-08:10,"EXECUTED; seen: OWNER NAME, PC-00912730, blood type entry, REPORT (5 counters), SCORE (S.F.HI-SCORE / BALL HI-SCORE / RUN!RUN!RUN! 99:99). The ""STAFF ROLL"" label was not seen in my screenshots (?).",C / ?,work/atlas_modes/sheet_01.png
C05,"C. TCRF ""Regional Differences"": what the Japanese side shows",ACCESS menu (JP anime art; LINK in intl.),Menu completely changed in intl.; ACCESS -> LINK,-,0,n/a,,,,code,atlas 06:01,"Seen: ""ACCESS"", castle and プリント / こうかん bubbles.",C,work/atlas_modes/sheet_01.png
C06,"C. TCRF ""Regional Differences"": what the Japanese side shows",Printer syringe image,Syringe changed to a Game Boy Printer image,-,0,n/a,,,,data,screens,Not individually identified among my composed screens (?).,?,
C07,"C. TCRF ""Regional Differences"": what the Japanese side shows","Print-option text (LINE/PHOTOS, POCKET PRINTER, CANCEL, margin, TOTAL)",Texts edited in intl.,-,0,n/a,,,,data,composed screen 08:484B,Composed screen retrieved; individual JP words are not transcribed (I).,I,assets/screens/08_Call_008_484b_map9800_src26_57c0.png
C08,"C. TCRF ""Regional Differences"": what the Japanese side shows","Printing screen: big ""Love"" + タマノリブー","""Love"" graphic and Tamanoripu name removed in intl.",1B:7100-78FF 1B:7900-7F4F 26:5C40-5E7F,4240,forced-only,100,0,100,data,composed screen 00:3391,"RETRIEVED. The screen only runs while printing; ""forced-only"" describes my runs, not reachability.",C,assets/screens/00_jr_000_3391_map9800_src26_5c40.png
C09,"C. TCRF ""Regional Differences"": what the Japanese side shows","Transfer stand-by: inverted ukiyo-e + ""アイデアがいっぱい"" + first Nintendo logo",Intl: Peach and Wario (Mario Kart 64),15:6C00-73FF 15:7400-7AFF 15:7C00-7FFF 24:5180-53BF,5440,organic,100,100,100,data,composed screen 07:44F4 / 07:4645,"RETRIEVED. The ""データ転送中"" TV (00:305F) is a second screen of the link transfer.",C,assets/screens/07_Call_007_4645_map9800_src24_5180.png assets/screens/00_Jump_000_305f_map9800_src25_63e0.png
C10,"C. TCRF ""Regional Differences"": what the Japanese side shows","Special menu: ピクトリップ / ごうせい with stone lantern and doll ""Happy?""",Menu image changed to Mario in a kart; PICTRIP -> HOT-SPOT; Compose,-,0,n/a,,,,code,atlas 03:01,"Seen on the screenshot of mode 03 state 01 (lantern, doll, ごうせい).",C,work/atlas_modes/sheet_00.png
C11,"C. TCRF ""Regional Differences"": what the Japanese side shows","Pre-loaded Album B pictures (Hanafuda art, Midsummer/Congratulations, ""Please wait"", girl and rabbit phone, ""What the...?!"", Judge, Tamanoripu, Pokémon x3)",Rearranged for intl.; JP exclusives listed,36:6000-7FFF 37:4000-7FFF 38:4000-7FFF 39:4000-7FFF 3A:4000-7FFF 3B:4000-7FFF 3C:4000-5FFF,98304,organic,99,98,99,data,ROM,"All present among B01-B30: B07 おめでとう/暑中お見舞い, B08 しばらくお待ち下さい, B11 girl and rabbit, B12 なんと…, B17 Judge, B19 Tamanoripu, B22-B24 Pokémon.",C,assets/albumB/albumB_all.png
C12,"C. TCRF ""Regional Differences"": what the Japanese side shows","D.J. screen text (JP ""TRIPY-H"", ""FEQ."")","Intl: TRIPPY-H, FRQ.",-,0,n/a,,,,data,atlas 05:xx,The D.J. screens are captured; the exact JP strings are not transcribed yet (?).,?,work/dj_atlas
C13,"C. TCRF ""Regional Differences"": what the Japanese side shows","Pokémon frames (JP wild frames 02, 05, 06)","Red on a bicycle, Blastoise, Pikachu & Clefairy (intl: replaced)",31:5800-6FFF 32:6000-7FFF 33:4000-4FFF,18432,mostly organic,78,73,78,data,ROM,"RETRIEVED: wild frames 02, 05, 06.",C,assets/wild_frames
C14,"C. TCRF ""Regional Differences"": what the Japanese side shows","Stamps: JP symbols 〒 / $ / ¥ / ☎ and the particles / pointing glove / check / ""look!"" stamps","Intl removed 〒 and ¥ (added ¢ £), and replaced four stamps by faces + ©",-,0,n/a,,,,data,stamp category 16 (stamp_atlas.py),"Seen in category 16 (zero-based cursor index): items 16-19 = 〒 $ ¥ ☎; items 45-48 = particles, pointing glove, check, look-look (visual match).",I,assets/stamps/sheet_cat16.png
C15,"C. TCRF ""Regional Differences"": what the Japanese side shows",Hot-spot (PICTRIP) editor header,PICTRIP -> HOT-SPOT,-,0,n/a,,,,data,composed screen 03:6A4C,"JP header ""ピクトリップ"" seen.",C,assets/screens/03_jr_003_6a4c_map9800_src24_6620.png
C16,"C. TCRF ""Regional Differences"": what the Japanese side shows",Hot-spot: B pressed during a song keeps the music playing (JP only),The music keeps playing outside the hot-spot menu in JP,-,0,n/a,,,,code,-,NOT examined: needs a sound-state trace (?).,?,
C17,"C. TCRF ""Regional Differences"": what the Japanese side shows",Hot-spot on Album B pictures: only the exit menu,GameShark 01?? D8D5 ID 1E-3B,04:408F-40CE,64,organic,100,95,100,code,WRAM map,$D5D8 is the album photo index; stock pictures are >= $1E (many `cp $1E` in bank 4); the code `D8D5` = address $D5D8 (C). The exit-only menu itself: not re-traced (?).,C / ?,
C18,"C. TCRF ""Regional Differences"": what the Japanese side shows",Error faces,Two of the three faces changed in intl.,-,0,n/a,,,,data,atlas 09:0C,"Two faces seen (mustache, 09:0C); the third is not identified (?).",C / ?,work/atlas_modes/sheet_02.png
C19,"C. TCRF ""Regional Differences"": what the Japanese side shows",Credits intro animation (JP: dancer; intl: scenes from Sheriff),Changed for the international versions,-,0,n/a,,,,code,atlas 08:17,JP shows a dancer (credits_normal_dancer.png). A comparison with the international ROM is not possible here.,C,shots/credits_normal_dancer.png
C20,"C. TCRF ""Regional Differences"": what the Japanese side shows",Super Game Boy border (Pocket Camera logo),Logo changed accordingly,0B:4000-7FFF,16384,forced-only,63,0,63,data,screenshot,SGB data bank 0B; the tail never read is border tile data that my core does not request without a full SGB handshake.,C / I,shots/sgb_border_jp.png
