file,caller_bank,caller_label,map_dst,map_src_bank,map_src,tiles_hit,tiles_total,lcdc4_mode
00_Jump_000_305f_map9800_src25_63e0.png,00,Jump_000_305f,38912,25,63e0,576,576,s
00_jr_000_3391_map9800_src26_5c40.png,00,jr_000_3391,38912,26,5c40,576,576,s
03__map9800_src22_6b40.png,03,,38912,22,6b40,1024,1024,u
03_jr_003_4e5e_map9800_src22_6b40.png,03,jr_003_4e5e,38912,22,6b40,1024,1024,u
03_jr_003_529c_map9800_src22_6b40.png,03,jr_003_529c,38912,22,6b40,1024,1024,u
03_Jump_003_5fb6_map9800_src23_48c0.png,03,Jump_003_5fb6,38912,23,48c0,576,576,s
03_jr_003_6351_map9800_src3f_7d00.png,03,jr_003_6351,38912,3f,7d00,176,576,u
03_jr_003_6a4c_map9800_src24_6620.png,03,jr_003_6a4c,38912,24,6620,176,704,u
03_jr_003_7689_map9800_src23_44c0.png,03,jr_003_7689,38912,23,44c0,1024,1024,u
03_jr_003_7689_map9C00_src22_6340.png,03,jr_003_7689,39936,22,6340,1024,1024,u
03_jr_003_78e7_map9800_src23_7b00.png,03,jr_003_78e7,38912,23,7b00,576,576,u
03_Call_003_7a85_map9800_src27_4870.png,03,Call_003_7a85,38912,27,4870,576,576,u
03_jr_003_7c22_map9800_src25_6f20.png,03,jr_003_7c22,38912,25,6f20,576,576,s
04__map9800_src24_54c0.png,04,,38912,24,54c0,576,576,u
04_jr_004_4685_map9800_src24_54c0.png,04,jr_004_4685,38912,24,54c0,576,576,u
04_jr_004_46e8_map9800_src24_54c0.png,04,jr_004_46e8,38912,24,54c0,576,576,u
04_jr_004_4a7a_map9800_src23_54c0.png,04,jr_004_4a7a,38912,23,54c0,848,1024,u
04_jr_004_5758_map9800_src25_4dc0.png,04,jr_004_5758,38912,25,4dc0,481,704,u
04_jr_004_609b_map9800_src24_7120.png,04,jr_004_609b,38912,24,7120,490,704,u
04_Call_004_67f7_map9800_src24_7c20.png,04,Call_004_67f7,38912,24,7c20,184,704,u
05_jr_005_405e_map9800_src26_6780.png,05,jr_005_405e,38912,26,6780,576,576,u
05_Call_005_434f_map9800_src22_7b40.png,05,Call_005_434f,38912,22,7b40,984,1024,u
05_jr_005_452b_map9800_src23_68c0.png,05,jr_005_452b,38912,23,68c0,704,704,s
05_jr_005_7516_map9800_src24_4480.png,05,jr_005_7516,38912,24,4480,576,576,s
05_jr_005_7765_map9800_src22_7740.png,05,jr_005_7765,38912,22,7740,984,1024,u
05_jr_005_7765_map9C00_src22_5f40.png,05,jr_005_7765,39936,22,5f40,1024,1024,u
05_jr_005_795d_map9800_src23_4cc0.png,05,jr_005_795d,38912,23,4cc0,1024,1024,u
06__map9800_src25_6620.png,06,,38912,25,6620,572,576,s
06_jr_006_415a_map9800_src25_6aa0.png,06,jr_006_415a,38912,25,6aa0,566,576,s
06_jr_006_44cb_map9800_src25_73a0.png,06,jr_006_44cb,38912,25,73a0,576,576,s
06_jr_006_44cb_map9800_src25_73a0.png,06,jr_006_44cb,38912,25,73a0,576,576,s
06_jr_006_496c_map9800_src26_6e40.png,06,jr_006_496c,38912,26,6e40,156,576,u
06_jr_006_4c96_map9800_src24_68e0.png,06,jr_006_4c96,38912,24,68e0,456,576,s
06_jr_006_5944_map9800_src16_7d80.png,06,jr_006_5944,38912,16,7d80,576,576,s
06_jr_006_5e44_map9800_src25_47c0.png,06,jr_006_5e44,38912,25,47c0,428,704,u
06_jr_006_7235_map9800_src25_47c0.png,06,jr_006_7235,38912,25,47c0,428,704,u
07__map9800_src23_7780.png,07,,38912,23,7780,576,576,u
07_jr_007_43b5_map9800_src27_44b2.png,07,jr_007_43b5,38912,27,44b2,282,704,u
07_Jump_007_44f4_map9800_src24_5180.png,07,Jump_007_44f4,38912,24,5180,360,576,s
07_Call_007_4645_map9800_src24_5180.png,07,Call_007_4645,38912,24,5180,360,576,s
07_jr_007_474f_map9800_src27_44b2.png,07,jr_007_474f,38912,27,44b2,282,704,u
07_Call_007_4af9_map9800_src26_5340.png,07,Call_007_4af9,38912,26,5340,576,576,s
07_Call_007_4b5e_map9800_src26_6540.png,07,Call_007_4b5e,38912,26,6540,576,576,s
07_jr_007_4bf3_map9800_src24_54c0.png,07,jr_007_4bf3,38912,24,54c0,576,576,u
07_jr_007_538a_map9800_src23_64c0.png,07,jr_007_538a,38912,23,64c0,360,576,s
07_jr_007_54de_map9800_src25_55c0.png,07,jr_007_54de,38912,25,55c0,576,576,s
07_jr_007_7043_map9800_src27_4470.png,07,jr_007_7043,38912,27,4470,304,704,u
07_Call_007_7885_map9800_src26_5a00.png,07,Call_007_7885,38912,26,5a00,339,576,u
08__map9800_src25_7ca0.png,08,,38912,25,7ca0,576,576,s
08_jr_008_415b_map9800_src24_6ba0.png,08,jr_008_415b,38912,24,6ba0,516,704,u
08_Call_008_484b_map9800_src26_57c0.png,08,Call_008_484b,38912,26,57c0,576,576,s
08_jr_008_7034_map9800_src3f_7280.png,08,jr_008_7034,38912,3f,7280,665,1024,s
08_jr_008_7034_map9800_src26_69c0.png,08,jr_008_7034,38912,26,69c0,378,576,s
08_jr_008_73be_map9800_src3f_7280.png,08,jr_008_73be,38912,3f,7280,351,1024,s
09_Call_009_4272_map9800_src21_7cc0.png,09,Call_009_4272,38912,21,7cc0,576,576,s
09_jr_009_48d4_map9800_src26_5100.png,09,jr_009_48d4,38912,26,5100,576,576,u
09_jr_009_49be_map9800_src24_5ae0.png,09,jr_009_49be,38912,24,5ae0,576,576,s
09_jr_009_4ae4_map9800_src23_73e0.png,09,jr_009_4ae4,38912,23,73e0,230,576,s
09_jr_009_4ae4_map9800_src26_6300.png,09,jr_009_4ae4,38912,26,6300,268,576,s
09_jr_009_4ae4_map9800_src25_5d20.png,09,jr_009_4ae4,38912,25,5d20,318,576,s
09_Jump_009_4d86_map9800_src1c_7c60.png,09,Jump_009_4d86,38912,1c,7c60,576,576,s
09_jr_009_4e59_map9800_src26_72c0.png,09,jr_009_4e59,38912,26,72c0,576,576,s
09_jr_009_5f54_map9800_src25_7a60.png,09,jr_009_5f54,38912,25,7a60,360,576,s
09_jr_009_6033_map9800_src25_5f60.png,09,jr_009_6033,38912,25,5f60,576,576,u
09_jr_009_612d_map9800_src22_7340.png,09,jr_009_612d,38912,22,7340,984,1024,u
09_jr_009_612d_map9C00_src25_61a0.png,09,jr_009_612d,39936,25,61a0,576,576,u
09_jr_009_6419_map9800_src26_6c00.png,09,jr_009_6419,38912,26,6c00,396,576,s
09_jr_009_6419_map9C00_src22_7340.png,09,jr_009_6419,39936,22,7340,960,1024,u
