new_bank,writer_bank,writer_pc,count,count_organic
00,00,039C,3888952,2571724
00,00,03A9,192254462,131854939
00,00,045D,2475,2235
00,00,0469,76446,0
00,00,0475,81988,33489
00,00,0593,16,0
00,00,05AB,932,0
00,00,05AE,916,0
00,00,05B1,920,0
00,00,05B4,1204,0
00,00,0605,73658,42994
00,00,062D,29005,0
00,00,062F,29318,0
00,00,0631,28982,0
00,00,0634,29547,0
00,00,0637,28642,0
00,00,063A,29668,0
00,00,08BD,19128,17159
00,00,08CA,42791,0
00,00,08D7,1636112,1188019
00,00,0AD3,1557340,842382
00,00,0ADD,2398899,1199530
00,00,0B03,34257,0
00,00,0B0E,330,0
00,00,0B20,802,0
00,00,0B30,8766,0
00,00,1CDA,26965,26120
00,00,1FBF,40601,39230
00,00,1FCD,210,0
00,00,1FED,4770,0
00,00,1FF9,49140,0
00,00,200C,30,0
00,00,2033,8426,8288
00,00,2098,1,0
00,00,20A9,49460,47950
00,00,20B6,579,0
00,00,20B8,579,0
00,00,20EC,13433,0
00,00,20F7,13491,0
00,00,2102,143235,0
00,00,210A,143217,0
00,00,211E,579,0
00,00,2122,579,0
00,00,2139,2,0
00,00,216B,2,0
00,00,24EA,33859378,21038910
00,00,266B,142,138
00,00,2A33,13486,13060
00,00,2A47,191201232,131802723
00,00,31FF,15040,0
00,00,3210,19252,0
00,00,3226,42566,0
00,00,3245,69326,7965
00,00,325B,164,0
00,00,32D7,196845,184790
00,00,46DB,22,0
00,00,46DD,22,0
00,00,46DF,22,0
00,00,46E5,22,0
00,00,46E8,22,0
00,00,46EB,22,0
00,00,46EE,22,0
00,00,5FF9,4,0
01,00,0191,13492,13060
01,00,0231,3506,2562
01,00,03A9,19964,0
01,00,045D,10,0
01,00,0469,9541,0
01,00,05AB,260,0
01,00,05AE,232,0
01,00,05B1,180,0
01,00,05B4,228,0
01,00,0605,2,0
01,00,062D,1210,0
01,00,062F,1687,0
01,00,0631,1148,0
01,00,0634,1571,0
01,00,0637,1607,0
01,00,063A,1333,0
01,00,08D7,3224,2304
01,00,0AD3,16,0
01,00,0ADD,6,0
01,00,0B03,5288,0
01,00,0B0E,248,0
01,00,0B20,351,0
01,00,0B30,344,0
01,00,1FED,1350,0
01,00,200C,30,0
01,00,20EC,4050,0
01,00,20F7,3728,0
01,00,216B,2,0
01,00,24A7,143097182,63711600
01,00,24C0,161816233,110193365
01,00,24EA,7,0
01,00,2A33,3393,2455
01,00,2A47,41990,7754
01,00,325B,27,0
02,00,03A9,5766,0
02,00,045D,17,0
02,00,0469,6481,0
02,00,0475,111548,50148
02,00,05AB,188,0
02,00,05AE,120,0
02,00,05B1,136,0
02,00,05B4,188,0
02,00,0605,69,0
02,00,062D,557,0
02,00,062F,358,0
02,00,0631,1073,0
02,00,0634,629,0
02,00,0637,623,0
02,00,063A,487,0
02,00,08CA,2474229,784266
02,00,08D7,1143292,380670
02,00,0AD3,17,0
02,00,0ADD,121,0
02,00,0B03,1767,0
02,00,0B20,598,0
02,00,0B30,23104,0
02,00,1FED,750,0
02,00,20EC,2466,0
02,00,20F7,2695,0
02,00,2475,23869783,16002006
02,00,248E,180416768,122149621
02,00,251B,926975,50680
02,00,266B,5,0
02,00,2A47,1340667,716431
02,00,325B,27,0
03,00,039C,32770821,22655863
03,00,03A9,9642,0
03,00,045D,2,0
03,00,0469,5817,0
03,00,0475,230227,97932
03,00,05AB,136,0
03,00,05AE,116,0
03,00,05B1,168,0
03,00,05B4,128,0
03,00,0605,370,0
03,00,062D,805,0
03,00,062F,882,0
03,00,0631,972,0
03,00,0634,1194,0
03,00,0637,1182,0
03,00,063A,1192,0
03,00,065D,147728,73903
03,00,067F,359731,306711
03,00,069B,342034,138913
03,00,08D7,4969477,3237395
03,00,0AD3,20,0
03,00,0ADD,99,0
03,00,0B03,3636,0
03,00,0B20,8,0
03,00,1188,32,0
03,00,1244,6,0
03,00,134C,8,0
03,00,1662,4,0
03,00,176B,2,0
03,00,1FED,660,0
03,00,200C,60,0
03,00,20EC,2079,0
03,00,20F7,1895,0
03,00,24EA,55933942,37434871
03,00,271E,4117,3177
03,00,272C,3058,2509
03,00,2A47,5375969,2140374
03,00,325B,27,0
04,00,039C,59106628,47332731
04,00,045D,21194,18012
04,00,0469,5469,0
04,00,0475,321320,111413
04,00,05AB,124,0
04,00,05AE,112,0
04,00,05B1,108,0
04,00,05B4,160,0
04,00,0605,2,0
04,00,062D,713,0
04,00,062F,587,0
04,00,0631,944,0
04,00,0634,824,0
04,00,0637,528,0
04,00,063A,586,0
04,00,065D,130074,123286
04,00,067F,5558459,3410270
04,00,069B,380620,181855
04,00,08CA,8121399,4082139
04,00,08D7,15760619,12424190
04,00,0ADD,13,0
04,00,0B03,3143,0
04,00,0B20,32,0
04,00,0E63,33212,22437
04,00,1188,90,0
04,00,1FED,750,0
04,00,2022,42698,41218
04,00,2098,26756,21700
04,00,20EC,2182,0
04,00,20F7,2255,0
04,00,2139,70519,63935
04,00,24EA,66567214,48273370
04,00,2A47,6033160,3370468
04,00,325B,27,0
05,00,039C,8014576,2892109
05,00,0469,4824,0
05,00,0475,1195364,14905
05,00,05AB,108,0
05,00,05AE,112,0
05,00,05B1,112,0
05,00,05B4,132,0
05,00,05DC,7364,2536
05,00,062D,513,0
05,00,062F,635,0
05,00,0631,529,0
05,00,0634,573,0
05,00,0637,576,0
05,00,063A,536,0
05,00,065D,2472,3
05,00,067F,20349,320
05,00,069B,5309,10
05,00,08CA,64501,14880
05,00,08D7,72380,13425
05,00,0AD3,736,0
05,00,0B03,1840,0
05,00,0B20,72,0
05,00,1188,217316,62
05,00,11D4,48705,0
05,00,1244,120546,62
05,00,1290,145475,0
05,00,130F,186916,62
05,00,134C,79105,0
05,00,1662,15914,0
05,00,1FED,660,0
05,00,20EC,2037,0
05,00,20F7,1898,0
05,00,24EA,55387202,13156253
05,00,2A47,501543,109643
05,00,325B,27,0
06,00,039C,20261079,14536619
06,00,0469,5650,0
06,00,0475,1563581,340288
06,00,05AB,176,0
06,00,05AE,112,0
06,00,05B1,116,0
06,00,05B4,136,0
06,00,0605,4,0
06,00,062D,528,0
06,00,062F,539,0
06,00,0631,669,0
06,00,0634,521,0
06,00,0637,519,0
06,00,063A,652,0
06,00,065D,8253,7353
06,00,067F,864768,614945
06,00,069B,615031,339692
06,00,08D7,4267603,2637499
06,00,0ADD,2,0
06,00,0B03,2058,0
06,00,0B20,56,0
06,00,0B30,678,0
06,00,15E1,68406,65485
06,00,1FED,870,0
06,00,200C,30,0
06,00,20EC,2464,0
06,00,20F7,2567,0
06,00,2166,2,0
06,00,24EA,42387423,31204371
06,00,27ED,35661,4342
06,00,2895,11725,1025
06,00,2A47,10185211,6630192
07,00,039C,33387648,19278515
07,00,03A9,1391,0
07,00,045D,4,0
07,00,0469,3854,0
07,00,0475,1161074,797011
07,00,05AB,68,0
07,00,05AE,88,0
07,00,05B1,104,0
07,00,05B4,96,0
07,00,05DC,147682,119392
07,00,0605,329,0
07,00,062D,434,0
07,00,062F,626,0
07,00,0631,773,0
07,00,0634,520,0
07,00,0637,566,0
07,00,063A,575,0
07,00,065D,334458,201821
07,00,067F,2985216,774485
07,00,069B,5980360,3819241
07,00,08CA,10106744,8828587
07,00,08D7,1466769,242810
07,00,0ADD,344,0
07,00,0B03,837,0
07,00,0B20,337,0
07,00,16F0,414,345
07,00,1FED,450,0
07,00,20EC,1509,0
07,00,20F7,1375,0
07,00,216B,2,0
07,00,24EA,155082577,90255960
07,00,266B,24,0
07,00,2A47,6931491,5336668
08,00,039C,16073183,9915870
08,00,0469,5238,0
08,00,0475,1934197,990353
08,00,04EF,56606,10581
08,00,057B,4664,3676
08,00,05AB,140,0
08,00,05AE,132,0
08,00,05B1,68,0
08,00,05B4,136,0
08,00,0605,2,0
08,00,062D,1007,0
08,00,062F,728,0
08,00,0631,919,0
08,00,0634,644,0
08,00,0637,1012,0
08,00,063A,638,0
08,00,065D,1890866,1357205
08,00,067F,97864,54594
08,00,069B,1897802,1334856
08,00,08CA,1553405,848825
08,00,08D7,1687456,630355
08,00,0AD3,931611,370706
08,00,0ADD,32065,13355
08,00,0B03,2131,0
08,00,0B20,335,0
08,00,1FED,840,0
08,00,20EC,2301,0
08,00,20F7,2075,0
08,00,24EA,16689592,9032959
08,00,271E,773,365
08,00,272C,184,92
08,00,2A47,6253143,4544770
08,00,3226,20934,7965
08,00,325B,27,0
09,00,039C,18928658,12672767
09,00,03A9,5046,0
09,00,0469,5837,0
09,00,0475,331592,158411
09,00,05AB,136,0
09,00,05AE,120,0
09,00,05B1,132,0
09,00,05B4,172,0
09,00,05DC,1096,786
09,00,0605,10,0
09,00,062D,627,0
09,00,062F,516,0
09,00,0631,742,0
09,00,0634,550,0
09,00,0637,771,0
09,00,063A,497,0
09,00,065D,5427,3392
09,00,067F,206782,33021
09,00,069B,12371935,10670221
09,00,08CA,6284793,4616129
09,00,08D7,159577,56750
09,00,0ADD,6,0
09,00,0B03,21530,0
09,00,0B20,380,0
09,00,0B30,2330,0
09,00,176B,5096,211
09,00,1FED,780,0
09,00,20EC,2303,0
09,00,20F7,2736,0
09,00,216B,2,0
09,00,24EA,83290083,61661155
09,00,257C,927452,50680
09,00,2A47,3032805,1910423
0A,00,0469,2675,0
0A,00,0475,640,640
0A,00,05AB,72,0
0A,00,05AE,88,0
0A,00,05B1,36,0
0A,00,05B4,44,0
0A,00,05DC,337,32
0A,00,0605,79,0
0A,00,062D,454,0
0A,00,062F,337,0
0A,00,0631,356,0
0A,00,0634,418,0
0A,00,0637,432,0
0A,00,063A,206,0
0A,00,08CA,2625875,1684148
0A,00,08D7,38725,33683
0A,00,0AD3,15,0
0A,00,0ADD,111,0
0A,00,0B03,657,0
0A,00,0B20,2,0
0A,00,0B30,4816,0
0A,00,1FED,360,0
0A,00,20EC,1006,0
0A,00,20F7,1117,0
0A,00,2A47,9421940,3325095
0B,00,0469,8921,0
0B,00,05AB,260,0
0B,00,05AE,212,0
0B,00,05B1,248,0
0B,00,05B4,168,0
0B,00,062D,776,0
0B,00,062F,874,0
0B,00,0631,814,0
0B,00,0634,928,0
0B,00,0637,789,0
0B,00,063A,904,0
0B,00,08D7,2,0
0B,00,0AD3,12,0
0B,00,0B03,4097,0
0B,00,0B0E,18,0
0B,00,0B20,48,0
0B,00,0B30,18497,0
0B,00,1C9C,26965,26120
0B,00,1FED,1800,0
0B,00,20EC,4332,0
0B,00,20F7,3731,0
0B,00,216B,2,0
0B,00,2A47,9,0
0C,00,045D,135831,37903
0C,00,0469,2463,0
0C,00,05AB,52,0
0C,00,05AE,48,0
0C,00,05B1,44,0
0C,00,05B4,64,0
0C,00,0605,459625,167534
0C,00,062D,605,0
0C,00,062F,528,0
0C,00,0631,532,0
0C,00,0634,520,0
0C,00,0637,536,0
0C,00,063A,529,0
0C,00,0B03,2118,0
0C,00,0B20,4,0
0C,00,0B30,26,0
0C,00,1FED,270,0
0C,00,20EC,825,0
0C,00,20F7,875,0
0C,00,24EA,157,0
0C,00,2A47,42355,19015
0D,00,045D,65353,39609
0D,00,0469,7338,0
0D,00,05AB,188,0
0D,00,05AE,132,0
0D,00,05B1,172,0
0D,00,05B4,160,0
0D,00,0605,41134,29278
0D,00,062D,848,0
0D,00,062F,1152,0
0D,00,0631,1101,0
0D,00,0634,748,0
0D,00,0637,997,0
0D,00,063A,1129,0
0D,00,0AD3,18,0
0D,00,0B03,5673,0
0D,00,0B0E,4284,0
0D,00,0B20,36,0
0D,00,0B30,7371,0
0D,00,1FED,1020,0
0D,00,20EC,2898,0
0D,00,20F7,2662,0
0D,00,216B,2,0
0D,00,2A47,11947,7893
0E,00,045D,1495,625
0E,00,0469,3062,0
0E,00,0593,666,361
0E,00,05AB,68,0
0E,00,05AE,56,0
0E,00,05B1,84,0
0E,00,05B4,64,0
0E,00,0605,40453,11189
0E,00,062D,408,0
0E,00,062F,283,0
0E,00,0631,388,0
0E,00,0634,416,0
0E,00,0637,439,0
0E,00,063A,312,0
0E,00,0B03,1397,0
0E,00,0B20,4,0
0E,00,0B30,17893,0
0E,00,1FED,420,0
0E,00,20EC,1231,0
0E,00,20F7,1262,0
0E,00,216B,4,0
0E,00,24EA,8,0
0E,00,2A47,39048,10514
0F,00,045D,70818,38955
0F,00,0469,9786,0
0F,00,0593,6706,2187
0F,00,05AB,276,0
0F,00,05AE,80,0
0F,00,05B1,356,0
0F,00,05B4,136,0
0F,00,0605,21908,14718
0F,00,062D,768,0
0F,00,062F,1162,0
0F,00,0631,768,0
0F,00,0634,854,0
0F,00,0637,993,0
0F,00,063A,1286,0
0F,00,08CA,7720,0
0F,00,0AD3,212,0
0F,00,0ADD,117,0
0F,00,0B03,2945,0
0F,00,0B0E,30,0
0F,00,0B20,612,0
0F,00,1FED,1590,0
0F,00,200C,30,0
0F,00,20EC,4781,0
0F,00,20F7,5022,0
0F,00,2A47,8219,2178
10,00,03A9,5874,0
10,00,045D,7873,1840
10,00,0469,7447,0
10,00,0500,48,0
10,00,0593,147688,119404
10,00,05AB,80,0
10,00,05AE,304,0
10,00,05B1,84,0
10,00,05B4,180,0
10,00,0605,1476,6
10,00,062D,1130,0
10,00,062F,567,0
10,00,0631,794,0
10,00,0634,735,0
10,00,0637,1110,0
10,00,063A,911,0
10,00,0AD3,1,0
10,00,0B03,1128,0
10,00,0B20,313,0
10,00,162C,15914,0
10,00,16D1,414,345
10,00,1FED,780,0
10,00,20EC,2851,0
10,00,20F7,3231,0
10,00,24EA,16,0
10,00,2A47,11606,4297
10,00,325B,27,0
11,00,03A9,736,0
11,00,045D,120723,84817
11,00,0469,5334,0
11,00,05AB,144,0
11,00,05AE,140,0
11,00,05B1,68,0
11,00,05B4,148,0
11,00,0605,3668099,2382031
11,00,062D,477,0
11,00,062F,361,0
11,00,0631,724,0
11,00,0634,437,0
11,00,0637,640,0
11,00,063A,556,0
11,00,0674,2,0
11,00,0B03,485,0
11,00,0B0E,15164,0
11,00,0B20,28,0
11,00,1FED,630,0
11,00,20EC,1956,0
11,00,20F7,2299,0
11,00,2A47,99730,78106
12,00,045D,44682,22525
12,00,0469,4857,0
12,00,05AB,132,0
12,00,05AE,104,0
12,00,05B1,96,0
12,00,05B4,96,0
12,00,0605,38660,11419
12,00,062D,521,0
12,00,062F,433,0
12,00,0631,350,0
12,00,0634,522,0
12,00,0637,476,0
12,00,063A,341,0
12,00,0AD3,10,0
12,00,0B03,4825,0
12,00,0B0E,10,0
12,00,0B20,338,0
12,00,1FED,600,0
12,00,20EC,1939,0
12,00,20F7,2174,0
12,00,2166,2,0
12,00,24EA,4,0
12,00,2A47,1114,0
12,00,5FED,4,0
13,00,039C,2,0
13,00,045D,61842,24966
13,00,0469,4586,0
13,00,05AB,124,0
13,00,05AE,80,0
13,00,05B1,136,0
13,00,05B4,76,0
13,00,0605,477921,156469
13,00,062D,364,0
13,00,062F,539,0
13,00,0631,406,0
13,00,0634,468,0
13,00,0637,212,0
13,00,063A,443,0
13,00,0AD3,264,0
13,00,0ADD,30,0
13,00,0B03,4015,0
13,00,0B0E,14,0
13,00,0B20,330,0
13,00,1FED,720,0
13,00,20EC,2029,0
13,00,20F7,2169,0
13,00,2166,2,0
13,00,266B,20,0
13,00,2A47,75280,20644
14,00,045D,32871,14584
14,00,0469,3397,0
14,00,05AB,92,0
14,00,05AE,64,0
14,00,05B1,88,0
14,00,05B4,68,0
14,00,0605,10199,8786
14,00,062D,423,0
14,00,062F,386,0
14,00,0631,516,0
14,00,0634,361,0
14,00,0637,574,0
14,00,063A,392,0
14,00,0AD3,46090,0
14,00,0ADD,214953,0
14,00,0B03,187,0
14,00,0B20,26,0
14,00,1FED,540,0
14,00,20EC,1396,0
14,00,20F7,1426,0
14,00,2166,4,0
14,00,266B,421,408
14,00,2A47,23512,21160
15,00,045D,638727,453358
15,00,0469,5413,0
15,00,05AB,184,0
15,00,05AE,120,0
15,00,05B1,124,0
15,00,05B4,76,0
15,00,0605,350142,237695
15,00,062D,1096,0
15,00,062F,610,0
15,00,0631,678,0
15,00,0634,795,0
15,00,0637,1001,0
15,00,063A,827,0
15,00,0B03,1467,0
15,00,0B0E,126,0
15,00,0B20,66,0
15,00,0B30,102,0
15,00,1FED,780,0
15,00,20EC,2249,0
15,00,20F7,1901,0
15,00,216B,4,0
15,00,266B,28,0
15,00,2A47,4254,2825
16,00,039C,90,0
16,00,045D,238440,165044
16,00,0469,3305,0
16,00,05AB,100,0
16,00,05AE,88,0
16,00,05B1,88,0
16,00,05B4,60,0
16,00,0605,200439,153647
16,00,062D,337,0
16,00,062F,413,0
16,00,0631,486,0
16,00,0634,220,0
16,00,0637,381,0
16,00,063A,186,0
16,00,08CA,3836,0
16,00,0B03,50,0
16,00,1FED,300,0
16,00,20EC,1141,0
16,00,20F7,1432,0
16,00,266B,2,0
16,00,2749,6,0
16,00,2A47,85013,66675
17,00,045D,974320,256865
17,00,0469,3169,0
17,00,05AB,104,0
17,00,05AE,64,0
17,00,05B1,116,0
17,00,05B4,40,0
17,00,0605,1024151,702750
17,00,062D,319,0
17,00,062F,396,0
17,00,0631,364,0
17,00,0634,288,0
17,00,0637,347,0
17,00,063A,392,0
17,00,0AD3,20,0
17,00,0ADD,15,0
17,00,0B03,599,0
17,00,0B20,294,0
17,00,0B30,10272,0
17,00,1FED,540,0
17,00,20EC,1459,0
17,00,20F7,1455,0
17,00,266B,21,0
17,00,2A47,57062,35159
18,00,045D,100961,29690
18,00,0469,4328,0
18,00,05AB,88,0
18,00,05AE,108,0
18,00,05B1,80,0
18,00,05B4,116,0
18,00,0605,29999,4393
18,00,062D,416,0
18,00,062F,541,0
18,00,0631,428,0
18,00,0634,439,0
18,00,0637,482,0
18,00,063A,641,0
18,00,0B03,1419,0
18,00,0B20,1,0
18,00,1FED,600,0
18,00,20EC,1780,0
18,00,20F7,1604,0
18,00,24EA,8,0
18,00,2A47,3551,1818
19,00,045D,5562,1524
19,00,0469,3094,0
19,00,05AB,88,0
19,00,05AE,72,0
19,00,05B1,64,0
19,00,05B4,60,0
19,00,0605,32683,17570
19,00,062D,570,0
19,00,062F,419,0
19,00,0631,479,0
19,00,0634,520,0
19,00,0637,567,0
19,00,063A,584,0
19,00,0AD3,54,0
19,00,0ADD,2,0
19,00,0B03,375,0
19,00,0B20,1367,0
19,00,1FBF,1664,1556
19,00,1FED,420,0
19,00,20EC,1179,0
19,00,20F7,1342,0
19,00,2166,2,0
19,00,2A47,240,0
19,00,46E2,22,0
1A,00,045D,13473,5479
1A,00,0469,2956,0
1A,00,05AB,92,0
1A,00,05AE,64,0
1A,00,05B1,60,0
1A,00,05B4,60,0
1A,00,0605,29186,6487
1A,00,062D,349,0
1A,00,062F,343,0
1A,00,0631,268,0
1A,00,0634,364,0
1A,00,0637,220,0
1A,00,063A,243,0
1A,00,0B03,951,0
1A,00,0B20,312,0
1A,00,1FED,540,0
1A,00,20EC,1308,0
1A,00,20F7,1356,0
1A,00,2166,4,0
1A,00,24EA,2,0
1A,00,2A47,24533,19248
1B,00,039C,5,0
1B,00,045D,31182,5172
1B,00,0469,5958,0
1B,00,0593,1096,786
1B,00,05AB,132,0
1B,00,05AE,128,0
1B,00,05B1,160,0
1B,00,05B4,108,0
1B,00,0605,10400436,9502780
1B,00,062D,500,0
1B,00,062F,521,0
1B,00,0631,493,0
1B,00,0634,460,0
1B,00,0637,496,0
1B,00,063A,747,0
1B,00,0AD3,2,0
1B,00,0B03,2805,0
1B,00,0B20,29,0
1B,00,1FED,750,0
1B,00,20EC,2736,0
1B,00,20F7,2386,0
1B,00,2166,2,0
1B,00,216B,2,0
1B,00,2A47,242,0
1C,00,045D,17533,5768
1C,00,0469,8008,0
1C,00,05AB,192,0
1C,00,05AE,216,0
1C,00,05B1,260,0
1C,00,05B4,228,0
1C,00,0605,362037,303796
1C,00,062D,296,0
1C,00,062F,406,0
1C,00,0631,449,0
1C,00,0634,607,0
1C,00,0637,477,0
1C,00,063A,347,0
1C,00,08CA,3912,0
1C,00,0ADD,2,0
1C,00,0B03,1752,0
1C,00,0B20,100,0
1C,00,1FED,1230,0
1C,00,20EC,3675,0
1C,00,20F7,3694,0
1C,00,2A47,56694,27872
1C,0A,5101,1,0
1D,00,039C,1,0
1D,00,045D,8867,2981
1D,00,0469,2743,0
1D,00,05AB,72,0
1D,00,05AE,76,0
1D,00,05B1,72,0
1D,00,05B4,36,0
1D,00,0605,104090,84613
1D,00,062D,414,0
1D,00,062F,312,0
1D,00,0631,292,0
1D,00,0634,445,0
1D,00,0637,384,0
1D,00,063A,446,0
1D,00,0AD3,30,0
1D,00,0ADD,49,0
1D,00,0B03,2617,0
1D,00,0B0E,126,0
1D,00,0B20,2415,0
1D,00,0B30,5280,0
1D,00,1FED,300,0
1D,00,20EC,1051,0
1D,00,20F7,959,0
1D,00,216B,2,0
1D,00,2A47,143297,101933
1E,00,045D,289125,64527
1E,00,0469,3234,0
1E,00,05AB,60,0
1E,00,05AE,76,0
1E,00,05B1,92,0
1E,00,05B4,52,0
1E,00,0605,32987,25267
1E,00,062D,400,0
1E,00,062F,385,0
1E,00,0631,294,0
1E,00,0634,453,0
1E,00,0637,394,0
1E,00,063A,425,0
1E,00,0671,2,0
1E,00,0B03,469,0
1E,00,0B20,2,0
1E,00,0B30,2064,0
1E,00,1FED,300,0
1E,00,20EC,943,0
1E,00,20F7,979,0
1E,00,216B,2,0
1E,00,24EA,11,0
1E,00,2A47,16949,16095
1F,00,045D,14,0
1F,00,0469,3303,0
1F,00,05AB,60,0
1F,00,05AE,44,0
1F,00,05B1,120,0
1F,00,05B4,60,0
1F,00,062D,854,0
1F,00,062F,752,0
1F,00,0631,668,0
1F,00,0634,781,0
1F,00,0637,610,0
1F,00,063A,769,0
1F,00,0AD3,19,0
1F,00,0ADD,52,0
1F,00,0B03,769,0
1F,00,0B20,22,0
1F,00,1107,266021,62
1F,00,1188,1,0
1F,00,11E2,266021,62
1F,00,129E,266021,62
1F,00,1FED,390,0
1F,00,20EC,1062,0
1F,00,20F7,1261,0
1F,00,2166,2,0
1F,00,216B,4,0
1F,00,2A2A,16880,15515
1F,00,2A3E,251543921,167019332
1F,00,2A47,2735,0
20,00,03A9,3026,0
20,00,045D,94056,38646
20,00,0469,16795,0
20,00,05AB,212,0
20,00,05AE,396,0
20,00,05B1,204,0
20,00,05B4,748,0
20,00,0605,116895,56957
20,00,062D,2115,0
20,00,062F,1456,0
20,00,0631,1930,0
20,00,0634,1524,0
20,00,0637,1535,0
20,00,063A,1569,0
20,00,0AD3,36,0
20,00,0ADD,8,0
20,00,0B03,28986,0
20,00,0B0E,236,0
20,00,0B20,2504,0
20,00,1FED,2760,0
20,00,20EC,8199,0
20,00,20F7,8220,0
20,00,24EA,26,0
20,00,2A47,4192,189
20,00,325B,27,0
21,00,045D,1560811,868445
21,00,0469,7931,0
21,00,05AB,148,0
21,00,05AE,192,0
21,00,05B1,124,0
21,00,05B4,228,0
21,00,0605,255099,69774
21,00,062D,946,0
21,00,062F,1228,0
21,00,0631,948,0
21,00,0634,1045,0
21,00,0637,1216,0
21,00,063A,1008,0
21,00,0B03,20933,0
21,00,0B20,341,0
21,00,1FED,1350,0
21,00,20EC,3567,0
21,00,20F7,3365,0
21,00,2A47,94725,57443
22,00,045D,35615,9309
22,00,0469,5305,0
22,00,05AB,124,0
22,00,05AE,128,0
22,00,05B1,84,0
22,00,05B4,116,0
22,00,0605,191860,73716
22,00,062D,648,0
22,00,062F,754,0
22,00,0631,1122,0
22,00,0634,955,0
22,00,0637,983,0
22,00,063A,887,0
22,00,0AD3,6,0
22,00,0B03,20609,0
22,00,0B20,311,0
22,00,0B30,7030,0
22,00,1FED,780,0
22,00,20EC,2117,0
22,00,20F7,2131,0
22,00,24EA,2,0
22,00,2A47,102545,20793
23,00,039C,16,0
23,00,045D,45932,24256
23,00,0469,6520,0
23,00,05AB,120,0
23,00,05AE,164,0
23,00,05B1,160,0
23,00,05B4,144,0
23,00,0605,4701161,1766502
23,00,062D,808,0
23,00,062F,801,0
23,00,0631,505,0
23,00,0634,756,0
23,00,0637,637,0
23,00,063A,626,0
23,00,0AD3,768,0
23,00,0ADD,660,0
23,00,0B03,18737,0
23,00,0B20,206,0
23,00,0B30,748,0
23,00,0DCB,10940,5522
23,00,1FED,870,0
23,00,20EC,3119,0
23,00,20F7,2523,0
23,00,2A47,353016,182001
24,00,045D,120379,33938
24,00,0469,2558,0
24,00,05AB,56,0
24,00,05AE,44,0
24,00,05B1,36,0
24,00,05B4,56,0
24,00,0605,6151292,4157173
24,00,062D,353,0
24,00,062F,244,0
24,00,0631,317,0
24,00,0634,369,0
24,00,0637,369,0
24,00,063A,385,0
24,00,0B03,18038,0
24,00,0B20,8,0
24,00,0DCB,22987,15592
24,00,1FED,390,0
24,00,20EC,1024,0
24,00,20F7,1125,0
24,00,2A47,846625,530010
25,00,03A9,922,0
25,00,045D,118930,42341
25,00,0469,3940,0
25,00,0593,337,32
25,00,05AB,116,0
25,00,05AE,92,0
25,00,05B1,72,0
25,00,05B4,76,0
25,00,0605,175694,129058
25,00,062D,342,0
25,00,062F,291,0
25,00,0631,348,0
25,00,0634,344,0
25,00,0637,358,0
25,00,063A,411,0
25,00,0AD3,846,0
25,00,0B03,18808,0
25,00,0B20,337,0
25,00,0B30,158,0
25,00,1FED,660,0
25,00,20EC,1923,0
25,00,20F7,1769,0
25,00,216B,2,0
25,00,2A47,24315,10051
26,00,045D,205473,123273
26,00,0469,4673,0
26,00,05AB,88,0
26,00,05AE,116,0
26,00,05B1,136,0
26,00,05B4,96,0
26,00,0605,135852,33758
26,00,062D,456,0
26,00,062F,496,0
26,00,0631,510,0
26,00,0634,397,0
26,00,0637,590,0
26,00,063A,347,0
26,00,0AD3,62,0
26,00,0ADD,20,0
26,00,0B03,37560,0
26,00,0B20,1979,0
26,00,0B30,13545,0
26,00,0DCB,9797,3493
26,00,1FED,600,0
26,00,20EC,2026,0
26,00,20F7,1820,0
26,00,2A47,249442,117653
27,00,045D,1154582,9813
27,00,0469,4620,0
27,00,05AB,100,0
27,00,05AE,80,0
27,00,05B1,132,0
27,00,05B4,100,0
27,00,0605,390990,254835
27,00,062D,644,0
27,00,062F,474,0
27,00,0631,371,0
27,00,0634,634,0
27,00,0637,476,0
27,00,063A,661,0
27,00,0B03,19766,0
27,00,0B20,25,0
27,00,1570,68279,65349
27,00,1FED,690,0
27,00,2033,18330,13412
27,00,20A9,19994,14968
27,00,20EC,1973,0
27,00,20F7,2200,0
27,00,2A47,91593,69925
28,00,045D,18085,8626
28,00,0469,4554,0
28,00,05AB,104,0
28,00,05AE,96,0
28,00,05B1,92,0
28,00,05B4,144,0
28,00,0605,558,2
28,00,062D,749,0
28,00,062F,433,0
28,00,0631,496,0
28,00,0634,392,0
28,00,0637,399,0
28,00,063A,522,0
28,00,0AD3,140464,0
28,00,0B03,1231,0
28,00,0B20,305,0
28,00,0B30,20,0
28,00,1FED,690,0
28,00,200C,30,0
28,00,20EC,1911,0
28,00,20F7,1882,0
28,00,2A47,20189,4
29,00,045D,260,1
29,00,0469,1998,0
29,00,05AB,64,0
29,00,05AE,56,0
29,00,05B1,32,0
29,00,05B4,32,0
29,00,062D,294,0
29,00,062F,284,0
29,00,0631,266,0
29,00,0634,207,0
29,00,0637,258,0
29,00,063A,253,0
29,00,0B03,42,0
29,00,0B20,22,0
29,00,0B30,50,0
29,00,1729,5099,211
29,00,1FED,360,0
29,00,20EC,972,0
29,00,20F7,733,0
2A,00,039C,452,0
2A,00,045D,1171,1166
2A,00,0469,11227,0
2A,00,05AB,324,0
2A,00,05AE,320,0
2A,00,05B1,268,0
2A,00,05B4,280,0
2A,00,0605,443606,99703
2A,00,062D,1200,0
2A,00,062F,1178,0
2A,00,0631,1178,0
2A,00,0634,1316,0
2A,00,0637,1080,0
2A,00,063A,921,0
2A,00,0AD3,6,0
2A,00,0B03,10384,0
2A,00,0B0E,248,0
2A,00,0B20,383,0
2A,00,0B30,64,0
2A,00,1FED,2130,0
2A,00,20EC,5686,0
2A,00,20F7,5475,0
2A,00,216B,2,0
2A,00,2A47,28671,8988
2B,00,045D,4,0
2B,00,0469,2094,0
2B,00,05AB,60,0
2B,00,05AE,52,0
2B,00,05B1,44,0
2B,00,05B4,8,0
2B,00,0605,4,0
2B,00,062D,406,0
2B,00,062F,326,0
2B,00,0631,442,0
2B,00,0634,389,0
2B,00,0637,199,0
2B,00,063A,271,0
2B,00,0B03,17954,0
2B,00,1FED,180,0
2B,00,20EC,667,0
2B,00,20F7,700,0
2B,00,2166,2,0
2B,00,2A47,2,0
2C,00,045D,21821,9391
2C,00,0469,2123,0
2C,00,05AB,52,0
2C,00,05AE,40,0
2C,00,05B1,40,0
2C,00,05B4,44,0
2C,00,0605,38808,37022
2C,00,062D,357,0
2C,00,062F,276,0
2C,00,0631,344,0
2C,00,0634,205,0
2C,00,0637,363,0
2C,00,063A,217,0
2C,00,0B03,247,0
2C,00,1FED,270,0
2C,00,20EC,764,0
2C,00,20F7,766,0
2C,00,2A47,2930,2466
2D,00,039C,1,0
2D,00,045D,24448,11970
2D,00,0469,2529,0
2D,00,05AB,64,0
2D,00,05AE,68,0
2D,00,05B1,64,0
2D,00,05B4,24,0
2D,00,0605,11528,11337
2D,00,062D,316,0
2D,00,062F,243,0
2D,00,0631,242,0
2D,00,0634,385,0
2D,00,0637,352,0
2D,00,063A,253,0
2D,00,066E,2,0
2D,00,0B03,547,0
2D,00,0B30,26,0
2D,00,1FED,420,0
2D,00,20EC,986,0
2D,00,20F7,1084,0
2D,00,2A47,1870,1711
2E,00,045D,7564,7464
2E,00,0469,2264,0
2E,00,05AB,40,0
2E,00,05AE,64,0
2E,00,05B1,60,0
2E,00,05B4,36,0
2E,00,0605,14310,14122
2E,00,062D,233,0
2E,00,062F,303,0
2E,00,0631,378,0
2E,00,0634,407,0
2E,00,0637,228,0
2E,00,063A,365,0
2E,00,0ADD,2250,0
2E,00,0B03,657,0
2E,00,0B20,1065,0
2E,00,1FED,300,0
2E,00,20EC,861,0
2E,00,20F7,811,0
2E,00,2A47,10012,88
2F,00,045D,6834,6649
2F,00,0469,3934,0
2F,00,05AB,92,0
2F,00,05AE,80,0
2F,00,05B1,140,0
2F,00,05B4,52,0
2F,00,0605,3956,3744
2F,00,062D,624,0
2F,00,062F,671,0
2F,00,0631,564,0
2F,00,0634,456,0
2F,00,0637,363,0
2F,00,063A,624,0
2F,00,0AD3,400,0
2F,00,0B03,18242,0
2F,00,0B0E,12,0
2F,00,0B20,324,0
2F,00,1FED,390,0
2F,00,20EC,1454,0
2F,00,20F7,1579,0
30,00,039C,14,0
30,00,045D,1987,1670
30,00,0469,8775,0
30,00,05AB,120,0
30,00,05AE,324,0
30,00,05B1,148,0
30,00,05B4,180,0
30,00,0605,3105,2586
30,00,062D,2006,0
30,00,062F,2262,0
30,00,0631,2357,0
30,00,0634,1962,0
30,00,0637,2197,0
30,00,063A,2197,0
30,00,0AD3,381007,0
30,00,0ADD,324782,0
30,00,0B03,23456,0
30,00,0B20,323,0
30,00,0B30,6426,0
30,00,1FED,1530,0
30,00,20EC,4000,0
30,00,20F7,3820,0
30,00,2166,2,0
30,00,216B,2,0
30,00,266B,15,0
30,00,2749,6,0
30,00,2A47,2348,0
30,00,325B,28,0
31,00,039C,4,0
31,00,045D,25382,1818
31,00,0469,5602,0
31,00,05AB,136,0
31,00,05AE,136,0
31,00,05B1,104,0
31,00,05B4,148,0
31,00,0605,3434,2369
31,00,062D,656,0
31,00,062F,549,0
31,00,0631,752,0
31,00,0634,584,0
31,00,0637,572,0
31,00,063A,541,0
31,00,0AD3,384,0
31,00,0ADD,341,203
31,00,0B03,2217,0
31,00,0B20,23,0
31,00,0B30,4,0
31,00,1FED,630,0
31,00,20EC,2166,0
31,00,20F7,2297,0
31,00,2A47,3500,2374
31,00,3226,240,0
32,00,039C,22,0
32,00,045D,663,625
32,00,0469,4142,0
32,00,05AB,132,0
32,00,05AE,96,0
32,00,05B1,88,0
32,00,05B4,60,0
32,00,0605,1013,881
32,00,062D,565,0
32,00,062F,385,0
32,00,0631,283,0
32,00,0634,439,0
32,00,0637,447,0
32,00,063A,450,0
32,00,0B03,183,0
32,00,0B20,6,0
32,00,0B30,102,0
32,00,1FED,540,0
32,00,20EC,1597,0
32,00,20F7,1552,0
32,00,24EA,330,0
32,00,2A47,930,812
32,00,3210,272,0
32,00,3245,862,0
33,00,045D,243,215
33,00,0469,3237,0
33,00,05AB,52,0
33,00,05AE,68,0
33,00,05B1,112,0
33,00,05B4,36,0
33,00,0605,443,370
33,00,062D,354,0
33,00,062F,517,0
33,00,0631,362,0
33,00,0634,493,0
33,00,0637,342,0
33,00,063A,396,0
33,00,0B03,610,0
33,00,1FED,330,0
33,00,20EC,1047,0
33,00,20F7,955,0
33,00,2A47,427,350
34,00,039C,2,0
34,00,045D,21165,7025
34,00,0469,3383,0
34,00,0493,26001,7074
34,00,0500,2251,1637
34,00,05AB,52,0
34,00,05AE,80,0
34,00,05B1,72,0
34,00,05B4,72,0
34,00,0605,2303,1639
34,00,062D,501,0
34,00,062F,353,0
34,00,0631,287,0
34,00,0634,382,0
34,00,0637,479,0
34,00,063A,429,0
34,00,066B,2,0
34,00,0B03,775,0
34,00,0B30,112,0
34,00,1FED,390,0
34,00,20EC,1104,0
34,00,20F7,1322,0
34,00,216B,2,0
34,00,2A47,4739,3276
34,00,31FF,3912,0
34,00,3226,4032,0
34,00,325B,28,0
35,00,045D,27162,3462
35,00,0469,4487,0
35,00,0493,30357,3529
35,00,0500,2359,2039
35,00,05AB,128,0
35,00,05AE,144,0
35,00,05B1,88,0
35,00,05B4,72,0
35,00,0605,2358,2045
35,00,062D,472,0
35,00,062F,477,0
35,00,0631,633,0
35,00,0634,508,0
35,00,0637,502,0
35,00,063A,560,0
35,00,0AD3,6,0
35,00,0ADD,8,0
35,00,0B03,3040,0
35,00,0B20,23,0
35,00,1FED,780,0
35,00,20EC,2186,0
35,00,20F7,1875,0
35,00,2166,2,0
35,00,2A47,4731,4090
35,00,31FF,80,0
35,00,3226,80,0
36,00,045D,303091,13186
36,00,0469,2045,0
36,00,05AB,52,0
36,00,05AE,44,0
36,00,05B1,52,0
36,00,05B4,24,0
36,00,0605,328166,100947
36,00,062D,181,0
36,00,062F,217,0
36,00,0631,217,0
36,00,0634,356,0
36,00,0637,224,0
36,00,063A,278,0
36,00,0B03,66,0
36,00,0B20,2,0
36,00,1FED,270,0
36,00,20EC,812,0
36,00,20F7,894,0
36,00,266B,2677,1513
36,00,2749,29755,4132
36,00,2809,1204,886
36,00,2A47,414584,82920
36,00,3226,2336,0
36,00,325B,58364,46800
37,00,039C,14,0
37,00,045D,678,1
37,00,0469,3311,0
37,00,05AB,56,0
37,00,05AE,76,0
37,00,05B1,124,0
37,00,05B4,28,0
37,00,0605,5137,3513
37,00,062D,455,0
37,00,062F,469,0
37,00,0631,447,0
37,00,0634,434,0
37,00,0637,260,0
37,00,063A,453,0
37,00,0B03,1657,0
37,00,0B20,8,0
37,00,0B30,38,0
37,00,1FED,420,0
37,00,20EC,1321,0
37,00,20F7,1212,0
37,00,266B,6,0
37,00,2749,6,0
37,00,2A47,1390,1
37,00,325B,28,0
38,00,045D,411,0
38,00,0469,2709,0
38,00,05AB,32,0
38,00,05AE,24,0
38,00,05B1,80,0
38,00,05B4,72,0
38,00,0605,11233,8722
38,00,062D,551,0
38,00,062F,484,0
38,00,0631,551,0
38,00,0634,529,0
38,00,0637,440,0
38,00,063A,409,0
38,00,0B03,971,0
38,00,1FED,360,0
38,00,20EC,879,0
38,00,20F7,843,0
38,00,2A47,4674,3597
38,00,325B,68376,68376
39,00,045D,201,0
39,00,0469,2251,0
39,00,05AB,48,0
39,00,05AE,48,0
39,00,05B1,68,0
39,00,05B4,28,0
39,00,0605,7078,5976
39,00,062D,327,0
39,00,062F,311,0
39,00,0631,304,0
39,00,0634,456,0
39,00,0637,378,0
39,00,063A,357,0
39,00,0AD3,2,0
39,00,0B03,566,0
39,00,0B0E,78,0
39,00,0B20,6,0
39,00,1FED,180,0
39,00,20EC,690,0
39,00,20F7,773,0
39,00,2166,4,0
39,00,2A47,3626,2909
39,00,325B,55934,55934
3A,00,039C,18,0
3A,00,045D,127,0
3A,00,0469,5187,0
3A,00,05AB,160,0
3A,00,05AE,128,0
3A,00,05B1,116,0
3A,00,05B4,112,0
3A,00,0605,2618,1776
3A,00,062D,547,0
3A,00,062F,480,0
3A,00,0631,489,0
3A,00,0634,568,0
3A,00,0637,435,0
3A,00,063A,468,0
3A,00,0B03,2397,0
3A,00,0B0E,20,0
3A,00,0B20,36,0
3A,00,0B30,36,0
3A,00,1FED,840,0
3A,00,20EC,2146,0
3A,00,20F7,2307,0
3A,00,2166,2,0
3A,00,216B,2,0
3A,00,2A47,951,679
3A,00,325B,13692,13692
3B,00,045D,8,0
3B,00,0469,2133,0
3B,00,05AB,40,0
3B,00,05AE,48,0
3B,00,05B1,72,0
3B,00,05B4,16,0
3B,00,0605,472,472
3B,00,062D,437,0
3B,00,062F,683,0
3B,00,0631,507,0
3B,00,0634,298,0
3B,00,0637,511,0
3B,00,063A,496,0
3B,00,0AD3,24,0
3B,00,0ADD,8,0
3B,00,0B03,1600,0
3B,00,0B0E,34,0
3B,00,0B20,36,0
3B,00,0B30,281,0
3B,00,1FED,210,0
3B,00,20EC,607,0
3B,00,20F7,679,0
3B,00,2166,2,0
3B,00,216B,4,0
3C,00,045D,105369,38194
3C,00,0469,3046,0
3C,00,05AB,60,0
3C,00,05AE,52,0
3C,00,05B1,96,0
3C,00,05B4,52,0
3C,00,0605,31663,25025
3C,00,062D,505,0
3C,00,062F,570,0
3C,00,0631,390,0
3C,00,0634,516,0
3C,00,0637,724,0
3C,00,063A,405,0
3C,00,0AD3,2,0
3C,00,0B03,2442,0
3C,00,0B20,16,0
3C,00,0B30,1793,0
3C,00,1FED,420,0
3C,00,20EC,1147,0
3C,00,20F7,1180,0
3C,00,266B,14964,3842
3C,00,2749,21,0
3C,00,2A47,367559,175609
3D,00,039C,4,0
3D,00,045D,39,0
3D,00,0469,2820,0
3D,00,05AB,44,0
3D,00,05AE,52,0
3D,00,05B1,116,0
3D,00,05B4,28,0
3D,00,0605,550,182
3D,00,062D,425,0
3D,00,062F,638,0
3D,00,0631,422,0
3D,00,0634,402,0
3D,00,0637,323,0
3D,00,063A,374,0
3D,00,065D,57,0
3D,00,0AD3,86,0
3D,00,0ADD,18,0
3D,00,0B03,1404,0
3D,00,0B20,12,0
3D,00,0B30,8228,0
3D,00,11D4,16,0
3D,00,1244,57,0
3D,00,1FED,390,0
3D,00,20EC,1126,0
3D,00,20F7,1154,0
3D,00,2166,2,0
3D,00,266B,22,20
3D,00,2749,10,0
3D,00,2A47,447,308
3E,00,039C,42,0
3E,00,045D,282,0
3E,00,0469,10575,0
3E,00,0493,268,0
3E,00,0500,10,0
3E,00,05AB,224,0
3E,00,05AE,268,0
3E,00,05B1,272,0
3E,00,05B4,228,0
3E,00,0605,2322214,1669460
3E,00,062D,1576,0
3E,00,062F,1530,0
3E,00,0631,1546,0
3E,00,0634,1409,0
3E,00,0637,1825,0
3E,00,063A,1348,0
3E,00,0ADD,7,0
3E,00,0B03,21549,0
3E,00,0B20,343,0
3E,00,0B30,25484,0
3E,00,1FED,1320,0
3E,00,20EC,4027,0
3E,00,20F7,4585,0
3E,00,2166,6,0
3E,00,2A47,4741504,3387762
3E,00,325B,27,0
3F,00,039C,42,0
3F,00,03A9,249239,0
3F,00,045D,85162,58251
3F,00,0469,36490,0
3F,00,0593,4,0
3F,00,05AB,164,0
3F,00,05AE,192,0
3F,00,05B1,204,0
3F,00,05B4,172,0
3F,00,0605,1452204,1038632
3F,00,062D,23376,0
3F,00,062F,24170,0
3F,00,0631,23260,0
3F,00,0634,23698,0
3F,00,0637,23556,0
3F,00,063A,23941,0
3F,00,068D,16,0
3F,00,0690,16,0
3F,00,08D7,1,0
3F,00,0AD3,431,0
3F,00,0ADD,414,0
3F,00,0B03,21624,0
3F,00,0B0E,572,0
3F,00,0B20,353,0
3F,00,1FED,930,0
3F,00,20EC,2469,0
3F,00,20F7,2519,0
3F,00,2166,4,0
3F,00,216B,2,0
3F,00,2A47,3073775,2005388
3F,00,31FF,492,0
3F,00,46E5,1,0
