start,end,span,bytes_read,bytes_read_organic,first_reader_of_first_byte,in_table_bytes
00:0004,00:0007,4,4,0,00:0636,0
00:0027,00:014F,297,278,261,00:0633,0
00:0357,00:0366,16,16,16,00:0633,16
00:0385,00:0388,4,4,4,00:0620,0
00:0977,00:09AC,54,54,54,00:093A,0
00:09EE,00:0A0D,32,32,32,00:0636,0
00:0F06,00:0F15,16,16,16,00:061D,0
00:0FCB,00:100A,64,64,64,00:24DF,0
00:10D0,00:10FF,48,48,0,00:24D0,0
00:11D8,00:11DA,3,3,0,00:24D0,0
00:1294,00:1296,3,3,0,00:24D0,0
00:1350,00:1352,3,3,0,00:24D0,0
00:13F1,00:1436,70,70,34,00:20F6,0
00:15E5,00:15EC,8,8,8,00:0630,0
00:16C0,00:16C3,4,4,1,00:0639,0
00:1B71,00:1B96,38,38,30,00:20F6,0
00:1EDE,00:1EED,16,16,0,00:0468,0
00:1FA2,00:1FB1,16,16,16,00:061D,0
00:2170,00:2463,756,756,756,00:20F6,0
00:2A11,00:2A22,18,18,18,00:0620,0
00:2E88,00:2E91,10,10,0,00:0636,0
00:2F3F,00:3030,242,238,190,00:0392,126
00:30F9,00:3117,31,31,3,00:24D0,0
00:32E8,00:32F1,10,10,2,00:24DF,0
00:3483,00:348C,10,10,10,00:24DC,0
00:34F7,00:3514,30,30,30,00:20EB,0
00:356C,00:3FFF,2708,2708,2290,00:0630,0
01:4000,01:7FFF,16384,16131,9915,00:24C7,0
02:4000,02:4004,5,5,5,02:40BB,0
02:41F3,02:424C,90,90,90,02:41B8,0
02:46E6,02:46E8,3,3,0,00:0468,0
02:47B3,02:47B5,3,3,3,00:2586,0
02:482F,02:4831,3,3,3,00:2586,0
02:4D80,02:4D87,8,8,8,02:4D7B,0
02:5218,02:7FFF,11752,11752,8523,00:0468,0
03:4004,03:4049,70,70,70,00:0020,70
03:429D,03:42A4,8,8,6,03:4272,0
03:4394,03:439B,8,8,8,00:20F6,0
03:449D,03:44A1,5,5,5,00:20F6,0
03:44DB,03:44DF,5,5,5,03:44CD,0
03:478D,03:4833,167,167,167,03:473A,0
03:5101,03:5106,6,6,6,03:50E4,0
03:527A,03:5281,8,8,6,03:524F,0
03:53EB,03:53FC,18,18,18,03:53C7,0
03:5466,03:54F3,142,142,136,03:540B,0
03:568B,03:5690,6,6,0,00:20F6,0
03:57A6,03:57BD,24,24,24,03:56C9,0
03:583F,03:5846,8,8,8,03:5835,0
03:58F8,03:58FF,8,8,8,03:58EE,0
03:59F1,03:59F6,6,4,0,00:20F6,0
03:5AF8,03:5AFF,8,8,8,03:5AEE,0
03:5BB0,03:5BB7,8,8,8,03:5BA6,0
03:5DF1,03:5E0E,30,30,30,03:5DDE,0
03:5F1B,03:5F2A,16,16,16,03:5F0C,0
03:5FA4,03:5FB5,18,18,18,00:0020,18
03:61FD,03:623C,64,64,62,00:2A62,0
03:6314,03:631D,10,10,10,00:0020,10
03:64DE,03:64E5,8,8,4,03:64BF,0
03:655D,03:657E,34,34,0,03:64C6,34
03:669F,03:66AE,16,16,0,00:17E8,0
03:695D,03:697C,32,32,0,00:17E8,0
03:69E7,03:6A18,50,40,30,00:17E8,32
03:7097,03:7116,128,128,100,03:6FEE,0
03:715A,03:7161,8,8,2,03:713B,0
03:719F,03:71A6,8,8,2,03:7180,0
03:7615,03:769E,138,134,134,00:2A58,6
03:779E,03:77BE,33,33,33,03:7780,0
03:7836,03:7837,2,2,2,03:77EB,0
03:78ED,03:78F2,6,6,6,00:0020,6
03:79E0,03:79E2,3,3,3,03:79A9,0
03:7A21,03:7A2E,14,14,14,03:79ED,0
03:7AAC,03:7AB1,6,6,6,00:0020,6
03:7B8E,03:7B8F,2,2,2,03:7B65,0
03:7C01,03:7C06,6,6,6,00:0020,6
03:7D17,03:7D18,2,2,2,03:7CC6,0
03:7D6E,03:7D9E,49,49,49,03:7D40,0
03:7E03,03:7FFF,509,509,0,00:17E8,0
04:4004,04:4009,6,6,6,00:0020,6
04:417D,04:419C,32,32,32,04:4176,0
04:41BD,04:41CC,16,16,16,04:41B1,0
04:4281,04:4370,240,221,121,04:41E4,0
04:4493,04:44BC,42,30,24,04:4482,0
04:44DC,04:44F0,21,21,18,04:44CB,0
04:464D,04:466A,30,30,26,00:0020,30
04:4D0C,04:4D16,11,6,0,00:1FEC,0
04:5009,04:5018,16,16,2,00:1FEC,0
04:509F,04:50AE,16,16,16,04:5055,0
04:519D,04:522C,144,144,106,04:512D,0
04:5337,04:562C,758,758,721,04:58AE,34
04:5648,04:570E,199,195,148,04:5E14,18
04:604F,04:6064,22,22,22,00:0020,22
04:6309,04:630B,3,3,3,04:628D,0
04:6354,04:6367,20,20,20,04:631C,0
04:644C,04:6453,8,8,8,04:6439,0
04:657C,04:65FD,130,130,10,00:17E8,0
04:6648,04:66BB,116,116,59,00:1FEC,0
04:67A5,04:67AC,8,8,8,04:677E,0
04:67EF,04:67F6,8,8,6,04:67C7,0
04:6839,04:685E,38,34,34,04:6811,28
04:6F9A,04:6FB1,24,24,24,00:0020,24
04:7023,04:702C,10,10,10,04:727E,0
04:7084,04:708D,10,10,10,04:706F,0
04:70DB,04:70E4,10,10,10,04:727E,0
04:712B,04:7134,10,10,10,04:7116,0
04:7182,04:7185,4,4,4,04:727E,0
04:71B1,04:71B4,4,4,4,04:71A8,0
04:724F,04:7278,42,42,42,04:7213,0
04:72CA,04:72E2,25,25,19,04:729A,0
04:7321,04:733F,31,31,31,04:72F3,0
04:7372,04:7375,4,4,4,04:72F5,0
04:73A2,04:73AA,9,9,9,04:7382,0
04:7436,04:7478,67,67,67,04:73F8,0
04:748C,04:74AB,32,32,32,00:0020,32
04:786F,04:7878,10,10,8,04:783E,0
04:7954,04:795D,10,10,8,04:7923,0
04:7A2E,04:7A33,6,6,4,04:7A12,0
04:7B04,04:7B09,6,6,4,04:7AE8,0
04:7D37,04:7FFF,713,713,0,00:17E8,0
05:4004,05:401D,26,26,24,00:0020,26
05:475F,05:4776,24,22,4,00:0020,24
05:4806,05:4819,20,18,4,00:0020,20
05:48C4,05:48D3,16,12,0,00:0020,16
05:4B84,05:4B8B,8,8,8,05:4B6F,0
05:4BB2,05:4BD7,38,30,13,05:4B98,0
05:4C4E,05:4CBF,114,75,3,05:4AE8,0
05:4D3C,05:4D41,6,6,6,05:4D34,0
05:4E20,05:4E4C,45,45,6,05:4DE0,0
05:4E80,05:4E83,4,4,4,05:4E7B,0
05:4E97,05:4E9C,6,6,6,05:4E90,0
05:4EF5,05:4F03,15,15,5,05:4EA7,0
05:4F15,05:4F17,3,3,3,05:4F11,0
05:4F9E,05:4FEB,78,78,6,05:4F91,0
05:5006,05:500A,5,5,5,05:52FE,0
05:5025,05:5029,5,5,0,05:52FE,0
05:5044,05:5048,5,5,0,05:52FE,0
05:5063,05:5067,5,5,0,05:52FE,0
05:5082,05:5086,5,5,0,05:52FE,0
05:50D3,05:50DC,10,10,5,05:52FE,0
05:50FD,05:5101,5,5,0,05:52FE,0
05:5120,05:5124,5,5,5,05:52FE,0
05:51B5,05:51C8,20,20,10,00:17E8,0
05:5274,05:5287,20,20,4,05:5267,0
05:5381,05:53EE,110,110,56,05:5340,0
05:554D,05:555E,18,14,2,00:2A58,0
05:576B,05:5779,15,15,3,05:577A,0
05:5A67,05:5B84,286,238,0,05:5A63,78
05:5C7E,05:5CA9,44,44,0,05:5C14,0
05:5CD0,05:5CE6,23,23,0,05:5CB2,0
05:5D4A,05:5D5D,20,20,0,05:5D1D,0
05:5D7B,05:5D8E,20,20,0,05:5D66,0
05:5DE8,05:5DFC,21,21,0,05:5DBB,0
05:5E33,05:5E46,20,20,0,05:5E1F,0
05:5E64,05:5E77,20,20,0,05:5E4F,0
05:5EAA,05:5EBF,22,22,0,05:5E80,0
05:61A6,05:61C5,32,32,0,00:17E8,0
05:6277,05:6279,3,3,1,05:6274,0
05:62A3,05:62B1,15,15,3,05:6285,0
05:6FF2,05:6FF9,8,8,8,05:6FC1,0
05:74D0,05:74E7,24,24,24,00:0020,24
05:762B,05:7636,12,12,10,05:761D,0
05:7681,05:768A,10,10,8,05:766F,0
05:76CE,05:76D7,10,10,10,05:76BC,0
05:770F,05:771E,16,16,16,05:76FD,0
05:781B,05:781E,4,4,4,00:2A62,0
05:7A79,05:7A84,12,12,12,05:7A66,0
05:7A98,05:7A9D,6,6,6,05:7A91,0
05:7AB9,05:7ABE,6,6,6,05:7AA8,0
05:7B6D,05:7BD5,105,105,71,05:7AFA,0
05:7C23,05:7C6A,72,72,72,05:7BF9,0
05:7F66,05:7F68,3,3,3,05:7F63,0
05:7F86,05:7FFF,122,122,62,05:7F71,0
06:4004,06:4017,20,20,20,00:0020,20
06:4289,06:42A6,30,30,30,06:4243,0
06:44DD,06:44F0,20,20,20,00:1FEC,20
06:4603,06:4606,4,4,4,06:45FB,0
06:4659,06:4664,12,12,12,00:1FEC,0
06:46D7,06:4709,51,51,47,06:4A76,0
06:477B,06:47A3,41,41,37,00:1FEC,0
06:4872,06:4879,8,8,4,06:4A76,0
06:491E,06:4923,6,6,4,06:4A76,0
06:4A9B,06:4AA2,8,8,8,00:1FEC,0
06:4B17,06:4B22,12,12,12,06:4B06,0
06:4B67,06:4B7A,20,20,20,06:4B47,8
06:4CA3,06:4CC7,37,37,34,00:1FEC,37
06:4E5C,06:4E61,6,6,6,06:4E53,0
06:4ED9,06:4EDC,4,4,4,06:4EC4,0
06:4F4B,06:4F52,8,8,8,00:1FEC,0
06:4F8A,06:4F8D,4,4,4,06:5788,0
06:4FC5,06:4FC8,4,4,4,06:5788,0
06:5000,06:5003,4,4,4,06:5788,0
06:503B,06:503E,4,4,4,00:1FEC,0
06:51DB,06:51DC,2,2,2,06:51C6,0
06:5227,06:522A,4,4,4,06:5214,0
06:5262,06:5265,4,4,4,06:5788,0
06:529D,06:52A0,4,4,4,00:1FEC,0
06:57B5,06:57C2,14,14,14,06:57A2,0
06:5992,06:5999,8,8,8,00:0020,8
06:5C36,06:5C44,15,15,15,06:5C0B,0
06:5C7C,06:5C8A,15,15,15,06:5C51,0
06:5D44,06:5D6B,40,40,40,06:5CC7,0
06:5DEA,06:5E03,26,26,26,00:0020,26
06:60DB,06:6132,88,88,38,06:7816,0
06:62D5,06:6316,66,66,39,06:62AB,0
06:6388,06:638F,8,8,8,06:635E,8
06:67D6,06:67E1,12,12,10,06:67A4,0
06:68A2,06:68B1,16,16,14,06:6870,0
06:69A8,06:69B3,12,12,10,06:6976,0
06:6AEB,06:6B24,58,58,16,06:6AB9,0
06:6B4A,06:6B75,44,44,44,06:6B31,0
06:6C74,06:6CEB,120,120,30,06:6C64,0
06:6E32,06:70B1,640,640,640,06:6E12,0
06:7199,06:719D,5,5,4,06:7184,0
06:73AF,06:73EE,64,64,42,06:73AB,64
06:7845,06:7FFF,1979,1979,8,00:2A58,0
07:4004,07:402D,42,42,4,00:0020,42
07:4186,07:4189,4,4,0,00:20EB,0
07:4354,07:439B,72,71,36,07:4335,0
07:499E,07:49C2,37,37,0,07:4912,0
07:4C0C,07:4C11,6,6,0,00:0020,6
07:4DB0,07:4DBF,16,16,0,07:4DA4,0
07:4E5D,07:4ED4,120,120,0,07:4DD7,0
07:4FAA,07:4FD6,45,27,0,07:4F99,0
07:4FF6,07:5008,19,13,0,07:4FE5,0
07:51B0,07:51B5,6,6,6,00:0020,6
07:52E5,07:52E6,2,2,2,07:528C,0
07:5340,07:5347,8,8,8,07:5327,0
07:5365,07:5368,4,4,4,07:5354,0
07:53A6,07:53C7,34,30,30,07:5395,6
07:5495,07:5496,2,2,2,07:546E,0
07:54F1,07:5502,18,18,18,00:0020,18
07:5747,07:5754,14,14,14,07:572A,0
07:57CA,07:57E3,26,26,24,07:57A0,0
07:59A9,07:59C0,24,24,20,00:0020,24
07:5A38,07:5A4A,19,19,19,07:59D8,0
07:5B20,07:5B37,24,24,22,07:642F,0
07:5B82,07:5C67,230,230,223,07:5B52,0
07:5D15,07:5D20,12,12,12,07:642F,0
07:5D6B,07:5E0B,161,161,154,07:5D3B,0
07:5EF3,07:5EFE,12,12,12,07:642F,0
07:5F55,07:5FF4,160,160,153,07:5F21,0
07:60C1,07:60D0,16,16,16,07:642F,0
07:6130,07:61D2,163,163,154,07:60E5,0
07:62A9,07:62D4,44,44,10,07:642F,0
07:6379,07:6386,14,14,0,00:17E8,0
07:641C,07:6423,8,8,3,07:63C3,0
07:6792,07:6796,5,5,0,00:17E8,0
07:68B2,07:68C7,22,22,22,07:689C,0
07:694C,07:694F,4,4,1,07:6949,0
07:69A0,07:69AB,12,12,12,00:0020,12
07:6B07,07:6B1E,24,24,24,00:0020,24
07:6BB3,07:6BBA,8,8,8,07:6B45,0
07:6C7B,07:6CCA,80,80,80,07:6C2D,0
07:6D40,07:6D43,4,4,4,07:6D0F,0
07:6ED6,07:6EDF,10,10,8,07:6EA5,0
07:6EFB,07:6EFE,4,4,4,07:6EEC,0
07:6FED,07:6FF6,10,10,8,07:6FBC,0
07:7016,07:7019,4,4,4,07:7003,0
07:71B3,07:71C4,18,18,18,00:0020,18
07:7259,07:725F,7,7,7,07:7254,0
07:7804,07:780B,8,8,7,07:77C0,0
07:7985,07:7996,18,18,18,07:7906,0
07:79E5,07:79F6,18,18,18,07:7906,0
07:7A43,07:7AF0,174,138,138,07:7906,0
07:7B44,07:7BDB,152,152,132,07:7B16,0
07:7C1B,07:7C4A,48,48,24,07:7C00,0
07:7C8A,07:7CB9,48,48,48,07:7C6F,0
07:7CF9,07:7D10,24,24,24,07:7CDE,0
07:7D31,07:7FFF,719,719,0,00:17E8,0
08:4004,08:4009,6,6,6,00:0020,6
08:40B1,08:40B2,2,2,2,08:4090,0
08:40D8,08:40DB,4,4,4,08:40BF,0
08:40FC,08:4119,30,30,30,00:0020,30
08:4583,08:458C,10,10,8,08:4551,0
08:488B,08:4896,12,12,12,00:0020,12
08:4B48,08:4B4F,8,8,8,08:4DD6,0
08:4B84,08:4B8C,9,9,9,08:4B7A,0
08:4C67,08:4C72,12,12,12,08:4C3F,0
08:4CC5,08:4CCB,7,4,1,08:4CB6,0
08:4DF6,08:4DFB,6,6,6,00:0020,6
08:4E74,08:4E93,32,32,32,08:4E38,0
08:4FC4,08:4FD8,21,21,21,08:4FA7,0
08:501F,08:5036,24,24,24,08:4FE6,0
08:511F,08:519A,124,120,114,08:5047,6
08:5347,08:5364,30,30,30,08:5324,0
08:5397,08:53B4,30,30,30,08:5374,0
08:54C6,08:5920,1115,1109,98,08:53CA,0
08:593D,08:593D,1,1,0,00:17E8,0
08:5968,08:5968,1,1,0,00:17E8,0
08:59A9,08:59A9,1,1,0,00:17E8,0
08:59D3,08:724E,6268,6219,650,00:17E8,10
08:7319,08:731B,3,3,3,08:72EE,0
08:74DC,08:74F0,21,21,21,08:74BF,0
08:7520,08:7FFF,2784,2784,0,00:17E8,0
09:4004,09:4017,20,20,20,00:0020,20
09:4285,09:428C,8,8,8,00:0020,8
09:43EB,09:43F2,8,8,8,09:43E7,8
09:44DB,09:44F4,26,26,26,09:44C8,0
09:4887,09:48B8,50,50,50,00:0020,50
09:49CB,09:49CE,4,4,4,09:49A4,0
09:4F85,09:4F9C,24,24,24,09:4F73,0
09:4FC9,09:4FD4,12,12,12,09:4FC0,0
09:509A,09:50CF,54,54,54,09:503D,0
09:5145,09:5154,16,16,16,09:5120,0
09:517D,09:518B,15,15,15,00:061D,0
09:5269,09:526C,4,4,4,09:5228,0
09:5293,09:529E,12,12,12,09:5279,0
09:53D3,09:5423,81,63,63,09:5424,0
09:5509,09:550B,3,3,3,09:54FA,0
09:55CD,09:55D6,10,10,8,09:55BC,0
09:566A,09:57B3,330,275,275,09:565B,0
09:57D7,09:57E0,10,10,10,09:57BE,0
09:5827,09:5842,28,28,26,09:57F1,0
09:58B4,09:58C1,14,14,14,09:5890,0
09:58EA,09:5B38,591,521,400,09:5B47,0
09:5C0E,09:5C13,6,6,6,09:5BE3,0
09:5C7D,09:5C99,29,23,10,09:5CB6,0
09:5FE7,09:6004,30,30,16,00:0020,30
09:60A5,09:60A7,3,3,3,09:603D,0
09:6147,09:6149,3,3,3,09:613E,0
09:6596,09:65A1,12,12,0,00:17E8,0
09:65CA,09:65D2,9,9,0,00:17E8,0
09:65FB,09:6603,9,9,0,00:17E8,0
09:66E1,09:6728,72,72,72,09:66DA,0
09:678A,09:67C4,59,59,27,09:6776,0
09:67FC,09:682F,52,52,23,09:67E3,0
09:685A,09:6879,32,32,8,09:6854,0
09:68BF,09:68F9,59,59,48,09:688C,0
09:696E,09:698D,32,32,20,09:693D,0
09:69AB,09:69C2,24,24,12,09:69A6,0
09:69DF,09:69EE,16,16,16,09:69DA,0
09:6A6E,09:6AD5,104,104,0,00:061D,0
09:6CE1,09:6CED,13,13,0,00:0633,0
09:6D9C,09:6E05,106,106,70,09:6D8D,0
09:6E34,09:6E95,98,98,38,09:70C0,0
09:6EC4,09:6F09,70,70,40,09:70C0,0
09:6F34,09:6F4F,28,28,26,09:70C0,0
09:6F9B,09:6FBE,36,36,36,09:6A03,0
09:6FE6,09:6FED,8,8,0,09:70C0,0
09:7000,09:7007,8,8,0,00:0636,0
09:7049,09:70B3,107,92,54,00:0639,0
09:725B,09:725D,3,3,3,00:0620,0
09:7294,09:7299,6,6,6,00:0020,6
09:7332,09:7345,20,20,20,09:72BF,0
09:739E,09:7FFF,3170,3170,21,09:738D,0
0A:541A,0A:54D9,192,192,54,0A:540F,0
0A:6BDD,0A:7CDF,4355,4355,1745,00:17E8,0
0A:7D16,0A:7FFF,746,746,0,00:17E8,0
0B:4000,0B:401F,32,32,32,00:1C9F,0
0B:410C,0B:410C,1,1,0,00:0468,0
0B:4138,0B:4138,1,1,0,00:0468,0
0B:415A,0B:416E,21,4,0,00:0468,0
0B:41E8,0B:41E8,1,1,0,00:0468,0
0B:4204,0B:4204,1,1,0,00:0630,0
0B:426A,0B:426A,1,1,0,00:0630,0
0B:4298,0B:4299,2,2,0,00:061D,0
0B:4359,0B:435F,7,3,0,00:0468,0
0B:4374,0B:4374,1,1,0,00:0639,0
0B:4395,0B:4395,1,1,0,00:0630,0
0B:43B0,0B:43B0,1,1,0,00:0468,0
0B:4558,0B:4558,1,1,0,00:0630,0
0B:4587,0B:4592,12,2,0,00:0468,0
0B:45C3,0B:45C3,1,1,0,00:0630,0
0B:468A,0B:468A,1,1,0,00:0468,0
0B:46A0,0B:46A1,2,2,0,00:061D,0
0B:4791,0B:479D,13,3,0,00:0468,0
0B:4997,0B:4997,1,1,0,00:0633,0
0B:4AA4,0B:4AA9,6,2,0,00:0630,0
0B:4B2E,0B:4B36,9,2,0,00:0468,0
0B:4B4E,0B:4B4E,1,1,0,00:0639,0
0B:4BA2,0B:4BA2,1,1,0,00:0639,0
0B:4C28,0B:4C29,2,2,0,00:061D,0
0B:4C70,0B:4C72,3,3,0,00:0468,0
0B:4CFA,0B:4CFA,1,1,0,00:0468,0
0B:4E2D,0B:4E2D,1,1,0,00:0630,0
0B:4E61,0B:4E61,1,1,0,00:0468,0
0B:4EFA,0B:4EFA,1,1,0,00:0468,0
0B:4F1A,0B:4F29,16,4,0,00:0468,0
0B:4F5E,0B:4F7C,31,11,0,00:0468,0
0B:4F96,0B:4FB6,33,4,0,00:0468,0
0B:5721,0B:5722,2,2,0,00:2163,0
0B:606A,0B:606A,1,1,0,00:0630,0
0B:649D,0B:649F,3,2,0,00:0633,0
0B:660B,0B:660C,2,2,0,00:2163,0
0B:663A,0B:664C,19,5,0,00:0630,0
0B:66A1,0B:66A1,1,1,0,00:0633,0
0B:6730,0B:6730,1,1,0,00:0630,0
0B:6779,0B:6779,1,1,0,00:0633,0
0B:67AC,0B:67AD,2,2,0,00:061D,0
0B:67C9,0B:67DA,18,2,0,00:0639,0
0B:68C5,0B:68C5,1,1,0,00:0639,0
0B:691D,0B:691D,1,1,0,00:0633,0
0B:6F66,0B:6F67,2,2,0,00:2163,0
0B:7F92,0B:7F92,1,1,0,00:0B02,0
0B:7FA6,0B:7FA6,1,1,0,00:0B02,0
0C:4000,0C:57FF,6144,6144,6144,00:0468,0
0C:5947,0C:596F,41,41,0,00:17E8,0
0C:59D8,0C:59E7,16,4,0,00:17E8,0
0C:5A40,0C:5CCF,656,656,656,00:061D,0
0C:5CFB,0C:5CFB,1,1,0,00:17E8,0
0C:5D2F,0C:5DFF,209,194,192,00:17E8,0
0C:5E16,0C:5E16,1,1,0,00:17E8,0
0C:5E3B,0C:607F,581,579,544,00:17E8,0
0C:60A4,0C:60AD,10,4,0,00:061D,0
0C:60C2,0C:6ADA,2585,2559,2480,00:17E8,0
0C:6AF1,0C:6B06,22,22,0,00:17E8,0
0C:6B43,0C:6B52,16,5,0,00:17E8,0
0C:6B71,0C:6B80,16,7,0,00:17E8,0
0C:6BEB,0C:6C18,46,40,0,00:17E8,0
0C:6C30,0C:72E5,1718,1712,1536,00:061D,0
0C:72F9,0C:7FFF,3335,3251,1904,00:17E8,0
0D:4000,0D:5F7F,8064,8064,8064,00:0468,0
0D:6000,0D:6FFF,4096,4096,4096,00:061D,0
0D:7054,0D:718D,314,304,0,00:17E8,0
0D:71DF,0D:7204,38,27,0,00:17E8,0
0D:72C1,0D:72D9,25,25,0,00:17E8,0
0D:72F2,0D:72F6,5,5,0,00:17E8,0
0D:7371,0D:75C7,599,565,0,00:17E8,0
0D:7603,0D:7647,69,38,0,00:17E8,0
0D:765C,0D:7671,22,18,0,00:17E8,0
0D:76A8,0D:7FFF,2392,2336,1792,00:17E8,0
0E:4000,0E:4EFF,3840,3840,3840,00:061D,0
0E:4F14,0E:4F14,1,1,0,00:0636,0
0E:4F34,0E:4F45,18,3,0,00:061D,0
0E:4F5B,0E:4F6D,19,3,0,00:0633,0
0E:4F7F,0E:4F91,19,3,0,00:0636,0
0E:5400,0E:7FFF,11264,11264,8064,00:061D,0
0F:4000,0F:7FFF,16384,16384,12800,00:0468,0
10:4042,10:4053,18,4,0,00:0468,0
10:4065,10:4065,1,1,0,00:0630,0
10:4118,10:4119,2,2,0,00:0468,0
10:4135,10:4135,1,1,0,00:0468,0
10:41A2,10:41A3,2,2,0,00:061D,0
10:4208,10:4209,2,2,0,00:061D,0
10:4258,10:4258,1,1,0,00:0468,0
10:4292,10:4299,8,2,0,00:0468,0
10:4359,10:4389,49,9,0,00:0630,0
10:446B,10:4479,15,4,0,00:0639,0
10:44B2,10:44BC,11,2,0,00:0468,0
10:455F,10:455F,1,1,0,00:0468,0
10:4573,10:4573,1,1,0,00:0639,0
10:458F,10:458F,1,1,0,00:0468,0
10:4664,10:4665,2,2,0,00:0468,0
10:468F,10:468F,1,1,0,00:0468,0
10:476C,10:476F,4,2,0,00:0468,0
10:4787,10:4787,1,1,0,00:0633,0
10:47AC,10:47B9,14,3,0,00:0639,0
10:486B,10:487B,17,3,0,00:0636,0
10:488F,10:48C6,56,50,0,00:17E8,0
10:4992,10:499A,9,2,0,00:0468,0
10:4A37,10:4A37,1,1,0,00:0630,0
10:4AB7,10:4ABB,5,2,0,00:0636,0
10:4AD5,10:4AD7,3,2,0,00:0636,0
10:4B5A,10:4B5A,1,1,0,00:0468,0
10:4B79,10:4B7D,5,2,0,00:0468,0
10:4B92,10:4B92,1,1,0,00:0468,0
10:4BAA,10:4BAB,2,2,0,00:061D,0
10:4C32,10:4C32,1,1,0,00:0468,0
10:4C58,10:4CBA,99,99,0,00:17E8,0
10:4CD5,10:4CD8,4,3,0,00:061D,0
10:4DB3,10:587F,2765,2743,2688,00:061D,0
10:5C00,10:749F,6304,6304,6272,00:0468,0
10:74E6,10:7548,99,98,0,00:17E8,0
10:7593,10:76DF,333,333,0,00:17E8,0
10:76F5,10:789F,427,426,0,00:17E8,0
10:7900,10:79D2,211,211,0,00:162F,0
10:7A00,10:7A3F,64,48,0,00:162F,0
10:7A60,10:7BB3,340,336,0,00:162F,0
10:7BD0,10:7D4F,384,369,0,00:162F,0
10:7D70,10:7D8F,32,32,0,00:162F,0
10:7DB0,10:7EDA,299,291,0,00:162F,0
10:7EFC,10:7FBF,196,196,0,00:17E8,0
10:7FD2,10:7FFF,46,46,0,00:17E8,0
11:4000,11:7FFF,16384,16290,10240,00:061D,0
12:4000,12:7FFF,16384,16384,16256,00:0468,0
13:4000,13:7FFF,16384,16384,15872,00:0468,0
14:413C,14:414D,18,3,0,00:0468,0
14:41C9,14:41C9,1,1,0,00:0468,0
14:4267,14:4267,1,1,0,00:0639,0
14:4384,14:4384,1,1,0,00:0630,0
14:4465,14:446D,9,2,0,00:0468,0
14:4495,14:4495,1,1,0,00:0639,0
14:4554,14:550B,4024,4024,4024,00:289E,0
14:5800,14:7FFF,10240,10240,10144,00:0468,0
15:4000,15:51FF,4608,4608,4608,00:0468,0
15:5236,15:527D,72,65,0,00:17E8,0
15:52B3,15:52EF,61,57,0,00:17E8,0
15:538C,15:54FF,372,356,256,00:17E8,0
15:5600,15:7FFF,10752,10752,6400,00:0468,0
16:4000,16:7FFF,16384,16384,14336,00:0468,0
17:4000,17:5504,5381,5381,5360,00:0468,0
17:55D8,17:5600,41,22,0,00:17E8,0
17:582D,17:582D,1,1,0,00:17E8,0
17:59E4,17:5A0D,42,24,0,00:17E8,0
17:5B3A,17:5B3B,2,2,0,00:17E8,0
17:5B8D,17:5BAD,33,31,0,00:0468,0
17:5BE5,17:5BF9,21,12,0,00:17E8,0
17:5CAF,17:5CC1,19,10,0,00:17E8,0
17:5D0B,17:5D41,55,47,0,00:17E8,0
17:5D72,17:5D84,19,8,0,00:17E8,0
17:5DB4,17:5DB5,2,2,0,00:17E8,0
17:5DF4,17:5E3B,72,62,0,00:17E8,0
17:5E74,17:5E95,34,21,0,00:17E8,0
17:5F4A,17:5FC5,124,102,0,00:17E8,0
17:60B8,17:60B8,1,1,0,00:0630,0
17:6129,17:6138,16,5,0,00:17E8,0
17:6226,17:6235,16,3,0,00:17E8,0
17:6275,17:62B1,61,44,0,00:17E8,0
17:6332,17:63A1,112,88,0,00:17E8,0
17:63C3,17:63C3,1,1,0,00:17E8,0
17:6414,17:643A,39,25,0,00:17E8,0
17:6453,17:64A2,80,64,0,00:17E8,0
17:64C7,17:6577,177,116,0,00:17E8,0
17:666E,17:6728,187,120,0,00:17E8,0
17:673B,17:6757,29,21,0,00:17E8,0
17:6771,17:67C4,84,48,0,00:17E8,0
17:67F1,17:7FFF,6159,6147,5952,00:17E8,0
18:4000,18:7FFF,16384,16384,15888,00:0468,0
19:4000,19:645F,9312,9312,9312,00:0468,0
19:6474,19:647B,8,8,0,00:17E8,0
19:6491,19:6497,7,7,0,00:17E8,0
19:64C0,19:64C6,7,7,0,00:17E8,0
19:6504,19:650B,8,8,0,00:17E8,0
19:6533,19:6545,19,15,0,00:17E8,0
19:65CE,19:65D4,7,7,0,00:17E8,0
19:6653,19:665A,8,8,0,00:17E8,0
19:66C2,19:66C8,7,7,0,00:17E8,0
19:672B,19:672B,1,1,0,00:0633,0
19:6744,19:674F,12,12,0,00:17E8,0
19:677E,19:67A2,37,23,0,00:17E8,0
19:67B7,19:67BE,8,8,0,00:17E8,0
19:67E3,19:67E9,7,7,0,00:17E8,0
19:680E,19:6814,7,7,0,00:17E8,0
19:682A,19:6832,9,9,0,00:17E8,0
19:6859,19:6860,8,8,0,00:17E8,0
19:689E,19:68A9,12,12,0,00:17E8,0
19:68CD,19:68DE,18,15,0,00:17E8,0
19:6967,19:698B,37,23,0,00:17E8,0
19:6A22,19:6A29,8,8,0,00:17E8,0
19:6A84,19:6A8B,8,8,0,00:17E8,0
19:6ADE,19:6AE9,12,12,0,00:17E8,0
19:6B2A,19:6B3B,18,16,0,00:17E8,0
19:6B51,19:6B5C,12,12,0,00:17E8,0
19:6B8B,19:6BAE,36,23,0,00:17E8,0
19:6BC2,19:6BF6,53,24,0,00:17E8,0
19:6C1B,19:6D24,266,225,0,00:17E8,0
19:6D36,19:6D9C,103,92,0,00:17E8,0
19:6DBC,19:6DDE,35,22,0,00:17E8,0
19:6DF1,19:6DFE,14,14,0,00:17E8,0
19:6E1E,19:6E24,7,7,0,00:17E8,0
19:6E36,19:6E51,28,15,0,00:17E8,0
19:6E77,19:6ED4,94,84,0,00:17E8,0
19:6EEA,19:6FDC,243,208,0,00:17E8,0
19:6FF7,19:7052,92,83,0,00:17E8,0
19:706D,19:70C3,87,76,0,00:17E8,0
19:70E8,19:70FD,22,16,0,00:17E8,0
19:7155,19:721C,200,116,0,00:17E8,0
19:7238,19:732E,247,244,0,00:17E8,0
19:7345,19:73DF,155,143,0,00:17E8,0
19:7407,19:75B8,434,362,0,00:17E8,0
19:75DB,19:75E4,10,10,0,00:17E8,0
19:7601,19:7736,310,285,0,00:17E8,0
19:774A,19:7783,58,33,0,00:17E8,0
19:7796,19:7BCA,1077,1007,0,00:17E8,0
19:7BE1,19:7FFF,1055,1027,392,00:17E8,0
1A:4000,1A:515F,4448,4448,4352,00:0468,0
1A:5200,1A:6389,4490,4490,4448,00:0468,0
1A:6400,1A:7FFF,7168,7131,6400,00:0468,0
1B:4000,1B:705F,12384,12384,12176,00:0468,0
1B:7100,1B:7F4F,3664,3664,0,00:0468,0
1B:7F8F,1B:7F8F,1,1,0,00:0B02,0
1B:7FFE,1B:7FFF,2,2,0,00:17E8,0
1C:4000,1C:511F,4384,4384,4384,00:061D,0
1C:51A0,1C:561F,1152,1152,1152,00:061D,0
1C:563E,1C:5645,8,8,0,00:17E8,0
1C:5660,1C:571F,192,190,190,00:061D,0
1C:5760,1C:5B40,993,992,960,00:061D,0
1C:5B60,1C:5BBF,96,96,96,00:0468,0
1C:5BE0,1C:5CBF,224,223,160,00:061D,0
1C:5CE0,1C:5D1F,64,64,64,00:061D,0
1C:5D40,1C:5D40,1,1,0,00:17E8,0
1C:5D54,1C:5EA0,333,320,256,00:17E8,0
1C:5EB7,1C:5ED9,35,21,0,00:17E8,0
1C:5F0D,1C:5F61,85,47,0,00:17E8,0
1C:5F76,1C:5FC0,75,34,0,00:17E8,0
1C:5FD6,1C:5FD6,1,1,0,00:17E8,0
1C:5FF3,1C:5FF9,7,7,0,00:17E8,0
1C:6010,1C:6049,58,31,0,00:17E8,0
1C:6067,1C:6119,179,113,0,00:17E8,0
1C:6149,1C:6211,201,170,0,00:17E8,0
1C:6227,1C:62E6,192,172,0,00:17E8,0
1C:6316,1C:63DF,202,160,0,00:17E8,0
1C:63F9,1C:6458,96,75,0,00:17E8,0
1C:646C,1C:6526,187,177,0,00:17E8,0
1C:6539,1C:653F,7,7,0,00:17E8,0
1C:6553,1C:6698,326,316,0,00:17E8,0
1C:66AC,1C:7FFF,6484,6341,4768,00:17E8,0
1D:4000,1D:7FFF,16384,16384,14560,00:0468,0
1E:4000,1E:65CF,9680,9655,9584,00:0468,0
1E:6685,1E:6686,2,2,0,00:17E8,0
1E:669C,1E:6724,137,95,0,00:0636,0
1E:675D,1E:67A3,71,51,0,00:17E8,0
1E:67D0,1E:67D1,2,2,0,00:17E8,0
1E:6830,1E:6839,10,10,0,00:17E8,0
1E:684E,1E:688D,64,45,0,00:17E8,0
1E:68C5,1E:68D4,16,4,0,00:17E8,0
1E:6904,1E:692B,40,27,0,00:17E8,0
1E:6963,1E:6964,2,2,0,00:17E8,0
1E:6999,1E:7FFF,5735,5702,5360,00:17E8,0
1F:4000,1F:437B,892,876,637,1F:5644,0
1F:4391,1F:439A,10,10,10,1F:525E,0
1F:43B8,1F:43C1,10,10,10,1F:525E,0
1F:43DF,1F:43E3,5,5,0,1F:525E,0
1F:43F7,1F:4400,10,10,5,1F:525E,0
1F:4427,1F:4430,10,10,10,1F:525E,0
1F:4452,1F:4463,18,10,10,1F:525E,0
1F:448F,1F:4498,10,10,10,1F:525E,0
1F:44C0,1F:44C9,10,10,10,1F:525E,0
1F:44EE,1F:4510,35,18,18,1F:525E,0
1F:452A,1F:452F,6,6,6,1F:45A6,0
1F:4549,1F:4553,11,11,11,1F:45A6,0
1F:4575,1F:4582,14,14,14,1F:525E,0
1F:45B7,1F:45C0,10,10,10,1F:525E,0
1F:45E8,1F:45F6,15,15,15,1F:525E,0
1F:4627,1F:463D,23,20,18,1F:525E,0
1F:4670,1F:4679,10,10,10,1F:525E,0
1F:4697,1F:4744,174,123,121,1F:525E,0
1F:477B,1F:477F,5,5,5,1F:525E,0
1F:47AA,1F:47B3,10,10,10,1F:525E,0
1F:47D9,1F:47EB,19,19,12,1F:525E,0
1F:481A,1F:481E,5,5,5,1F:525E,0
1F:483F,1F:4843,5,5,5,1F:525E,0
1F:4864,1F:4893,48,19,15,1F:525E,0
1F:48A9,1F:48AD,5,5,5,1F:54DE,0
1F:48DF,1F:48EB,13,13,2,1F:48D3,0
1F:4904,1F:490D,10,10,0,1F:54DE,0
1F:4954,1F:496A,23,13,5,00:17E8,0
1F:498E,1F:49B5,40,40,0,1F:4986,0
1F:49F3,1F:4A41,79,79,0,1F:4986,0
1F:4A69,1F:4A6D,5,5,0,1F:525E,0
1F:4A90,1F:4A94,5,4,0,00:17E8,0
1F:4AB8,1F:4AC6,15,15,15,1F:525E,0
1F:4ADF,1F:4AED,15,15,15,1F:525E,0
1F:4B05,1F:4B16,18,18,18,1F:525E,0
1F:4B2E,1F:4B3C,15,15,15,1F:525E,0
1F:4B54,1F:4B63,16,16,16,1F:525E,0
1F:4B92,1F:4BA5,20,20,20,1F:525E,0
1F:4BBF,1F:4BCD,15,15,15,1F:525E,0
1F:4BF7,1F:4C08,18,18,18,1F:525E,0
1F:4C2A,1F:4C3A,17,17,17,1F:525E,0
1F:4C5C,1F:4C60,5,5,5,1F:525E,0
1F:4CB1,1F:4CDE,46,44,32,1F:525E,0
1F:4D07,1F:4D27,33,33,17,1F:4D5E,0
1F:4D72,1F:4D85,20,12,12,1F:525E,0
1F:4DA8,1F:4DF0,73,57,57,1F:525E,0
1F:4E08,1F:4E20,25,25,25,1F:525E,0
1F:4E41,1F:4E48,8,8,8,1F:525E,0
1F:4E66,1F:4E6D,8,8,0,1F:525E,0
1F:4E8F,1F:4E96,8,8,8,1F:525E,0
1F:4EB8,1F:4EBB,4,2,0,00:17E8,0
1F:4ED9,1F:4F0C,52,25,24,1F:525E,0
1F:4F28,1F:4F2B,4,4,0,1F:54DE,0
1F:4F4D,1F:4F55,9,9,8,1F:4F20,0
1F:4F6D,1F:4F71,5,5,0,1F:525E,0
1F:4FC2,1F:4FCA,9,9,9,00:17E8,0
1F:4FEA,1F:4FF4,11,11,11,1F:525E,0
1F:5027,1F:502B,5,5,5,1F:525E,0
1F:5054,1F:5058,5,5,0,1F:54DE,0
1F:508B,1F:508F,5,5,0,1F:525E,0
1F:50B9,1F:50BD,5,5,5,1F:525E,0
1F:50E5,1F:50E9,5,5,5,1F:525E,0
1F:5110,1F:5114,5,5,5,1F:525E,0
1F:51AA,1F:5209,96,96,80,1F:5289,0
1F:5771,1F:7FFF,10383,10374,9887,1F:570B,0
20:4000,20:7FFF,16384,16384,16272,00:0468,0
21:4000,21:7FFF,16384,16384,13984,00:0468,0
22:4000,22:7FFF,16384,16383,16124,00:061D,0
23:4000,23:7FFF,16384,16158,13532,00:061D,0
24:4000,24:7FFF,16384,16019,14744,00:0639,0
25:4000,25:4A7F,2688,2688,2688,00:061D,0
25:4B36,25:4B36,1,1,0,00:0639,0
25:4B98,25:4B9A,3,3,0,00:061D,0
25:4C67,25:4C67,1,1,0,00:0468,0
25:4D74,25:4D74,1,1,0,00:0630,0
25:4DA2,25:4DA3,2,2,0,00:061D,0
25:4DB7,25:507F,713,709,704,00:17E8,0
25:50C0,25:531F,608,608,608,00:061D,0
25:5360,25:57FF,1184,1184,1184,00:061D,0
25:5820,25:7182,6499,6487,6432,00:061D,0
25:7194,25:7637,1188,1171,1088,00:17E8,0
25:764C,25:7FFF,2484,2394,1440,00:17E8,0
26:4000,26:44FF,1280,1280,1280,00:061D,0
26:456A,26:456A,1,1,0,00:0468,0
26:4665,26:4667,3,2,0,00:0630,0
26:4771,26:4772,2,2,0,00:0639,0
26:479F,26:479F,1,1,0,00:0636,0
26:4880,26:533F,2752,2752,2752,00:061D,0
26:5352,26:5359,8,8,0,00:17E8,0
26:5580,26:6613,4244,4202,3456,00:0468,0
26:6625,26:7FFF,6619,6597,4744,00:17E8,0
27:4000,27:4771,1906,1906,1906,00:061D,0
27:4798,27:4798,1,1,0,00:0633,0
27:47AC,27:47AC,1,1,0,00:0468,0
27:47C6,27:47CF,10,10,0,00:17E8,0
27:480C,27:4823,24,21,0,00:17E8,0
27:4837,27:4840,10,10,0,00:17E8,0
27:4870,27:4AAF,576,576,576,00:0468,0
27:4AD0,27:4B39,106,65,64,00:204D,0
27:4B50,27:4B5F,16,16,16,00:204D,0
27:4B90,27:4BAA,27,18,16,00:204D,0
27:4C66,27:4C73,14,2,0,00:0630,0
27:4CB0,27:7FFF,13136,13121,10912,00:061D,0
28:4000,28:517F,4480,4480,2560,00:0468,0
28:5400,28:62FF,3840,3840,1280,00:0468,0
28:662B,28:662B,1,1,0,00:0639,0
28:6748,28:6748,1,1,0,00:0630,0
28:6830,28:6831,2,2,0,00:061D,0
28:6844,28:6844,1,1,0,00:0630,0
28:6870,28:6870,1,1,0,00:0636,0
28:6E9D,28:6EB3,23,18,0,00:17E8,0
28:6F1D,28:6F25,9,9,0,00:17E8,0
28:7000,28:7FFF,4096,4096,4096,00:061D,0
29:4000,29:5D3F,7488,7488,7488,00:172F,0
29:6000,29:61BC,445,445,89,00:0468,0
29:66E2,29:66F1,16,2,0,00:0630,0
29:787E,29:787E,1,1,0,00:17E8,0
29:7BCF,29:7BCF,1,1,0,00:17E8,0
29:7CB5,29:7CB6,2,2,0,00:17E8,0
29:7D7F,29:7D80,2,2,0,00:17E8,0
29:7D9B,29:7D9B,1,1,0,00:17E8,0
2A:4000,2A:50BF,4288,4288,4256,00:061D,0
2A:50E0,2A:511F,64,64,0,00:061D,0
2A:5180,2A:51BF,64,64,0,00:061D,0
2A:5220,2A:525F,64,64,0,00:061D,0
2A:52C0,2A:537F,192,192,0,00:061D,0
2A:53C0,2A:53DF,32,32,0,00:061D,0
2A:5400,2A:5DBD,2494,2494,2112,00:061D,0
2A:5EA0,2A:5EBF,32,32,0,00:061D,0
2A:5F80,2A:6B3F,3008,3008,2912,00:061D,0
2A:6B5D,2A:6BCF,115,95,64,00:17E8,0
2A:6C00,2A:6C7F,128,128,128,00:061D,0
2A:6CA7,2A:6CA7,1,1,0,00:17E8,0
2A:6CC0,2A:6CDF,32,32,32,00:061D,0
2A:6D00,2A:6D37,56,34,32,00:061D,0
2A:6D54,2A:6D9F,76,35,32,00:17E8,0
2A:6DC8,2A:6DF3,44,6,0,00:17E8,0
2A:6E20,2A:6E5F,64,64,64,00:061D,0
2A:6E82,2A:6E9F,30,3,0,00:17E8,0
2A:6EBC,2A:6EBC,1,1,0,00:17E8,0
2A:6ED8,2A:6EFF,40,33,32,00:17E8,0
2A:6F3F,2A:6F3F,1,1,0,00:17E8,0
2A:6F57,2A:6F5B,5,2,0,00:17E8,0
2A:6F97,2A:7041,171,72,0,00:17E8,0
2A:7053,2A:7053,1,1,0,00:17E8,0
2A:7088,2A:7088,1,1,0,00:17E8,0
2A:70D0,2A:70D0,1,1,0,00:17E8,0
2A:7115,2A:715D,73,69,0,00:17E8,0
2A:718B,2A:718B,1,1,0,00:17E8,0
2A:71D4,2A:720E,59,6,0,00:17E8,0
2A:722A,2A:722A,1,1,0,00:17E8,0
2A:7248,2A:72C9,130,89,0,00:17E8,0
2A:734A,2A:734A,1,1,0,00:17E8,0
2A:73A1,2A:73BE,30,5,0,00:17E8,0
2A:7406,2A:7431,44,4,0,00:17E8,0
2A:7460,2A:749A,59,56,0,00:17E8,0
2A:74B2,2A:74B2,1,1,0,00:17E8,0
2A:74ED,2A:74ED,1,1,0,00:17E8,0
2A:7520,2A:758C,109,101,0,00:061D,0
2A:75C4,2A:75E1,30,3,0,00:17E8,0
2A:75FD,2A:75FD,1,1,0,00:17E8,0
2A:7628,2A:7628,1,1,0,00:17E8,0
2A:7666,2A:76AC,71,68,0,00:17E8,0
2A:76C4,2A:76C4,1,1,0,00:17E8,0
2A:76F2,2A:76F2,1,1,0,00:17E8,0
2A:7708,2A:77C0,185,157,0,00:17E8,0
2A:77E0,2A:77FF,32,32,0,00:061D,0
2A:7820,2A:7887,104,86,32,00:17E8,0
2A:789B,2A:78C3,41,4,0,00:17E8,0
2A:7908,2A:7940,57,5,0,00:17E8,0
2A:79D1,2A:7AAC,220,138,0,00:17E8,0
2A:7AC5,2A:7B03,63,35,0,00:17E8,0
2A:7B1C,2A:7BBD,162,148,0,00:17E8,0
2A:7BF7,2A:7C93,157,109,0,00:17E8,0
2A:7CBC,2A:7E08,333,303,0,00:17E8,0
2A:7E25,2A:7E25,1,1,0,00:17E8,0
2A:7E50,2A:7E6E,31,4,0,00:17E8,0
2A:7E99,2A:7EB6,30,4,0,00:17E8,0
2A:7ED3,2A:7F8E,188,81,0,00:17E8,0
2A:7FA0,2A:7FFF,96,96,32,00:061D,0
2B:4000,2B:43BF,960,960,0,00:0468,0
2B:4483,2B:4484,2,2,0,00:061D,0
2B:44B9,2B:44BA,2,2,0,00:061D,0
2B:4685,2B:4685,1,1,0,00:0636,0
2B:46A9,2B:46A9,1,1,0,00:0468,0
2B:4786,2B:4786,1,1,0,00:0468,0
2B:489B,2B:489D,3,2,0,00:0633,0
2B:4979,2B:4979,1,1,0,00:0468,0
2B:498D,2B:4991,5,3,0,00:061D,0
2B:49A3,2B:49A9,7,2,0,00:0468,0
2B:4B5F,2B:4B6B,13,2,0,00:0633,0
2B:4BB5,2B:4BC3,15,2,0,00:0468,0
2B:4C99,2B:4C99,1,1,0,00:0639,0
2B:4CD3,2B:4CDB,9,2,0,00:0633,0
2B:4E21,2B:4E21,1,1,0,00:0468,0
2B:4E66,2B:4E66,1,1,0,00:0636,0
2B:4EAB,2B:4EAB,1,1,0,00:0630,0
2B:4ECF,2B:4ECF,1,1,0,00:0468,0
2B:4F06,2B:4F06,1,1,0,00:0630,0
2B:4F91,2B:4F91,1,1,0,00:0633,0
2B:5800,2B:58EF,240,240,0,00:0468,0
2B:63A1,2B:63A1,1,1,0,00:0633,0
2B:6491,2B:6491,1,1,0,00:0633,0
2B:667D,2B:667D,1,1,0,00:0633,0
2B:688E,2B:688E,1,1,0,00:0636,0
2B:7F96,2B:7F96,1,1,0,00:0B02,0
2B:7FB6,2B:7FB6,1,1,0,00:0B02,0
2C:4000,2C:5F7F,8064,8064,8064,00:0468,0
2C:6000,2C:72DA,4827,4816,4800,00:0468,0
2C:72FC,2C:72FD,2,2,0,00:17E8,0
2C:7310,2C:7311,2,2,0,00:17E8,0
2C:734B,2C:735B,17,16,0,00:17E8,0
2C:73B5,2C:73B6,2,2,0,00:17E8,0
2C:7487,2C:7496,16,15,0,00:17E8,0
2C:74BE,2C:74CE,17,16,0,00:17E8,0
2C:753A,2C:753B,2,2,0,00:17E8,0
2C:7564,2C:7565,2,2,0,00:17E8,0
2C:7588,2C:7598,17,16,0,00:17E8,0
2C:75C6,2C:75C7,2,2,0,00:17E8,0
2C:7643,2C:7673,49,31,0,00:17E8,0
2C:7690,2C:7691,2,2,0,00:17E8,0
2C:76B7,2C:76C7,17,16,0,00:17E8,0
2C:7755,2C:7766,18,17,0,00:17E8,0
2C:778E,2C:779F,18,18,0,00:17E8,0
2C:77C9,2C:77EA,34,19,0,00:17E8,0
2C:7803,2C:7823,33,17,0,00:17E8,0
2C:7841,2C:7842,2,2,0,00:17E8,0
2C:7892,2C:78B2,33,32,0,00:17E8,0
2C:78CC,2C:7915,74,48,0,00:17E8,0
2C:7930,2C:794F,32,30,0,00:17E8,0
2C:7979,2C:7989,17,16,0,00:17E8,0
2C:79A7,2C:79B7,17,16,0,00:17E8,0
2C:79E7,2C:79E8,2,2,0,00:17E8,0
2C:7A0D,2C:7A0D,1,1,0,00:17E8,0
2C:7A42,2C:7A52,17,16,0,00:17E8,0
2C:7A6B,2C:7A8C,34,18,0,00:17E8,0
2C:7ACF,2C:7ADB,13,6,0,00:17E8,0
2C:7AFE,2C:7B37,58,46,0,00:17E8,0
2C:7B50,2C:7BA1,82,76,0,00:17E8,0
2C:7BBB,2C:7BCF,21,18,0,00:17E8,0
2C:7BE4,2C:7BF4,17,17,0,00:17E8,0
2C:7C13,2C:7C25,19,17,0,00:17E8,0
2C:7C6B,2C:7C92,40,19,0,00:17E8,0
2C:7CB1,2C:7CCC,28,28,0,00:17E8,0
2C:7CF6,2C:7E42,333,232,0,00:17E8,0
2C:7E5D,2C:7E8E,50,45,0,00:17E8,0
2C:7EA5,2C:7ECA,38,37,0,00:17E8,0
2C:7EE3,2C:7EF2,16,15,0,00:17E8,0
2C:7F0D,2C:7F66,90,77,0,00:17E8,0
2C:7F8F,2C:7FFF,113,86,0,00:17E8,0
2D:4000,2D:6CFF,11520,11520,11520,00:0468,0
2D:6E81,2D:6E81,1,1,0,00:17E8,0
2D:6F17,2D:6F17,1,1,0,00:17E8,0
2D:6FD4,2D:6FD4,1,1,0,00:17E8,0
2D:6FEC,2D:6FEC,1,1,0,00:17E8,0
2D:7000,2D:7FD4,4053,4047,3904,00:0468,0
2D:7FFF,2D:7FFF,1,1,0,00:17E8,0
2E:4000,2E:7FFF,16384,16384,13920,00:061D,0
2F:4000,2F:567F,5760,5760,5632,00:0468,0
2F:5800,2F:683F,4160,4160,4160,00:0468,0
2F:68BA,2F:68BB,2,2,0,00:061D,0
2F:7000,2F:74FF,1280,1280,1280,00:061D,0
2F:7E91,2F:7E91,1,1,0,00:17E8,0
2F:7F98,2F:7F98,1,1,0,00:0B02,0
2F:7FB8,2F:7FB8,1,1,0,00:0B02,0
30:4000,30:7FFF,16384,16384,6976,00:0468,0
31:4000,31:6CD5,11478,11478,8960,00:061D,0
31:7000,31:7FFF,4096,4096,4096,00:061D,0
32:4000,32:417F,384,384,384,00:061D,0
32:41E0,32:41E0,1,1,0,00:0468,0
32:4286,32:4287,2,2,0,00:061D,0
32:456D,32:456D,1,1,0,00:0468,0
32:45B2,32:45B2,1,1,0,00:0633,0
32:4678,32:4678,1,1,0,00:0633,0
32:4800,32:597F,4480,4480,4480,00:061D,0
32:6000,32:717F,4480,4480,4480,00:061D,0
32:7800,32:7FFF,2048,2048,2048,00:061D,0
33:4000,33:497F,2432,2432,2432,00:061D,0
33:49B3,33:49B3,1,1,0,00:0630,0
33:4A32,33:4A32,1,1,0,00:0630,0
33:4AA2,33:4AA2,1,1,0,00:0468,0
33:4BC7,33:4BCF,9,6,0,00:0468,0
33:4C5D,33:4C68,12,2,0,00:0468,0
33:4C93,33:4C93,1,1,0,00:0468,0
33:4E5B,33:4E5F,5,3,0,00:061D,0
33:4E75,33:4E75,1,1,0,00:0630,0
33:4E8A,33:4E8A,1,1,0,00:0636,0
33:4EF1,33:4EF1,1,1,0,00:0468,0
33:4F94,33:4F94,1,1,0,00:0468,0
33:6568,33:6568,1,1,0,00:0630,0
33:6800,33:797F,4480,4480,0,00:061D,0
33:7F9A,33:7FBA,33,3,0,00:0B02,0
34:4000,34:7AE4,15077,15076,15048,00:0468,0
34:7B33,34:7B66,52,51,0,00:17E8,0
34:7B8D,34:7BDC,80,73,0,00:17E8,0
34:7BF6,34:7C1A,37,37,0,00:17E8,0
34:7C39,34:7C4F,23,23,0,00:17E8,0
34:7C63,34:7C79,23,22,0,00:17E8,0
34:7C91,34:7CAF,31,31,0,00:17E8,0
34:7CEC,34:7E08,285,244,0,00:17E8,0
34:7E4B,34:7F1B,209,200,0,00:17E8,0
34:7F33,34:7FBB,137,134,0,00:17E8,0
34:7FCF,34:7FFF,49,49,0,00:17E8,0
35:4000,35:7AC7,15048,15048,15048,00:061D,0
35:7C37,35:7C86,80,72,0,00:17E8,0
35:7CEE,35:7D13,38,38,0,00:17E8,0
35:7FC2,35:7FE6,37,36,0,00:17E8,0
36:4000,36:7FFF,16384,16384,15696,00:326D,0
37:4000,37:4FB7,4024,4024,256,00:1FEC,0
37:5000,37:5FB7,4024,4024,256,00:0468,0
37:6000,37:6FB7,4024,4024,256,00:0468,0
37:7000,37:7FBC,4029,4025,4024,00:0468,0
38:4000,38:4FB7,4024,4024,3840,00:326D,0
38:5000,38:5FB7,4024,4024,3840,00:326D,0
38:6000,38:6FB7,4024,4024,3808,00:326D,0
38:7000,38:7FB7,4024,4024,3808,00:326D,0
39:4000,39:7FFD,16382,16212,11648,00:20EB,0
3A:4000,3A:5FB7,8120,8120,7616,00:326D,0
3A:6000,3A:6FB7,4024,4024,224,00:0468,0
3A:7000,3A:7FB7,4024,4024,0,00:0468,0
3B:4001,3B:7FFE,16382,6797,224,00:20EB,0
3C:401B,3C:4118,254,225,0,00:0639,0
3C:413A,3C:413A,1,1,0,00:0636,0
3C:416A,3C:418C,35,6,0,00:0468,0
3C:41C3,3C:41D6,20,4,0,00:0468,0
3C:41E8,3C:41F2,11,4,0,00:0639,0
3C:4257,3C:4257,1,1,0,00:0468,0
3C:428F,3C:428F,1,1,0,00:0468,0
3C:4363,3C:4364,2,2,0,00:0639,0
3C:4378,3C:4378,1,1,0,00:0630,0
3C:4393,3C:4394,2,2,0,00:061D,0
3C:43AA,3C:43AA,1,1,0,00:0468,0
3C:447A,3C:4488,15,2,0,00:0468,0
3C:449E,3C:449E,1,1,0,00:0633,0
3C:4561,3C:4569,9,2,0,00:0639,0
3C:4585,3C:4588,4,3,0,00:0468,0
3C:4681,3C:4681,1,1,0,00:0468,0
3C:4698,3C:46A2,11,3,0,00:0636,0
3C:4783,3C:4784,2,2,0,00:0468,0
3C:4796,3C:4797,2,2,0,00:061D,0
3C:4895,3C:4895,1,1,0,00:0468,0
3C:4987,3C:4987,1,1,0,00:0468,0
3C:4A39,3C:4A39,1,1,0,00:0468,0
3C:4A68,3C:4A68,1,1,0,00:0468,0
3C:4ABF,3C:4ACD,15,2,0,00:0468,0
3C:4B7B,3C:4D7A,512,512,0,00:061D,0
3C:4D8F,3C:4D92,4,3,0,00:0468,0
3C:4E28,3C:4E2C,5,2,0,00:0630,0
3C:4EAE,3C:4EAE,1,1,0,00:0468,0
3C:4EC0,3C:4EC0,1,1,0,00:0636,0
3C:4EE2,3C:4EFA,25,4,0,00:0633,0
3C:4F18,3C:4F18,1,1,0,00:0468,0
3C:4F2F,3C:4F65,55,33,0,00:0630,0
3C:4F94,3C:4F95,2,2,0,00:061D,0
3C:5F36,3C:5F53,30,30,0,00:0468,0
3C:6000,3C:7FFF,8192,8189,4248,00:0468,0
3D:4000,3D:7FFF,16384,16211,3808,00:0468,0
3E:4000,3E:7FFF,16384,16384,14336,00:061D,0
3F:4000,3F:7FFF,16384,16384,15024,00:061D,0
