root,executed,organic,note
00:0008,1,1,rst $08 vector body (wait for VBlank flag; falls through into rst $10 body); tracer only special-cases `rst $08`
00:0010,1,1,rst $10 vector body (HL = flag address; halt until ISR sets it)
00:0018,1,1,rst $18 vector body = jump-table dispatcher (pop hl; HL+2*A; jp hl)
00:0060,1,0,joypad interrupt vector $60 = `jp $0389` (a reti); tracer lists only $40/$48/$50/$58
00:0210,1,1,"soft reset: VBlank ISR does `ld hl,$0210 ; push hl ; reti` at 00:031A when the reset key combo is held (a second copy of the boot sequence 0150-020F)"
00:0367,0,0,"DEAD-CODE (unreferenced): decodes cleanly to ret/jp, no call/jp/ld operand, table word or split-immediate points here"
00:0380,1,1,"serial/joypad IRQ dispatcher: return address `ld hl,$0380; push hl` then `push bc; ret` into the [$FFC6] table (00:0368)"
00:038A,1,1,body of the inline mode-table dispatcher `call $038A` (special-cased by the tracer)
00:03A6,1,1,"return address pushed by the $038A dispatcher (`ld de,$03a6; push de; jp hl`): restores ROM bank, ret"
00:03D4,0,0,"DEAD-CODE (unreferenced): decodes cleanly to ret/jp, no call/jp/ld operand, table word or split-immediate points here"
00:03DB,0,0,"DEAD-CODE (unreferenced): decodes cleanly to ret/jp, no call/jp/ld operand, table word or split-immediate points here"
00:03F0,0,0,OAM-DMA stub: 10-byte image copied by 00:03E2 into HRAM $FF80 and run by `call $FF80` (00:02A7); ROM address of the image
00:057F,0,0,"DEAD-CODE (unreferenced): decodes cleanly to ret/jp, no call/jp/ld operand, table word or split-immediate points here"
00:069F,0,0,"DEAD-CODE (unreferenced): decodes cleanly to ret/jp, no call/jp/ld operand, table word or split-immediate points here"
00:0751,1,0,"DEAD-CODE (unreferenced): decodes cleanly to ret/jp, no call/jp/ld operand, table word or split-immediate points here"
00:0762,0,0,"DEAD-CODE (unreferenced): decodes cleanly to ret/jp, no call/jp/ld operand, table word or split-immediate points here"
00:0773,0,0,"DEAD-CODE (unreferenced): decodes cleanly to ret/jp, no call/jp/ld operand, table word or split-immediate points here"
00:0781,0,0,"DEAD-CODE (unreferenced): decodes cleanly to ret/jp, no call/jp/ld operand, table word or split-immediate points here"
00:08BB,1,1,body of the one-way far jump helper `call $08BB` (special-cased)
00:08C1,1,1,body of the far-call helper `call $08C1` (special-cased)
00:10AC,0,0,"DEAD-CODE (unreferenced): decodes cleanly to ret/jp, no call/jp/ld operand, table word or split-immediate points here"
00:190B,0,0,"DEAD-CODE (unreferenced): decodes cleanly to ret/jp, no call/jp/ld operand, table word or split-immediate points here"
00:190F,0,0,"DEAD-CODE (unreferenced): decodes cleanly to ret/jp, no call/jp/ld operand, table word or split-immediate points here"
00:19A2,0,0,"DEAD-CODE (unreferenced): decodes cleanly to ret/jp, no call/jp/ld operand, table word or split-immediate points here"
00:1AEB,0,0,"DEAD-CODE (unreferenced): decodes cleanly to ret/jp, no call/jp/ld operand, table word or split-immediate points here"
00:1C2F,0,0,"DEAD-CODE (unreferenced): decodes cleanly to ret/jp, no call/jp/ld operand, table word or split-immediate points here"
00:1C56,0,0,"DEAD-CODE (unreferenced): decodes cleanly to ret/jp, no call/jp/ld operand, table word or split-immediate points here"
00:24F1,0,0,"DEAD-CODE (unreferenced): decodes cleanly to ret/jp, no call/jp/ld operand, table word or split-immediate points here"
00:2523,0,0,"DEAD-CODE (unreferenced): decodes cleanly to ret/jp, no call/jp/ld operand, table word or split-immediate points here"
00:253C,0,0,"DEAD-CODE (unreferenced): decodes cleanly to ret/jp, no call/jp/ld operand, table word or split-immediate points here"
00:2E82,0,0,"DEAD-CODE (unreferenced): decodes cleanly to ret/jp, no call/jp/ld operand, table word or split-immediate points here"
03:57BE,1,1,"cooperative task entry: PC stored as split immediates `ld a,$be ; ld [$d6fd],a ; ld a,$57 ; ld [$d6fe],a` (03:562D); resumed by the yield/switch routine 03:5649 via `pop ...; ret`"
03:5847,1,1,cooperative task entry stored at $d70d/$d70e by 03:5637 (3rd task of the scene started at 03:5614)
03:5A7A,1,1,cooperative task entry stored at $d6fd/$d6fe by 03:5919 (2nd task of the scene started at 03:5900; yield = 03:59AF)
03:5B00,1,1,cooperative task entry stored at $d70d/$d70e by 03:5923 (3rd task of the scene started at 03:5900)
03:5F69,1,1,"return address pushed before `jp hl` at 03:5F68 (per-step callback DE, 36 steps); loop body + tail jump to DE"
03:5F92,1,1,"return address pushed before `jp hl` at 03:5F91 (same helper, subtract variant)"
03:655B,1,0,"return address pushed before the jump-table `jp hl` at 03:655A (`ld hl,$655b ; push hl`): `pop bc ; ret`"
04:6403,0,0,"DEAD-CODE (unreferenced): decodes cleanly to ret/jp, no call/jp/ld operand, table word or split-immediate points here"
04:6412,0,0,"DEAD-CODE (unreferenced): decodes cleanly to ret/jp, no call/jp/ld operand, table word or split-immediate points here"
04:7C9D,0,0,"DEAD-CODE (unreferenced): decodes cleanly to ret/jp, no call/jp/ld operand, table word or split-immediate points here"
05:622D,0,0,"DEAD-CODE (unreferenced): decodes cleanly to ret/jp, no call/jp/ld operand, table word or split-immediate points here"
05:7F1C,0,0,"DEAD-CODE (unreferenced): decodes cleanly to ret/jp, no call/jp/ld operand, table word or split-immediate points here"
05:7F33,0,0,"DEAD-CODE (unreferenced): decodes cleanly to ret/jp, no call/jp/ld operand, table word or split-immediate points here"
06:71CC,0,0,"DEAD-CODE (unreferenced): decodes cleanly to ret/jp, no call/jp/ld operand, table word or split-immediate points here"
07:41C8,0,0,"DEAD-CODE (unreferenced): decodes cleanly to ret/jp, no call/jp/ld operand, table word or split-immediate points here"
07:4A4D,0,0,"DEAD-CODE (unreferenced): decodes cleanly to ret/jp, no call/jp/ld operand, table word or split-immediate points here"
07:4BC3,0,0,"DEAD-CODE (unreferenced): decodes cleanly to ret/jp, no call/jp/ld operand, table word or split-immediate points here"
07:4BEA,0,0,"DEAD-CODE (unreferenced): decodes cleanly to ret/jp, no call/jp/ld operand, table word or split-immediate points here"
07:503D,0,0,"DEAD-CODE (unreferenced): decodes cleanly to ret/jp, no call/jp/ld operand, table word or split-immediate points here"
07:792D,1,1,return address pushed before `jp hl` at 07:792C (helper $7900 loop continuation)
07:7AF1,1,1,"callback of the 6-byte-entry tables (7985,79E5,7A43,7A5E,7A85,7AAC,7AD3) walked by helper 07:7900 (`push bc; jp hl` at 07:792C)"
07:7AF6,1,1,"callback of the 6-byte-entry tables (7985,79E5,7A43,7A5E,7A85,7AAC,7AD3) walked by helper 07:7900 (`push bc; jp hl` at 07:792C)"
07:7AFB,1,1,"callback of the 6-byte-entry tables (7985,79E5,7A43,7A5E,7A85,7AAC,7AD3) walked by helper 07:7900 (`push bc; jp hl` at 07:792C)"
07:7B00,1,1,"callback of the 6-byte-entry tables (7985,79E5,7A43,7A5E,7A85,7AAC,7AD3) walked by helper 07:7900 (`push bc; jp hl` at 07:792C)"
07:7B05,1,1,"callback of the 6-byte-entry tables (7985,79E5,7A43,7A5E,7A85,7AAC,7AD3) walked by helper 07:7900 (`push bc; jp hl` at 07:792C)"
07:7BF4,1,1,"return address pushed before `jp hl` at 07:7BF3 (frame-animation helper $7BDC: loads 4 tile blocks, then tail-jumps to the callback)"
07:7C63,1,1,return address pushed before `jp hl` at 07:7C62 (animation helper $7C4B)
07:7CD2,1,1,return address pushed before `jp hl` at 07:7CD1 (animation helper $7CBA)
07:7D11,1,1,"frame-wait helper called by the three animation helpers (`call $7D11` from 7C10/7C80/7CEF), runs the pushed callback every VBlank"
07:7D28,1,1,return address pushed before `jp hl` at 07:7D27 (callback invoked from the wait loop at $7D11)
09:6D00,0,0,"DEAD-CODE (unreferenced): decodes cleanly to ret/jp, no call/jp/ld operand, table word or split-immediate points here"
09:721D,0,0,"DEAD-CODE (unreferenced): decodes cleanly to ret/jp, no call/jp/ld operand, table word or split-immediate points here"
0A:4C53,0,0,"DEAD-CODE (unreferenced): decodes cleanly to ret/jp, no call/jp/ld operand, table word or split-immediate points here"
0A:5ABD,1,1,"bank 0A `jp hl` at 5419 table $541A entry 32 (A=32: block 1 of 3, A = [bank6:$60DB+idx] | 0/$20/$40 via far call 06:781D -> 0A:7CFE -> 5406)"
0A:5B37,1,0,"bank 0A `jp hl` at 5419 table $541A entry 35 (A=35: block 1 of 3, A = [bank6:$60DB+idx] | 0/$20/$40 via far call 06:781D -> 0A:7CFE -> 5406)"
0A:5B86,1,0,"bank 0A `jp hl` at 5419 table $541A entry 36 (A=36: block 1 of 3, A = [bank6:$60DB+idx] | 0/$20/$40 via far call 06:781D -> 0A:7CFE -> 5406)"
0A:5BD5,1,0,"bank 0A `jp hl` at 5419 table $541A entry 37 (A=37: block 1 of 3, A = [bank6:$60DB+idx] | 0/$20/$40 via far call 06:781D -> 0A:7CFE -> 5406)"
0A:5C3A,1,0,"bank 0A `jp hl` at 5419 table $541A entry 38 (A=38: block 1 of 3, A = [bank6:$60DB+idx] | 0/$20/$40 via far call 06:781D -> 0A:7CFE -> 5406)"
0A:5C80,1,0,"bank 0A `jp hl` at 5419 table $541A entry 39 (A=39: block 1 of 3, A = [bank6:$60DB+idx] | 0/$20/$40 via far call 06:781D -> 0A:7CFE -> 5406)"
0A:5D27,1,0,"bank 0A `jp hl` at 5419 table $541A entry 40 (A=40: block 1 of 3, A = [bank6:$60DB+idx] | 0/$20/$40 via far call 06:781D -> 0A:7CFE -> 5406)"
0A:5E28,1,1,"bank 0A `jp hl` at 5419 table $541A entry 41 (A=41: block 1 of 3, A = [bank6:$60DB+idx] | 0/$20/$40 via far call 06:781D -> 0A:7CFE -> 5406)"
0A:5E2E,1,1,"bank 0A `jp hl` at 5419 table $541A entry 42 (A=42: block 1 of 3, A = [bank6:$60DB+idx] | 0/$20/$40 via far call 06:781D -> 0A:7CFE -> 5406)"
0A:5E34,1,1,"bank 0A `jp hl` at 5419 table $541A entry 43 (A=43: block 1 of 3, A = [bank6:$60DB+idx] | 0/$20/$40 via far call 06:781D -> 0A:7CFE -> 5406)"
0A:5E3A,1,1,"bank 0A `jp hl` at 5419 table $541A entry 44 (A=44: block 1 of 3, A = [bank6:$60DB+idx] | 0/$20/$40 via far call 06:781D -> 0A:7CFE -> 5406)"
0A:5E40,0,0,"bank 0A `jp hl` at 5419 table $541A entry 45 (A=45: block 1 of 3, A = [bank6:$60DB+idx] | 0/$20/$40 via far call 06:781D -> 0A:7CFE -> 5406)"
0A:5E7F,1,0,"bank 0A `jp hl` at 5419 table $541A entry 46 (A=46: block 1 of 3, A = [bank6:$60DB+idx] | 0/$20/$40 via far call 06:781D -> 0A:7CFE -> 5406)"
0A:5EBF,1,0,"bank 0A `jp hl` at 5419 table $541A entry 47 (A=47: block 1 of 3, A = [bank6:$60DB+idx] | 0/$20/$40 via far call 06:781D -> 0A:7CFE -> 5406)"
0A:5EFC,1,0,"bank 0A `jp hl` at 5419 table $541A entry 48 (A=48: block 1 of 3, A = [bank6:$60DB+idx] | 0/$20/$40 via far call 06:781D -> 0A:7CFE -> 5406)"
0A:5F39,1,0,"bank 0A `jp hl` at 5419 table $541A entry 49 (A=49: block 1 of 3, A = [bank6:$60DB+idx] | 0/$20/$40 via far call 06:781D -> 0A:7CFE -> 5406)"
0A:5FB9,1,0,"bank 0A `jp hl` at 5419 table $541A entry 50 (A=50: block 1 of 3, A = [bank6:$60DB+idx] | 0/$20/$40 via far call 06:781D -> 0A:7CFE -> 5406)"
0A:6037,0,0,"bank 0A `jp hl` at 5419 table $541A entry 51 (A=51: block 1 of 3, A = [bank6:$60DB+idx] | 0/$20/$40 via far call 06:781D -> 0A:7CFE -> 5406)"
0A:6074,1,0,"bank 0A `jp hl` at 5419 table $541A entry 52 (A=52: block 1 of 3, A = [bank6:$60DB+idx] | 0/$20/$40 via far call 06:781D -> 0A:7CFE -> 5406)"
0A:60B1,0,0,"bank 0A `jp hl` at 5419 table $541A entry 53 (A=53: block 1 of 3, A = [bank6:$60DB+idx] | 0/$20/$40 via far call 06:781D -> 0A:7CFE -> 5406)"
0A:60EE,1,0,"bank 0A `jp hl` at 5419 table $541A entry 54 (A=54: block 1 of 3, A = [bank6:$60DB+idx] | 0/$20/$40 via far call 06:781D -> 0A:7CFE -> 5406)"
0A:612B,1,0,"bank 0A `jp hl` at 5419 table $541A entry 55 (A=55: block 1 of 3, A = [bank6:$60DB+idx] | 0/$20/$40 via far call 06:781D -> 0A:7CFE -> 5406)"
0A:616B,1,0,"bank 0A `jp hl` at 5419 table $541A entry 56 (A=56: block 1 of 3, A = [bank6:$60DB+idx] | 0/$20/$40 via far call 06:781D -> 0A:7CFE -> 5406)"
0A:61AB,0,0,"bank 0A `jp hl` at 5419 table $541A entry 57 (A=57: block 1 of 3, A = [bank6:$60DB+idx] | 0/$20/$40 via far call 06:781D -> 0A:7CFE -> 5406)"
0A:61AC,1,0,"bank 0A `jp hl` at 5419 table $541A entry 58 (A=58: block 1 of 3, A = [bank6:$60DB+idx] | 0/$20/$40 via far call 06:781D -> 0A:7CFE -> 5406)"
0A:61AD,0,0,"bank 0A `jp hl` at 5419 table $541A entry 59 (A=59: block 1 of 3, A = [bank6:$60DB+idx] | 0/$20/$40 via far call 06:781D -> 0A:7CFE -> 5406)"
0A:61AE,0,0,"bank 0A `jp hl` at 5419 table $541A entry 60 (A=60: block 1 of 3, A = [bank6:$60DB+idx] | 0/$20/$40 via far call 06:781D -> 0A:7CFE -> 5406)"
0A:61AF,0,0,"bank 0A `jp hl` at 5419 table $541A entry 61 (A=61: block 1 of 3, A = [bank6:$60DB+idx] | 0/$20/$40 via far call 06:781D -> 0A:7CFE -> 5406)"
0A:61B0,1,0,"bank 0A `jp hl` at 5419 table $541A entry 62 (A=62: block 1 of 3, A = [bank6:$60DB+idx] | 0/$20/$40 via far call 06:781D -> 0A:7CFE -> 5406)"
0A:61B1,0,0,"bank 0A `jp hl` at 5419 table $541A entry 63 (A=63: block 1 of 3, A = [bank6:$60DB+idx] | 0/$20/$40 via far call 06:781D -> 0A:7CFE -> 5406)"
0A:61B2,1,1,"bank 0A `jp hl` at 5419 table $541A entry 64 (A=64: block 2 of 3, A = [bank6:$60DB+idx] | 0/$20/$40 via far call 06:781D -> 0A:7CFE -> 5406)"
0A:621B,1,0,"bank 0A `jp hl` at 5419 table $541A entry 65 (A=65: block 2 of 3, A = [bank6:$60DB+idx] | 0/$20/$40 via far call 06:781D -> 0A:7CFE -> 5406)"
0A:6269,1,0,"bank 0A `jp hl` at 5419 table $541A entry 66 (A=66: block 2 of 3, A = [bank6:$60DB+idx] | 0/$20/$40 via far call 06:781D -> 0A:7CFE -> 5406)"
0A:62B8,1,0,"bank 0A `jp hl` at 5419 table $541A entry 69 (A=69: block 2 of 3, A = [bank6:$60DB+idx] | 0/$20/$40 via far call 06:781D -> 0A:7CFE -> 5406)"
0A:6318,1,0,"bank 0A `jp hl` at 5419 table $541A entry 70 (A=70: block 2 of 3, A = [bank6:$60DB+idx] | 0/$20/$40 via far call 06:781D -> 0A:7CFE -> 5406)"
0A:636A,1,0,"bank 0A `jp hl` at 5419 table $541A entry 71 (A=71: block 2 of 3, A = [bank6:$60DB+idx] | 0/$20/$40 via far call 06:781D -> 0A:7CFE -> 5406)"
0A:6411,1,0,"bank 0A `jp hl` at 5419 table $541A entry 72 (A=72: block 2 of 3, A = [bank6:$60DB+idx] | 0/$20/$40 via far call 06:781D -> 0A:7CFE -> 5406)"
0A:6516,1,0,"bank 0A `jp hl` at 5419 table $541A entry 73 (A=73: block 2 of 3, A = [bank6:$60DB+idx] | 0/$20/$40 via far call 06:781D -> 0A:7CFE -> 5406)"
0A:651C,1,0,"bank 0A `jp hl` at 5419 table $541A entry 74 (A=74: block 2 of 3, A = [bank6:$60DB+idx] | 0/$20/$40 via far call 06:781D -> 0A:7CFE -> 5406)"
0A:6522,1,0,"bank 0A `jp hl` at 5419 table $541A entry 75 (A=75: block 2 of 3, A = [bank6:$60DB+idx] | 0/$20/$40 via far call 06:781D -> 0A:7CFE -> 5406)"
0A:6528,1,0,"bank 0A `jp hl` at 5419 table $541A entry 76 (A=76: block 2 of 3, A = [bank6:$60DB+idx] | 0/$20/$40 via far call 06:781D -> 0A:7CFE -> 5406)"
0A:652E,1,0,"bank 0A `jp hl` at 5419 table $541A entry 77 (A=77: block 2 of 3, A = [bank6:$60DB+idx] | 0/$20/$40 via far call 06:781D -> 0A:7CFE -> 5406)"
0A:656A,1,0,"bank 0A `jp hl` at 5419 table $541A entry 78 (A=78: block 2 of 3, A = [bank6:$60DB+idx] | 0/$20/$40 via far call 06:781D -> 0A:7CFE -> 5406)"
0A:65A5,1,0,"bank 0A `jp hl` at 5419 table $541A entry 79 (A=79: block 2 of 3, A = [bank6:$60DB+idx] | 0/$20/$40 via far call 06:781D -> 0A:7CFE -> 5406)"
0A:65DE,1,0,"bank 0A `jp hl` at 5419 table $541A entry 80 (A=80: block 2 of 3, A = [bank6:$60DB+idx] | 0/$20/$40 via far call 06:781D -> 0A:7CFE -> 5406)"
0A:6617,1,0,"bank 0A `jp hl` at 5419 table $541A entry 81 (A=81: block 2 of 3, A = [bank6:$60DB+idx] | 0/$20/$40 via far call 06:781D -> 0A:7CFE -> 5406)"
0A:668F,1,0,"bank 0A `jp hl` at 5419 table $541A entry 82 (A=82: block 2 of 3, A = [bank6:$60DB+idx] | 0/$20/$40 via far call 06:781D -> 0A:7CFE -> 5406)"
0A:6704,0,0,"bank 0A `jp hl` at 5419 table $541A entry 83 (A=83: block 2 of 3, A = [bank6:$60DB+idx] | 0/$20/$40 via far call 06:781D -> 0A:7CFE -> 5406)"
0A:673D,1,0,"bank 0A `jp hl` at 5419 table $541A entry 84 (A=84: block 2 of 3, A = [bank6:$60DB+idx] | 0/$20/$40 via far call 06:781D -> 0A:7CFE -> 5406)"
0A:6776,1,0,"bank 0A `jp hl` at 5419 table $541A entry 85 (A=85: block 2 of 3, A = [bank6:$60DB+idx] | 0/$20/$40 via far call 06:781D -> 0A:7CFE -> 5406)"
0A:67AF,1,0,"bank 0A `jp hl` at 5419 table $541A entry 86 (A=86: block 2 of 3, A = [bank6:$60DB+idx] | 0/$20/$40 via far call 06:781D -> 0A:7CFE -> 5406)"
0A:67E8,1,0,"bank 0A `jp hl` at 5419 table $541A entry 87 (A=87: block 2 of 3, A = [bank6:$60DB+idx] | 0/$20/$40 via far call 06:781D -> 0A:7CFE -> 5406)"
0A:6824,1,0,"bank 0A `jp hl` at 5419 table $541A entry 88 (A=88: block 2 of 3, A = [bank6:$60DB+idx] | 0/$20/$40 via far call 06:781D -> 0A:7CFE -> 5406)"
0A:685F,0,0,"bank 0A `jp hl` at 5419 table $541A entry 89 (A=89: block 2 of 3, A = [bank6:$60DB+idx] | 0/$20/$40 via far call 06:781D -> 0A:7CFE -> 5406)"
0A:6860,1,0,"bank 0A `jp hl` at 5419 table $541A entry 90 (A=90: block 2 of 3, A = [bank6:$60DB+idx] | 0/$20/$40 via far call 06:781D -> 0A:7CFE -> 5406)"
0A:6861,0,0,"bank 0A `jp hl` at 5419 table $541A entry 91 (A=91: block 2 of 3, A = [bank6:$60DB+idx] | 0/$20/$40 via far call 06:781D -> 0A:7CFE -> 5406)"
0A:6862,0,0,"bank 0A `jp hl` at 5419 table $541A entry 92 (A=92: block 2 of 3, A = [bank6:$60DB+idx] | 0/$20/$40 via far call 06:781D -> 0A:7CFE -> 5406)"
0A:6863,0,0,"bank 0A `jp hl` at 5419 table $541A entry 93 (A=93: block 2 of 3, A = [bank6:$60DB+idx] | 0/$20/$40 via far call 06:781D -> 0A:7CFE -> 5406)"
0A:6864,0,0,"bank 0A `jp hl` at 5419 table $541A entry 94 (A=94: block 2 of 3, A = [bank6:$60DB+idx] | 0/$20/$40 via far call 06:781D -> 0A:7CFE -> 5406)"
0A:6865,0,0,"bank 0A `jp hl` at 5419 table $541A entry 95 (A=95: block 2 of 3, A = [bank6:$60DB+idx] | 0/$20/$40 via far call 06:781D -> 0A:7CFE -> 5406)"
0A:7CE6,0,0,"DEAD-CODE (unreferenced): decodes cleanly to ret/jp, no call/jp/ld operand, table word or split-immediate points here"
0A:7CEC,0,0,"DEAD-CODE (unreferenced): decodes cleanly to ret/jp, no call/jp/ld operand, table word or split-immediate points here"
1F:46DD,0,0,"DEAD-CODE (unreferenced): decodes cleanly to ret/jp, no call/jp/ld operand, table word or split-immediate points here"
1F:4A61,0,0,"DEAD-CODE (unreferenced): decodes cleanly to ret/jp, no call/jp/ld operand, table word or split-immediate points here"
1F:4FBC,0,0,"DEAD-CODE (unreferenced): decodes cleanly to ret/jp, no call/jp/ld operand, table word or split-immediate points here"
1F:524B,0,0,"DEAD-CODE (unreferenced): decodes cleanly to ret/jp, no call/jp/ld operand, table word or split-immediate points here"
1F:53B9,0,0,"DEAD-CODE (unreferenced): decodes cleanly to ret/jp, no call/jp/ld operand, table word or split-immediate points here"
1F:53E7,0,0,"DEAD-CODE (unreferenced): decodes cleanly to ret/jp, no call/jp/ld operand, table word or split-immediate points here"
1F:5743,0,0,"DEAD-CODE (unreferenced): decodes cleanly to ret/jp, no call/jp/ld operand, table word or split-immediate points here"
1F:7FF3,0,0,"DEAD-CODE (unreferenced): decodes cleanly to ret/jp, no call/jp/ld operand, table word or split-immediate points here"
