bank,code_B,inline_table_B,referenced_data_B,padding_B,unreferenced_B
00,11896,142,4061,238,47
01,0,0,13719,0,2665
02,4520,0,11861,0,3
03,14701,188,1230,253,12
04,13474,194,2657,41,18
05,14798,188,1398,0,0
06,12834,194,3356,0,0
07,13639,156,2382,207,0
08,5658,70,9984,672,0
09,10971,124,5289,0,0
0a,11091,0,2296,746,2251
0b,0,0,16384,0,0
0c,0,0,16384,0,0
0d,0,0,15168,0,1216
0e,0,0,15104,0,1280
0f,0,0,16384,0,0
10,0,0,9216,0,7168
11,0,0,13824,0,2560
12,0,0,16384,0,0
13,0,0,16384,0,0
14,0,0,10240,0,6144
15,0,0,16384,0,0
16,0,0,16384,0,0
17,0,0,16384,0,0
18,0,0,16384,0,0
19,0,0,16224,160,0
1a,0,0,16384,0,0
1b,0,0,16176,208,0
1c,0,0,12320,0,4064
1d,0,0,16384,0,0
1e,0,0,9216,0,7168
1f,4045,0,12263,7,69
20,0,0,16384,0,0
21,0,0,16384,0,0
22,0,0,9520,0,6864
23,0,0,15168,0,1216
24,0,0,15232,0,1152
25,0,0,15104,0,1280
26,0,0,14208,0,2176
27,0,0,15248,0,1136
28,0,0,4096,0,12288
29,0,0,16384,0,0
2a,0,0,16384,0,0
2b,0,0,0,0,16384
2c,0,0,15232,0,1152
2d,0,0,0,0,16384
2e,0,0,0,0,16384
2f,0,0,6272,0,10112
30,0,0,0,0,16384
31,0,0,0,0,16384
32,0,0,0,0,16384
33,0,0,0,0,16384
34,0,0,0,0,16384
35,0,0,0,0,16384
36,0,0,15024,1360,0
37,0,0,0,0,16384
38,0,0,14475,0,1909
39,0,0,4061,0,12323
3a,0,0,0,0,16384
3b,0,0,0,0,16384
3c,0,0,0,0,16384
3d,0,0,0,0,16384
3e,0,0,4160,0,12224
3f,0,0,8960,0,7424
