caller_bank,caller_label,src_bank,src,dst,length,file_offset
00,jr_000_2ec7,04,5573,d615,0014,11573
00,Jump_000_305f,20,7500,9000,0800,83500
00,Jump_000_305f,20,7d00,8800,0400,83d00
00,Jump_000_305f,25,63e0,9800,0240,963e0
00,jr_000_3391,1b,7100,9000,0800,6f100
00,jr_000_3391,1b,7900,8800,0650,6f900
00,jr_000_3391,26,5c40,9800,0240,99c40
02,jr_002_4cb6,36,5000,c000,0fb8,d9000
02,jr_002_4cc7,36,4000,c000,0fb8,d8000
02,jr_002_50f9,00,c000,9000,0800,-1
02,jr_002_50f9,00,c800,8800,0100,-1
02,jr_002_50f9,00,c900,8000,0500,-1
03,,0c,4000,8000,1800,30000
03,,22,6b40,9800,0400,8ab40
03,jr_003_4d58,24,7c20,9800,0400,93c20
03,jr_003_4e5e,0c,4000,8000,1800,30000
03,jr_003_4e5e,22,6b40,9800,0400,8ab40
03,jr_003_529c,0c,4000,8000,1800,30000
03,jr_003_529c,22,6b40,9800,0400,8ab40
03,jr_003_529c,0c,5d40,8920,0030,31d40
03,jr_003_529c,0c,5da0,88c0,0060,31da0
03,Jump_003_5fb6,17,6800,9000,0800,5e800
03,Jump_003_5fb6,17,7000,8800,0800,5f000
03,Jump_003_5fb6,17,7800,8000,0140,5f800
03,Jump_003_5fb6,23,48c0,9800,0240,8c8c0
03,jr_003_6162,24,7c20,9800,0400,93c20
03,jr_003_6351,1c,58a0,8580,0280,718a0
03,jr_003_6351,1c,5b60,8660,0060,71b60
03,jr_003_6351,1c,5c60,8760,0060,71c60
03,jr_003_6351,3f,7700,8e00,01f0,ff700
03,jr_003_6351,3f,7d00,9800,0240,ffd00
03,jr_003_6351,00,c000,9000,0800,-1
03,jr_003_6351,00,c800,8800,0600,-1
03,jr_003_66bf,00,9000,c000,0800,-1
03,jr_003_66bf,00,8800,c800,0600,-1
03,jr_003_6a4c,1c,4f60,8900,01c0,70f60
03,jr_003_6a4c,1c,53a0,8580,0280,713a0
03,jr_003_6a4c,1c,5b80,8680,0040,71b80
03,jr_003_6a4c,1c,5c80,8780,0040,71c80
03,jr_003_6a4c,22,6aa0,8ff0,0010,8aaa0
03,jr_003_6a4c,24,6620,9800,02c0,92620
03,jr_003_7689,12,4000,9000,0800,48000
03,jr_003_7689,12,4800,8800,0800,48800
03,jr_003_7689,12,5000,8000,0800,49000
03,jr_003_7689,23,44c0,9800,0400,8c4c0
03,jr_003_7689,22,6340,9c00,0400,8a340
03,jr_003_78e7,16,4000,9000,0800,58000
03,jr_003_78e7,16,4800,8800,0800,58800
03,jr_003_78e7,16,5000,8000,0800,59000
03,jr_003_78e7,23,7b00,9800,0240,8fb00
03,Call_003_7a85,15,5700,9000,0800,55700
03,Call_003_7a85,15,5f00,8800,0800,55f00
03,Call_003_7a85,15,6700,8000,0800,56700
03,Call_003_7a85,27,4870,9800,0240,9c870
03,jr_003_7c22,18,4000,9000,0800,60000
03,jr_003_7c22,18,4800,8800,0800,60800
03,jr_003_7c22,18,5000,8000,0470,61000
03,jr_003_7c22,25,6f20,9800,0240,96f20
04,,13,5800,8000,1000,4d800
04,,24,54c0,9800,0240,914c0
04,jr_004_4685,13,5800,8000,1000,4d800
04,jr_004_4685,24,54c0,9800,0240,914c0
04,jr_004_46e8,13,5800,8000,1000,4d800
04,jr_004_46e8,24,54c0,9800,0240,914c0
04,jr_004_4a7a,0d,7900,8900,0700,37900
04,jr_004_4a7a,1c,58a0,8580,0280,718a0
04,jr_004_4a7a,1c,5b60,8660,0060,71b60
04,jr_004_4a7a,1c,5c60,8760,0060,71c60
04,jr_004_4a7a,17,4680,8500,0010,5c680
04,jr_004_4a7a,17,46a0,8510,0010,5c6a0
04,jr_004_4a7a,18,7e80,8660,00e0,63e80
04,jr_004_4a7a,18,7d60,8640,0020,63d60
04,jr_004_4a7a,18,7c40,8520,0120,63c40
04,jr_004_4a7a,23,54c0,9800,0400,8d4c0
04,jr_004_5758,22,6740,8900,00d0,8a740
04,jr_004_5758,22,6810,8d60,02a0,8a810
04,jr_004_5758,22,6ab0,8500,0010,8aab0
04,jr_004_5758,25,4dc0,9800,02c0,94dc0
04,jr_004_57e5,00,c000,9000,0800,-1
04,jr_004_57e5,00,c800,8800,0100,-1
04,jr_004_57e5,00,c900,8000,0500,-1
04,jr_004_609b,14,7e30,8900,00d0,53e30
04,jr_004_609b,14,7430,8e30,01d0,53430
04,jr_004_609b,14,7f00,8500,00a0,53f00
04,jr_004_609b,24,7120,9800,02c0,93120
04,jr_004_6129,00,c000,9000,0800,-1
04,jr_004_6129,00,c800,8800,0100,-1
04,jr_004_6129,00,c900,8000,0500,-1
04,Call_004_67f7,0c,7800,8900,0300,33800
04,Call_004_67f7,0c,7b00,8500,0300,33b00
04,Call_004_67f7,0c,7930,8ff0,0010,33930
04,Call_004_67f7,0c,7fd0,8f70,0030,33fd0
04,Call_004_67f7,24,7c20,9800,02c0,93c20
04,jr_004_74e1,0c,7930,8ff0,0010,33930
04,jr_004_751d,24,7c20,9800,02c0,93c20
05,jr_005_405e,10,5c00,8000,1800,41c00
05,jr_005_405e,26,6780,9800,0240,9a780
05,Call_005_434f,1a,4000,8000,0d80,68000
05,Call_005_434f,27,59f0,9e00,01c0,9d9f0
05,Call_005_434f,22,7b40,9800,0400,8bb40
05,jr_005_452b,1c,6d60,9000,0500,72d60
05,jr_005_452b,1c,7260,8a00,0600,73260
05,jr_005_452b,1c,7860,8400,0400,73860
05,jr_005_452b,1d,4000,9500,0300,74000
05,jr_005_452b,1d,4300,8800,0200,74300
05,jr_005_452b,23,68c0,9800,02c0,8e8c0
05,jr_005_452b,27,7990,9c00,00c0,9f990
05,jr_005_452b,1c,6d60,c000,0080,72d60
05,jr_005_452b,1c,6e60,c080,0080,72e60
05,jr_005_452b,1c,6f60,c100,0080,72f60
05,jr_005_452b,1c,7060,c180,0080,73060
05,Call_005_61c6,05,7f69,8d80,0380,17f69
05,Call_005_61c6,05,7f69,9100,0380,17f69
05,Call_005_61c6,05,7f69,9480,0380,17f69
05,Call_005_6216,05,7f69,8d80,0380,17f69
05,Call_005_6216,05,7f69,9100,0380,17f69
05,Call_005_6244,05,7f69,9480,0380,17f69
05,jr_005_7516,1a,6400,9000,0800,6a400
05,jr_005_7516,1a,6c00,8800,0800,6ac00
05,jr_005_7516,1a,7400,8000,0200,6b400
05,jr_005_7516,24,4480,9800,0240,90480
05,jr_005_7765,1d,5d00,8000,0d80,75d00
05,jr_005_7765,22,7740,9800,0400,8b740
05,jr_005_7765,22,5f40,9c00,0400,89f40
05,jr_005_795d,1b,5100,8000,1000,6d100
05,jr_005_795d,23,4cc0,9800,0400,8ccc0
05,Call_005_7eb5,05,7f69,8d80,0380,17f69
05,Call_005_7eb5,05,7f69,9100,0380,17f69
05,Call_005_7eb5,05,7f69,9480,0380,17f69
05,Call_005_7f05,05,7f69,8d80,0380,17f69
05,Call_005_7f05,05,7f69,9100,0380,17f69
05,Call_005_7f05,05,7f69,9480,0380,17f69
06,,20,6800,9000,0640,82800
06,,20,6ec0,97a0,0060,82ec0
06,,20,6f20,8800,01c0,82f20
06,,20,74f0,8ff0,0010,834f0
06,,20,72c0,8500,01d0,832c0
06,,20,6e40,9720,0080,82e40
06,,25,6620,9800,0240,96620
06,jr_006_415a,20,6800,9000,0640,82800
06,jr_006_415a,20,6ec0,97a0,0060,82ec0
06,jr_006_415a,20,6f20,8800,01c0,82f20
06,jr_006_415a,20,74f0,8ff0,0010,834f0
06,jr_006_415a,20,72c0,8500,01d0,832c0
06,jr_006_415a,20,6e40,9720,0080,82e40
06,jr_006_415a,25,6aa0,9800,0240,96aa0
06,jr_006_44cb,0d,4000,9000,0800,34000
06,jr_006_44cb,0d,4800,8800,0800,34800
06,jr_006_44cb,0d,5000,8000,0300,35000
06,jr_006_44cb,25,73a0,9800,0240,973a0
06,jr_006_44cb,0d,4000,9000,0800,34000
06,jr_006_44cb,0d,4800,8800,0800,34800
06,jr_006_44cb,0d,5000,8000,0300,35000
06,jr_006_44cb,25,73a0,9800,0240,973a0
06,jr_006_496c,23,50c0,8900,0290,8d0c0
06,jr_006_496c,23,5350,8600,0140,8d350
06,jr_006_496c,26,6e40,9800,0240,9ae40
06,jr_006_496c,00,c000,9000,0800,-1
06,jr_006_496c,00,c800,8800,0100,-1
06,jr_006_496c,00,c900,8000,0500,-1
06,jr_006_4c96,1e,5c00,9000,0300,79c00
06,jr_006_4c96,1e,5f00,8a80,0580,79f00
06,jr_006_4c96,1e,6480,8000,0030,7a480
06,jr_006_4c96,1e,6570,80f0,0010,7a570
06,jr_006_4c96,1e,6580,8040,0010,7a580
06,jr_006_4c96,24,68e0,9800,0240,928e0
06,Call_006_5086,27,44b2,9800,02c0,9c4b2
06,Call_006_5086,17,4680,8600,0080,5c680
06,Call_006_5086,17,4980,8cc0,0260,5c980
06,Call_006_5086,00,9000,c000,0800,-1
06,Call_006_5086,00,8800,c800,0100,-1
06,Call_006_5086,00,8000,c900,0500,-1
06,Call_006_52e8,27,44b2,9800,02c0,9c4b2
06,Call_006_52e8,17,4680,8600,0080,5c680
06,Call_006_52e8,17,4980,8cc0,0260,5c980
06,Call_006_52e8,00,9000,c000,0800,-1
06,Call_006_52e8,00,8800,c800,0100,-1
06,Call_006_52e8,00,8000,c900,0500,-1
06,Call_006_57c3,02,517b,c000,0100,917b
06,Call_006_57c3,02,517b,c100,0100,917b
06,jr_006_5944,11,7000,9000,0800,47000
06,jr_006_5944,11,7800,8800,0800,47800
06,jr_006_5944,16,7d80,9800,0240,5bd80
06,jr_006_5944,16,7fc0,9800,0040,5bfc0
06,jr_006_5e44,17,4980,8cc0,0260,5c980
06,jr_006_5e44,17,5440,8f20,00a0,5d440
06,jr_006_5e44,17,4940,8fd0,0020,5c940
06,jr_006_5e44,17,4960,86e0,0020,5c960
06,jr_006_5e44,17,4140,8a00,0040,5c140
06,jr_006_5e44,17,4180,8a40,0080,5c180
06,jr_006_5e44,17,4960,86e0,0020,5c960
06,jr_006_5e44,17,4680,8600,0080,5c680
06,jr_006_5e44,17,54e0,8740,0020,5d4e0
06,jr_006_5e44,25,47c0,9800,02c0,947c0
06,jr_006_7235,17,4980,8cc0,0260,5c980
06,jr_006_7235,17,5440,8f20,00a0,5d440
06,jr_006_7235,17,4940,8fd0,0020,5c940
06,jr_006_7235,17,4960,86e0,0020,5c960
06,jr_006_7235,17,4140,8a00,0040,5c140
06,jr_006_7235,17,4180,8a40,0080,5c180
06,jr_006_7235,17,4960,86e0,0020,5c960
06,jr_006_7235,17,4680,8600,0080,5c680
06,jr_006_7235,17,54e0,8740,0020,5d4e0
06,jr_006_7235,25,47c0,9800,02c0,947c0
07,,19,4000,9000,0800,64000
07,,19,4800,8800,0800,64800
07,,19,5000,8000,0800,65000
07,,23,7780,9800,0240,8f780
07,jr_007_43b5,00,c000,9000,0800,-1
07,jr_007_43b5,00,c800,8800,0100,-1
07,jr_007_43b5,00,c900,8000,0500,-1
07,jr_007_43b5,27,44b2,9800,02c0,9c4b2
07,jr_007_43b5,17,4950,8ff0,0010,5c950
07,jr_007_43b5,17,4680,8500,0080,5c680
07,jr_007_43b5,18,7ba0,8580,00a0,63ba0
07,jr_007_43b5,17,4a60,8620,0020,5ca60
07,jr_007_43b5,17,4b60,8640,0030,5cb60
07,jr_007_43b5,17,4b90,8720,0050,5cb90
07,Jump_007_44f4,15,6c00,9000,0800,56c00
07,Jump_007_44f4,15,7400,8800,0700,57400
07,Jump_007_44f4,15,7c00,8000,0400,57c00
07,Jump_007_44f4,24,5180,9800,0240,91180
07,Jump_007_44f4,24,53c0,9c00,0100,913c0
07,Call_007_4645,15,6c00,9000,0800,56c00
07,Call_007_4645,15,7400,8800,0700,57400
07,Call_007_4645,15,7c00,8000,0400,57c00
07,Call_007_4645,24,5180,9800,0240,91180
07,Call_007_4645,24,53c0,9c00,0100,913c0
07,jr_007_474f,00,c000,9000,0800,-1
07,jr_007_474f,00,c800,8800,0100,-1
07,jr_007_474f,00,c900,8000,0500,-1
07,jr_007_474f,27,44b2,9800,02c0,9c4b2
07,jr_007_474f,17,4950,8ff0,0010,5c950
07,jr_007_474f,17,4680,8500,0080,5c680
07,jr_007_474f,18,7ba0,8580,00a0,63ba0
07,jr_007_474f,17,4a60,8620,0020,5ca60
07,jr_007_474f,17,4b60,8640,0030,5cb60
07,jr_007_474f,17,4b90,8720,0050,5cb90
07,Call_007_4af9,1c,5e60,9000,0800,71e60
07,Call_007_4af9,1c,6660,8800,0700,72660
07,Call_007_4af9,1c,6d50,8ff0,0010,72d50
07,Call_007_4af9,26,5340,9800,0240,99340
07,Call_007_4b5e,1c,5e60,9000,0800,71e60
07,Call_007_4b5e,1c,6660,8800,0700,72660
07,Call_007_4b5e,1c,6d50,8ff0,0010,72d50
07,Call_007_4b5e,26,6540,9800,0240,9a540
07,jr_007_4bb6,24,57e0,8ef0,0100,917e0
07,jr_007_4bf3,13,5800,8000,1000,4d800
07,jr_007_4bf3,24,54c0,9800,0240,914c0
07,jr_007_51a4,13,4000,9000,0800,4c000
07,jr_007_51a4,13,4800,8800,0800,4c800
07,jr_007_51a4,13,5000,8000,0800,4d000
07,jr_007_538a,12,7000,9000,0800,4b000
07,jr_007_538a,12,7800,8800,0780,4b800
07,jr_007_538a,23,64c0,9800,0240,8e4c0
07,jr_007_54de,21,4000,9000,0800,84000
07,jr_007_54de,21,4800,8800,0400,84800
07,jr_007_54de,25,55c0,9800,0240,955c0
07,Call_007_6a12,00,9000,c000,0800,-1
07,Call_007_6a12,00,8800,c800,0100,-1
07,Call_007_6a12,00,8000,c900,0500,-1
07,jr_007_6b45,14,5800,9000,0800,51800
07,jr_007_6b45,14,6000,8800,0800,52000
07,jr_007_6b45,14,6800,8000,0800,52800
07,jr_007_6b45,24,4840,9840,0240,90840
07,jr_007_7043,0c,7930,8ff0,0010,33930
07,jr_007_7043,27,4470,9800,02c0,9c470
07,jr_007_71ab,15,5400,9000,0100,55400
07,jr_007_71ab,15,4600,8e00,0300,54600
07,jr_007_71ab,15,4900,9700,0100,54900
07,jr_007_71ab,15,5600,8500,0100,55600
07,Call_007_780c,16,7180,9100,0200,5b180
07,jr_007_7825,16,7b80,9100,0200,5bb80
07,jr_007_7834,16,6980,9100,0200,5a980
07,Call_007_7843,16,5580,9200,0500,59580
07,jr_007_7859,11,4a00,9200,0500,44a00
07,Call_007_7868,11,4f00,8000,0300,44f00
07,Call_007_7868,15,4e00,8300,0200,54e00
07,Call_007_7885,26,5a00,9800,0240,99a00
07,Call_007_7885,15,4000,8800,0600,54000
07,Call_007_7885,27,5f30,9860,01c0,9df30
07,Call_007_7885,15,4d00,8700,0100,54d00
07,jr_007_78cb,15,4a00,8700,0100,54a00
07,jr_007_78de,15,4b00,8700,0100,54b00
07,jr_007_78f1,15,4c00,8700,0100,54c00
08,,18,6470,9000,0800,62470
08,,18,6c70,8800,0800,62c70
08,,25,7ca0,9800,0240,97ca0
08,jr_008_415b,18,7400,8b00,0500,63400
08,jr_008_415b,18,7f60,8f00,0050,63f60
08,jr_008_415b,17,4680,8500,0080,5c680
08,jr_008_415b,18,7b00,8580,00a0,63b00
08,jr_008_415b,17,4a60,8620,0020,5ca60
08,jr_008_415b,17,4b60,8640,0030,5cb60
08,jr_008_415b,17,4b90,8720,0050,5cb90
08,jr_008_415b,18,7a80,86a0,0080,63a80
08,jr_008_415b,24,6ba0,9800,02c0,92ba0
08,Jump_008_46a3,1b,4000,9000,0800,6c000
08,Jump_008_46a3,1b,4800,8800,0800,6c800
08,Call_008_484b,18,5470,9000,0800,61470
08,Call_008_484b,18,5c70,8800,0800,61c70
08,Call_008_484b,26,57c0,9800,0240,997c0
08,jr_008_4de3,21,77c0,8400,0400,877c0
08,Call_008_4ebb,21,7bb0,d203,0010,87bb0
08,jr_008_51ac,21,77c0,8400,0400,877c0
08,jr_008_51ac,25,6ce0,9800,0240,96ce0
08,jr_008_51ac,25,6ce0,9c00,0240,96ce0
08,Call_008_5262,21,7bb0,d203,0010,87bb0
08,jr_008_5436,26,60c0,9840,0240,9a0c0
08,jr_008_7034,3f,7280,9800,0400,ff280
08,jr_008_7034,21,71c0,9000,0600,871c0
08,jr_008_7034,26,69c0,9800,0240,9a9c0
08,jr_008_73be,3f,6a00,8900,0700,fea00
08,jr_008_73be,3f,7100,9500,0180,ff100
08,jr_008_73be,3f,7280,9800,0400,ff280
09,Call_009_4272,1b,4000,9000,0800,6c000
09,Call_009_4272,1b,4800,8800,0800,6c800
09,Call_009_4272,1b,5000,8000,0030,6d000
09,Call_009_4272,21,7cc0,9800,0240,87cc0
09,Call_009_4272,21,7f00,9c00,0100,87f00
09,jr_009_48d4,0f,4000,9000,0800,3c000
09,jr_009_48d4,0f,4800,8800,0800,3c800
09,jr_009_48d4,0f,5000,8000,0800,3d000
09,jr_009_48d4,26,5100,9800,0240,99100
09,jr_009_49be,1a,5200,9000,0800,69200
09,jr_009_49be,1a,5a00,8800,0800,69a00
09,jr_009_49be,1a,6200,8000,0160,6a200
09,jr_009_49be,24,5ae0,9800,0240,91ae0
09,jr_009_4ae4,20,5b00,9000,0580,81b00
09,jr_009_4ae4,20,6080,8000,0440,82080
09,jr_009_4ae4,20,67c0,8440,0020,827c0
09,jr_009_4ae4,23,73e0,9800,0240,8f3e0
09,jr_009_4ae4,20,4e00,9000,0800,80e00
09,jr_009_4ae4,20,5600,8800,0500,81600
09,jr_009_4ae4,26,6300,9800,0240,9a300
09,jr_009_4ae4,20,4e00,9000,0800,80e00
09,jr_009_4ae4,20,5600,8800,0500,81600
09,jr_009_4ae4,25,5d20,9800,0240,95d20
09,jr_009_4d0e,22,4500,9000,0470,88500
09,jr_009_4d0e,26,5e80,9800,0240,99e80
09,Jump_009_4d86,13,7000,9000,0800,4f000
09,Jump_009_4d86,13,7800,8800,0800,4f800
09,Jump_009_4d86,1c,7c60,9800,0240,73c60
09,jr_009_4e59,19,5260,9000,0800,65260
09,jr_009_4e59,19,5a60,8800,0800,65a60
09,jr_009_4e59,19,6260,8000,0200,66260
09,jr_009_4e59,26,72c0,9800,0240,9b2c0
09,jr_009_4eba,25,4480,8000,0500,94480
09,jr_009_4eba,20,4000,9000,0800,80000
09,jr_009_4eba,20,4800,8a00,0600,80800
09,jr_009_5f54,0f,7b00,9000,0500,3fb00
09,jr_009_5f54,25,7a60,9800,0240,97a60
09,jr_009_6033,12,5800,9000,0800,49800
09,jr_009_6033,12,6000,8800,0800,4a000
09,jr_009_6033,12,6800,8000,0800,4a800
09,jr_009_6033,25,5f60,9800,0240,95f60
09,jr_009_612d,1b,6100,8a80,0580,6e100
09,jr_009_612d,1b,6680,8000,0800,6e680
09,jr_009_612d,22,7340,9800,0400,8b340
09,jr_009_612d,25,61a0,9c00,0240,961a0
09,jr_009_6314,1b,6fc0,81a0,00a0,6efc0
09,jr_009_6419,19,6460,9700,0100,66460
09,jr_009_6419,19,6560,8800,0800,66560
09,jr_009_6419,19,6d60,8000,0400,66d60
09,jr_009_6419,26,6c00,9800,0240,9ac00
09,jr_009_6419,22,7340,9c00,0400,8b340
09,Call_009_6504,19,7310,8a40,01b0,67310
09,jr_009_6540,19,7160,8a40,01b0,67160
09,Call_009_7194,05,7f69,9000,0380,17f69
09,Call_009_7194,05,7f69,9380,0380,17f69
09,Call_009_7194,05,7f69,9700,0100,17f69
09,Call_009_7194,05,7f69,8800,0280,17f69
09,Call_009_71ef,05,7f69,9000,0380,17f69
09,Call_009_7206,05,7f69,9380,0380,17f69
09,Call_009_7206,05,7f69,9700,0100,17f69
09,Call_009_7206,05,7f69,8800,0280,17f69
09,jr_009_727c,0d,5d00,8ff0,0010,35d00
09,jr_009_727c,26,4ec0,9800,0240,98ec0
0a,Jump_00a_6a7b,24,57e0,9000,0300,917e0
0a,Jump_00a_6a7b,25,5840,9800,0240,95840
0a,Jump_00a_6a7b,25,5a80,98a0,0020,95a80
0a,jr_00a_6b3f,25,5aa0,98a0,0020,95aa0
0a,Jump_00a_6b73,24,57e0,9000,0300,917e0
0a,Jump_00a_6b73,25,5ac0,9800,0240,95ac0
0a,Jump_00a_6b73,25,5d00,9900,0020,95d00
