address,region,reads,writes,rmw,as_pointer,n_banks,banks_top
c000,WRAM,9,12,0,103,16,006:30 009:17 002:16 003:15
c001,WRAM,4,8,0,11,9,009:12 003:3 02f:2 005:1
c002,WRAM,2,4,0,0,1,009:6
c003,WRAM,3,5,0,2,3,009:8 030:1 03c:1
c004,WRAM,1,2,0,0,1,009:3
c005,WRAM,4,6,0,0,1,009:10
c006,WRAM,0,0,0,3,1,009:3
c008,WRAM,0,0,0,2,1,006:2
c00c,WRAM,0,0,0,1,1,038:1
c00e,WRAM,1,11,0,8,1,009:20
c00f,WRAM,2,2,0,0,1,009:4
c010,WRAM,2,4,0,0,1,009:6
c011,WRAM,12,10,0,0,1,009:22
c012,WRAM,4,4,0,0,1,009:8
c013,WRAM,2,2,0,0,1,009:4
c014,WRAM,0,2,0,2,1,009:4
c015,WRAM,1,2,0,1,1,009:4
c016,WRAM,5,2,0,0,1,009:7
c017,WRAM,0,1,0,0,1,002:1
c018,WRAM,0,0,0,8,2,009:6 006:2
c020,WRAM,0,0,0,1,1,01c:1
c021,WRAM,0,0,0,2,2,012:1 016:1
c028,WRAM,0,0,0,2,1,006:2
c02a,WRAM,0,0,0,2,1,016:2
c030,WRAM,0,1,0,1,2,008:1 02b:1
c031,WRAM,0,2,0,1,3,008:1 014:1 016:1
c038,WRAM,0,0,0,3,2,006:2 03a:1
c03f,WRAM,0,2,0,1,2,01e:2 03c:1
c040,WRAM,0,0,0,4,1,006:4
c041,WRAM,0,0,0,1,1,03c:1
c061,WRAM,0,0,0,1,1,03d:1
c070,WRAM,0,0,0,3,1,00a:3
c080,WRAM,0,0,0,17,5,006:8 00a:5 005:2 018:1
c083,WRAM,0,0,0,1,1,03f:1
c085,WRAM,1,0,0,0,1,034:1
c094,WRAM,0,0,0,1,1,019:1
c0a0,WRAM,0,0,0,1,1,033:1
c0aa,WRAM,0,0,0,2,1,021:2
c0bf,WRAM,0,1,0,0,1,01c:1
c0c0,WRAM,0,1,0,14,10,006:4 014:2 02f:2 003:1
c0d0,WRAM,0,0,0,2,1,006:2
c0e0,WRAM,1,0,0,3,3,006:2 028:1 03c:1
c0e3,WRAM,0,0,0,1,1,00f:1
c0e8,WRAM,0,1,0,1,2,033:1 03f:1
c0f0,WRAM,0,2,0,14,4,00a:12 006:2 00c:1 01c:1
c0fd,WRAM,4,0,0,1,5,00c:1 00d:1 00e:1 011:1
c0fe,WRAM,0,0,0,1,1,012:1
c0ff,WRAM,1,1,0,2,4,012:1 01a:1 039:1 03b:1
c100,WRAM,0,0,0,6,4,005:2 006:2 028:1 032:1
c101,WRAM,0,0,0,4,4,017:1 033:1 037:1 039:1
c102,WRAM,0,0,0,1,1,021:1
c103,WRAM,0,0,0,1,1,01e:1
c120,WRAM,0,0,0,1,1,00f:1
c121,WRAM,0,0,0,3,2,00b:2 00c:1
c12f,WRAM,0,0,0,1,1,035:1
c131,WRAM,0,0,0,1,1,015:1
c137,WRAM,0,0,0,1,1,035:1
c13e,WRAM,0,0,0,1,1,014:1
c13f,WRAM,0,0,0,2,2,00d:1 03c:1
c15f,WRAM,0,0,0,1,1,02c:1
c161,WRAM,0,0,0,1,1,02e:1
c180,WRAM,0,0,0,2,1,005:2
c181,WRAM,0,0,0,7,4,021:3 03c:2 039:1 03d:1
c183,WRAM,0,1,0,3,3,02f:2 020:1 031:1
c1a1,WRAM,0,0,0,1,1,039:1
c1a3,WRAM,0,0,0,1,1,017:1
c1bf,WRAM,0,0,0,4,3,028:2 033:1 035:1
c1c0,WRAM,0,0,0,1,1,01c:1
c1c1,WRAM,0,0,0,7,6,017:2 00d:1 02d:1 037:1
c1c3,WRAM,0,0,0,1,1,033:1
c1c9,WRAM,0,0,0,1,1,035:1
c1e0,WRAM,0,0,0,5,1,004:5
c1e1,WRAM,0,0,0,3,3,00d:1 012:1 017:1
c1ef,WRAM,1,0,0,0,1,03e:1
c1f1,WRAM,0,0,0,2,2,018:1 038:1
c1fe,WRAM,1,0,0,1,2,017:1 01d:1
c1ff,WRAM,0,0,0,5,4,019:2 00c:1 017:1 035:1
c200,WRAM,0,0,0,3,1,005:3
c201,WRAM,0,0,0,1,1,02c:1
c210,WRAM,0,0,0,1,1,005:1
c212,WRAM,0,0,0,1,1,03a:1
c220,WRAM,0,0,0,5,1,005:5
c250,WRAM,0,0,0,1,1,005:1
c28b,WRAM,0,0,0,1,1,01d:1
c291,WRAM,0,0,0,1,1,005:1
c29d,WRAM,0,0,0,1,1,00c:1
c2c2,WRAM,0,0,0,1,1,033:1
c2c3,WRAM,0,0,0,1,1,021:1
c2d0,WRAM,0,0,0,1,1,005:1
c2e3,WRAM,0,0,0,1,1,03d:1
c2ff,WRAM,0,0,0,2,2,017:1 02d:1
c300,WRAM,0,1,0,3,4,001:1 019:1 02d:1 03a:1
c301,WRAM,0,0,0,2,1,018:2
c30e,WRAM,0,0,0,1,1,00a:1
c310,WRAM,0,0,0,1,1,005:1
c324,WRAM,0,0,0,1,1,018:1
c330,WRAM,0,0,0,2,2,006:1 00a:1
c33f,WRAM,0,0,0,1,1,03c:1
c34c,WRAM,0,0,0,1,1,038:1
c367,WRAM,0,0,0,1,1,028:1
c36e,WRAM,0,0,0,3,1,005:3
c36f,WRAM,0,0,0,1,1,005:1
c383,WRAM,0,0,0,1,1,020:1
c3ac,WRAM,0,0,0,1,1,03c:1
c3bf,WRAM,0,0,0,1,1,03b:1
c3c0,WRAM,0,0,0,5,2,004:4 00a:1
c3e1,WRAM,0,0,0,1,1,01e:1
c3e7,WRAM,1,0,0,0,1,00e:1
c3fd,WRAM,1,0,0,0,1,038:1
c3ff,WRAM,0,0,0,3,2,00c:2 03d:1
c400,WRAM,0,1,0,2,3,006:1 00a:1 00d:1
c408,WRAM,0,2,0,0,2,001:1 02f:1
c40f,WRAM,0,1,0,0,1,01c:1
c415,WRAM,0,1,0,0,1,010:1
c43a,WRAM,1,0,0,0,1,010:1
c43b,WRAM,0,1,0,0,1,01e:1
c440,WRAM,0,1,0,0,1,014:1
c444,WRAM,0,1,0,0,1,017:1
c480,WRAM,0,0,0,16,1,005:16
c481,WRAM,0,0,0,1,1,005:1
c484,WRAM,0,0,0,1,1,005:1
c485,WRAM,0,0,0,6,1,005:6
c486,WRAM,0,0,0,1,1,005:1
c4c4,WRAM,1,0,0,0,1,02f:1
c4e4,WRAM,0,1,0,0,1,03c:1
c4e6,WRAM,0,0,0,1,1,02e:1
c4ea,WRAM,0,0,0,1,1,005:1
c4f0,WRAM,0,0,0,1,1,00a:1
c4fc,WRAM,1,0,0,0,1,03a:1
c4fe,WRAM,0,0,0,1,1,038:1
c4ff,WRAM,1,3,0,2,5,01e:2 00e:1 010:1 031:1
c500,WRAM,0,1,0,1,2,031:1 03a:1
c501,WRAM,0,0,0,1,1,012:1
c510,WRAM,0,1,0,0,1,001:1
c53a,WRAM,1,0,0,0,1,010:1
c55f,WRAM,0,0,0,4,2,00e:3 013:1
c587,WRAM,1,0,0,0,1,031:1
c5a0,WRAM,0,0,0,4,1,004:4
c5c0,WRAM,0,1,0,0,1,00e:1
c5c8,WRAM,0,0,0,1,1,038:1
c5e1,WRAM,0,0,0,1,1,03d:1
c5f0,WRAM,0,1,0,0,1,03b:1
c5f5,WRAM,0,0,0,1,1,006:1
c5f8,WRAM,0,1,0,0,1,001:1
c5fa,WRAM,1,1,0,0,2,039:1 03b:1
c5ff,WRAM,0,1,0,0,1,03b:1
c601,WRAM,0,0,0,2,2,019:1 037:1
c60e,WRAM,0,0,0,4,1,00a:4
c639,WRAM,0,1,0,0,1,00f:1
c67f,WRAM,1,0,0,0,1,015:1
c68e,WRAM,0,0,0,3,1,00a:3
c6c3,WRAM,0,0,0,1,1,01c:1
c6f7,WRAM,0,1,0,0,1,03b:1
c6fe,WRAM,0,0,0,1,1,00a:1
c700,WRAM,0,0,0,8,3,006:4 00a:3 031:1
c701,WRAM,0,0,0,1,1,020:1
c703,WRAM,0,0,0,1,1,030:1
c739,WRAM,0,0,0,2,2,019:1 03e:1
c770,WRAM,0,0,0,2,1,00a:2
c780,WRAM,0,0,0,3,2,00a:2 006:1
c787,WRAM,0,0,0,1,1,018:1
c7ab,WRAM,0,0,0,1,1,03c:1
c7c0,WRAM,0,0,0,1,1,033:1
c7c6,WRAM,0,0,0,1,1,014:1
c7c7,WRAM,0,0,0,1,1,012:1
c7f0,WRAM,0,0,0,5,1,00a:5
c7fc,WRAM,0,0,0,1,1,03a:1
c7ff,WRAM,0,1,0,5,3,019:3 016:2 010:1
c800,WRAM,0,0,0,31,9,003:11 006:8 007:3 000:2
c802,WRAM,0,0,0,2,1,000:2
c803,WRAM,0,0,0,1,1,000:1
c808,WRAM,0,1,0,0,1,012:1
c827,WRAM,0,1,0,0,1,035:1
c834,WRAM,0,1,0,0,1,019:1
c8b7,WRAM,0,0,0,1,1,01e:1
c8c7,WRAM,0,0,0,1,1,038:1
c8ec,WRAM,0,1,0,0,1,015:1
c8f0,WRAM,0,1,0,0,1,039:1
c900,WRAM,0,1,0,15,5,006:8 007:3 002:2 004:2
c908,WRAM,0,1,0,0,1,021:1
c90e,WRAM,0,0,0,1,1,00a:1
c91f,WRAM,1,0,0,0,1,031:1
c933,WRAM,0,0,0,1,1,035:1
c9f9,WRAM,0,0,0,1,1,00d:1
ca00,WRAM,0,0,0,3,3,006:1 00a:1 03a:1
ca1e,WRAM,0,0,0,1,1,03d:1
ca20,WRAM,0,1,0,0,1,02b:1
ca3e,WRAM,0,0,0,1,1,00a:1
ca6e,WRAM,0,1,0,0,1,038:1
ca7e,WRAM,0,0,0,1,1,03b:1
caf0,WRAM,0,0,0,1,1,00a:1
caf4,WRAM,1,0,0,0,1,03a:1
cafa,WRAM,3,0,0,0,1,00e:3
cb00,WRAM,0,0,0,1,1,026:1
cb09,WRAM,0,0,0,1,1,006:1
cb10,WRAM,0,0,0,1,1,016:1
cb5f,WRAM,0,0,0,1,1,028:1
cbcc,WRAM,0,1,0,0,1,026:1
cbd5,WRAM,1,0,0,0,1,008:1
cbe5,WRAM,1,0,0,0,1,03d:1
cc00,WRAM,0,0,0,1,1,028:1
cc14,WRAM,0,0,0,1,1,038:1
cc93,WRAM,0,0,0,1,1,038:1
ccd3,WRAM,0,1,0,0,1,014:1
ccdf,WRAM,0,0,0,1,1,033:1
ccf2,WRAM,1,0,0,0,1,03b:1
ccff,WRAM,0,0,0,1,1,010:1
cd01,WRAM,0,0,0,1,1,01e:1
cd09,WRAM,0,0,0,2,1,004:2
cd0c,WRAM,0,0,0,2,1,00a:2
cd0e,WRAM,0,0,0,11,1,00a:11
cd27,WRAM,0,0,0,1,1,007:1
cd8e,WRAM,0,0,0,4,1,00a:4
cd99,WRAM,0,1,0,0,1,01c:1
cdc4,WRAM,0,1,0,0,1,01d:1
cde0,WRAM,0,0,0,1,1,007:1
cde2,WRAM,1,0,0,0,1,019:1
cdfe,WRAM,0,0,0,1,1,00a:1
ce00,WRAM,0,0,0,19,5,007:10 002:6 009:1 013:1
ce31,WRAM,0,1,0,0,1,034:1
ce3b,WRAM,0,0,0,1,1,03b:1
ce7f,WRAM,0,0,0,1,1,03c:1
ceb1,WRAM,0,0,0,1,1,022:1
cecf,WRAM,0,0,0,1,1,03b:1
ced0,WRAM,0,0,0,1,1,009:1
cee0,WRAM,0,0,0,1,1,009:1
cef0,WRAM,0,0,0,1,1,009:1
cefd,WRAM,1,0,0,0,1,012:1
cf00,WRAM,0,0,0,8,3,002:4 000:2 03a:2
cf01,WRAM,0,0,0,1,1,012:1
cf03,WRAM,0,0,0,3,1,00e:3
cf07,WRAM,0,0,0,1,1,027:1
cf0a,WRAM,0,1,0,0,1,02b:1
cf12,WRAM,0,0,0,1,1,002:1
cf1d,WRAM,0,1,0,0,1,017:1
cf23,WRAM,0,0,0,1,1,00d:1
cf33,WRAM,1,1,0,0,1,002:2
cf34,WRAM,0,0,0,1,1,002:1
cf36,WRAM,0,0,0,1,1,002:1
cf55,WRAM,0,0,0,2,1,002:2
cf5c,WRAM,0,0,0,1,1,002:1
cf86,WRAM,0,0,0,1,1,031:1
cf87,WRAM,0,0,0,1,1,00f:1
cf8f,WRAM,0,1,0,0,1,002:1
cf91,WRAM,0,0,0,1,1,03a:1
cfcf,WRAM,0,7,0,0,1,027:7
cfdf,WRAM,0,0,0,1,1,02c:1
cfe0,WRAM,0,0,0,1,1,017:1
cfe6,WRAM,0,0,0,1,1,03b:1
cff4,WRAM,2,2,0,0,2,019:2 023:2
cfff,WRAM,1,2,0,0,1,007:3
d000,WRAM,8,3,0,10,6,009:10 000:5 005:3 007:1
d001,WRAM,6,2,0,1,2,009:5 000:4
d002,WRAM,4,3,0,8,2,000:8 009:7
d003,WRAM,7,5,0,0,1,009:12
d004,WRAM,2,5,0,2,3,009:7 000:1 005:1
d005,WRAM,5,4,0,0,2,009:8 00f:1
d006,WRAM,0,0,0,2,1,000:2
d007,WRAM,3,3,0,0,1,009:6
d008,WRAM,2,3,0,3,3,009:5 002:2 005:1
d009,WRAM,9,5,0,1,1,009:15
d00a,WRAM,1,5,0,3,2,009:6 000:3
d00b,WRAM,2,6,0,1,1,009:9
d00c,WRAM,0,4,0,1,2,009:4 005:1
d00d,WRAM,7,2,0,0,1,009:9
d00e,WRAM,3,1,0,3,2,009:5 000:2
d00f,WRAM,2,1,0,1,1,009:4
d010,WRAM,1,2,0,2,2,009:4 005:1
d012,WRAM,1,1,0,0,1,009:2
d013,WRAM,1,1,0,0,1,009:2
d014,WRAM,1,3,0,1,1,009:5
d015,WRAM,0,5,0,0,2,009:3 016:2
d016,WRAM,4,2,0,0,1,009:6
d017,WRAM,3,1,0,2,1,009:6
d018,WRAM,2,1,0,1,1,009:4
d019,WRAM,1,2,0,1,1,009:4
d01b,WRAM,1,1,0,0,1,009:2
d01c,WRAM,2,1,0,0,2,009:2 033:1
d01d,WRAM,1,3,0,1,1,009:5
d01e,WRAM,0,3,0,0,1,009:3
d01f,WRAM,4,2,0,0,1,009:6
d020,WRAM,4,2,0,6,2,009:11 03b:1
d021,WRAM,3,2,0,0,1,009:5
d024,WRAM,2,0,0,1,1,009:3
d025,WRAM,1,0,0,1,1,009:2
d026,WRAM,1,1,0,1,1,009:3
d027,WRAM,0,0,0,1,1,009:1
d028,WRAM,2,1,0,1,1,009:4
d029,WRAM,2,2,0,0,2,009:3 00f:1
d02a,WRAM,1,1,0,1,2,009:2 015:1
d02c,WRAM,0,0,0,2,1,009:2
d02d,WRAM,1,0,0,0,1,01b:1
d02f,WRAM,0,3,0,0,2,01e:2 015:1
d040,WRAM,0,0,0,2,2,000:1 015:1
d044,WRAM,1,2,0,0,1,009:3
d045,WRAM,0,0,0,1,1,009:1
d047,WRAM,4,3,0,0,1,009:7
d048,WRAM,5,4,0,0,1,009:9
d049,WRAM,0,2,0,1,1,009:3
d04a,WRAM,3,3,0,0,1,009:6
d04b,WRAM,0,1,0,1,1,009:2
d04c,WRAM,0,1,0,0,1,009:1
d04d,WRAM,2,3,0,0,1,009:5
d04e,WRAM,1,4,0,0,1,009:5
d04f,WRAM,2,1,0,0,1,009:3
d050,WRAM,1,2,0,0,1,009:3
d051,WRAM,1,1,0,1,1,009:3
d052,WRAM,0,0,0,5,1,009:5
d053,WRAM,0,0,0,3,1,009:3
d054,WRAM,0,0,0,4,1,009:4
d055,WRAM,0,0,0,1,1,009:1
d056,WRAM,0,0,0,1,1,009:1
d06f,WRAM,0,1,0,0,1,00f:1
d080,WRAM,0,1,0,1,2,000:1 01e:1
d08e,WRAM,1,4,0,0,1,009:5
d08f,WRAM,1,2,0,0,1,009:3
d090,WRAM,2,3,0,0,1,009:5
d091,WRAM,1,3,0,1,1,009:5
d092,WRAM,0,3,0,0,1,009:3
d0d0,WRAM,0,0,0,1,1,027:1
d0e0,WRAM,1,0,0,0,1,03a:1
d0ea,WRAM,0,0,0,1,1,001:1
d0f0,WRAM,0,2,0,0,2,00f:1 020:1
d0f2,WRAM,0,0,0,1,1,038:1
d0f4,WRAM,2,2,0,0,1,027:4
d0fc,WRAM,3,0,0,0,3,00e:1 027:1 038:1
d0fd,WRAM,1,0,0,0,1,002:1
d0ff,WRAM,0,1,0,0,1,00f:1
d101,WRAM,0,0,0,1,1,039:1
d105,WRAM,1,0,0,0,1,01e:1
d110,WRAM,0,0,0,2,1,002:2
d12e,WRAM,0,3,0,0,2,03b:2 00f:1
d13f,WRAM,0,0,0,1,1,012:1
d180,WRAM,0,1,0,0,1,028:1
d19d,WRAM,0,0,0,2,1,01f:2
d1f1,WRAM,0,1,0,0,1,010:1
d1fb,WRAM,1,0,0,0,1,026:1
d1ff,WRAM,1,0,0,0,1,01e:1
d200,WRAM,0,2,0,3,2,008:4 028:1
d201,WRAM,0,2,0,0,1,008:2
d202,WRAM,0,2,0,0,1,008:2
d203,WRAM,0,0,0,2,1,008:2
d213,WRAM,0,2,0,0,1,008:2
d218,WRAM,0,0,0,2,1,002:2
d2c0,WRAM,0,1,0,0,1,028:1
d2f2,WRAM,0,0,0,2,1,001:2
d2fe,WRAM,0,0,0,1,1,00f:1
d2ff,WRAM,1,1,0,0,2,013:1 01e:1
d300,WRAM,1,1,0,0,1,038:2
d303,WRAM,0,0,0,1,1,038:1
d305,WRAM,2,0,0,0,1,016:2
d308,WRAM,0,0,0,1,1,002:1
d30f,WRAM,0,0,0,1,1,00d:1
d321,WRAM,0,0,0,1,1,02c:1
d33f,WRAM,0,0,0,1,1,032:1
d380,WRAM,0,0,0,1,1,03c:1
d3ff,WRAM,2,0,0,0,1,00e:2
d400,WRAM,0,4,0,2,6,000:1 00e:1 010:1 015:1
d404,WRAM,1,0,0,0,1,01e:1
d405,WRAM,2,0,0,0,2,00f:1 016:1
d410,WRAM,0,0,0,1,1,002:1
d415,WRAM,0,2,0,0,2,011:1 01e:1
d42b,WRAM,8,4,0,0,5,016:6 00f:3 015:1 01b:1
d4ab,WRAM,0,1,0,0,1,010:1
d4eb,WRAM,1,0,0,0,1,01e:1
d4f9,WRAM,0,0,0,2,1,001:2
d4fc,WRAM,1,0,0,0,1,03d:1
d4ff,WRAM,2,2,0,0,3,01e:2 010:1 038:1
d500,WRAM,33,33,0,11,11,003:30 008:15 007:14 004:10
d501,WRAM,2,7,0,6,2,003:11 004:4
d502,WRAM,10,8,0,11,2,007:24 003:5
d503,WRAM,3,4,0,1,3,003:5 007:2 038:1
d504,WRAM,5,4,0,0,2,003:7 007:2
d505,WRAM,2,3,0,0,1,003:5
d506,WRAM,1,2,0,0,1,003:3
d507,WRAM,0,4,0,4,1,003:8
d508,WRAM,0,3,0,0,1,003:3
d50b,WRAM,0,2,0,0,1,003:2
d50c,WRAM,0,1,0,0,1,003:1
d50d,WRAM,2,1,0,1,1,003:4
d50f,WRAM,43,5,0,26,4,004:34 006:21 007:13 008:6
d510,WRAM,10,26,0,8,4,003:25 004:7 008:7 007:5
d511,WRAM,1,7,0,5,2,003:10 004:3
d512,WRAM,3,7,0,12,2,007:16 003:6
d513,WRAM,2,4,0,0,1,003:6
d514,WRAM,4,5,0,0,1,003:9
d515,WRAM,2,7,0,0,3,003:6 00f:2 01e:1
d517,WRAM,0,4,0,3,1,003:7
d518,WRAM,0,3,0,1,2,003:3 002:1
d519,WRAM,3,3,0,0,1,003:6
d51a,WRAM,4,4,0,0,1,003:8
d51b,WRAM,0,2,0,0,1,003:2
d51c,WRAM,0,1,0,0,1,003:1
d51d,WRAM,1,3,0,0,1,003:4
d51f,WRAM,11,16,0,11,4,004:14 006:13 007:7 008:4
d520,WRAM,2,3,0,1,1,000:6
d521,WRAM,0,3,0,1,1,000:4
d522,WRAM,0,2,0,0,1,000:2
d523,WRAM,1,3,0,0,1,000:4
d524,WRAM,1,72,0,3,9,009:16 003:12 004:10 007:10
d525,WRAM,0,67,0,0,9,009:15 003:12 007:10 004:8
d526,WRAM,0,70,0,0,9,009:15 003:12 006:11 007:10
d527,WRAM,1,2,0,0,1,000:3
d528,WRAM,1,2,0,0,1,000:3
d529,WRAM,1,1,0,0,1,000:2
d52a,WRAM,2,5,0,4,5,000:4 00f:3 015:2 01e:1
d52b,WRAM,0,0,0,1,1,038:1
d542,WRAM,0,0,0,1,1,000:1
d549,WRAM,0,0,0,1,1,000:1
d560,WRAM,0,1,0,0,1,000:1
d561,WRAM,31,1,0,16,7,004:13 006:11 002:10 003:6
d562,WRAM,3,2,0,2,4,006:3 008:2 003:1 004:1
d563,WRAM,0,0,0,8,2,002:7 000:1
d56a,WRAM,1,1,0,0,2,00f:1 03d:1
d580,WRAM,1,1,0,0,2,010:1 028:1
d581,WRAM,5,2,0,5,6,005:4 002:2 006:2 009:2
d582,WRAM,3,2,0,0,2,008:3 004:2
d583,WRAM,5,0,0,1,1,00a:6
d584,WRAM,7,0,0,0,1,00a:7
d585,WRAM,7,0,0,0,1,00a:7
d586,WRAM,2,0,0,0,1,00a:2
d587,WRAM,12,11,0,0,2,00a:20 006:3
d588,WRAM,6,1,0,0,1,00a:7
d589,WRAM,6,4,0,0,1,00a:10
d594,WRAM,11,5,0,0,2,00a:14 006:2
d595,WRAM,1,38,0,0,1,00a:39
d596,WRAM,2,17,0,0,1,00a:19
d597,WRAM,2,18,0,0,1,00a:20
d598,WRAM,19,40,0,0,1,00a:59
d599,WRAM,19,27,0,0,1,00a:46
d59a,WRAM,4,4,0,0,2,006:5 00a:3
d59b,WRAM,8,3,0,0,2,006:6 00a:5
d59c,WRAM,1,3,0,0,2,006:2 00a:2
d59d,WRAM,1,1,0,0,1,00a:2
d59e,WRAM,1,1,0,0,1,00a:2
d59f,WRAM,1,1,0,0,1,00a:2
d5a0,WRAM,1,1,0,0,1,00a:2
d5a1,WRAM,1,1,0,0,1,00a:2
d5a2,WRAM,1,1,0,0,1,00a:2
d5a3,WRAM,1,1,0,0,1,00a:2
d5a4,WRAM,1,1,0,0,1,00a:2
d5a5,WRAM,1,1,0,0,1,00a:2
d5a6,WRAM,1,1,0,0,1,00a:2
d5a7,WRAM,1,1,0,0,1,00a:2
d5a8,WRAM,1,1,0,0,1,00a:2
d5a9,WRAM,1,1,0,0,1,00a:2
d5aa,WRAM,1,4,0,0,2,03b:3 00a:2
d5ab,WRAM,1,1,0,0,1,00a:2
d5ac,WRAM,1,1,0,0,1,00a:2
d5ad,WRAM,1,1,0,0,1,00a:2
d5ae,WRAM,1,1,0,0,1,00a:2
d5af,WRAM,1,1,0,0,1,00a:2
d5b0,WRAM,1,1,0,0,1,00a:2
d5b1,WRAM,1,1,0,0,1,00a:2
d5b2,WRAM,1,1,0,0,1,00a:2
d5b3,WRAM,1,1,0,0,1,00a:2
d5b4,WRAM,1,1,0,0,1,00a:2
d5b5,WRAM,1,2,0,4,1,00a:7
d5b6,WRAM,1,2,0,0,1,00a:3
d5b7,WRAM,1,2,0,0,1,00a:3
d5b8,WRAM,1,2,0,0,1,00a:3
d5b9,WRAM,1,2,0,0,1,00a:3
d5ba,WRAM,1,2,0,0,1,00a:3
d5bb,WRAM,1,2,0,0,1,00a:3
d5bc,WRAM,1,2,0,0,1,00a:3
d5bd,WRAM,2,2,0,0,1,00a:4
d5be,WRAM,2,2,0,0,1,00a:4
d5bf,WRAM,3,2,0,0,1,00a:5
d5c0,WRAM,3,2,0,0,1,00a:5
d5c1,WRAM,1,1,0,0,1,00a:2
d5c2,WRAM,2,1,0,0,1,00a:3
d5c3,WRAM,3,1,0,0,1,00a:4
d5c4,WRAM,2,1,0,0,1,00a:3
d5c5,WRAM,1,1,0,0,1,00a:2
d5c6,WRAM,1,1,0,0,1,00a:2
d5c7,WRAM,2,1,0,0,1,00a:3
d5c8,WRAM,3,1,0,0,1,00a:4
d5c9,WRAM,2,1,0,0,1,00a:3
d5ca,WRAM,1,1,0,0,1,00a:2
d5cb,WRAM,1,4,0,0,1,00a:5
d5cc,WRAM,1,4,0,0,1,00a:5
d5cd,WRAM,1,4,0,0,1,00a:5
d5ce,WRAM,5,91,0,0,8,004:30 006:15 003:14 007:14
d5cf,WRAM,46,427,0,213,8,003:139 007:132 004:131 006:114
d5d0,WRAM,6,28,0,19,7,007:15 004:14 008:8 009:8
d5d1,WRAM,16,9,0,0,4,006:12 004:7 007:3 008:3
d5d2,WRAM,16,9,0,0,4,006:12 004:7 007:3 008:3
d5d3,WRAM,5,6,0,1,5,004:4 003:2 006:2 007:2
d5d5,WRAM,0,3,0,2,2,015:3 004:2
d5d6,WRAM,4,21,0,0,4,004:19 007:3 003:2 008:1
d5d7,WRAM,1,13,0,0,4,004:9 003:2 007:2 008:1
d5d8,WRAM,66,18,0,1,5,004:56 007:24 000:2 003:2
d5d9,WRAM,18,5,0,3,2,004:15 007:11
d5da,WRAM,3,37,0,3,2,004:32 007:11
d5db,WRAM,2,9,0,0,3,004:8 003:2 008:1
d5dc,WRAM,1,4,0,0,1,004:5
d5df,WRAM,46,72,0,0,8,004:31 007:25 003:24 008:15
d5e0,WRAM,2,0,0,3,2,004:4 000:1
d5e1,WRAM,1,0,0,1,1,004:2
d5e3,WRAM,7,0,0,0,1,006:7
d5e4,WRAM,3,0,0,1,1,006:4
d5e5,WRAM,5,0,0,1,1,006:6
d5e6,WRAM,3,0,0,1,1,006:4
d5e7,WRAM,5,0,0,1,1,006:6
d5e8,WRAM,4,0,0,1,1,006:5
d5e9,WRAM,2,0,0,2,1,006:4
d5ea,WRAM,6,5,0,0,2,006:6 015:5
d5eb,WRAM,2,0,0,1,1,006:3
d5ec,WRAM,5,0,0,1,1,007:6
d5ed,WRAM,13,1,0,1,1,004:15
d5ee,WRAM,15,4,0,0,1,004:19
d5ef,WRAM,5,1,0,0,1,003:6
d5f0,WRAM,4,1,0,0,1,003:5
d5f1,WRAM,4,1,0,0,1,003:5
d5f2,WRAM,6,3,0,0,1,003:9
d5f3,WRAM,7,1,0,0,1,008:8
d5f5,WRAM,12,1,0,1,1,007:14
d5f6,WRAM,2,1,0,0,1,004:3
d5f7,WRAM,1,1,0,0,1,004:2
d5f8,WRAM,2,1,0,0,1,003:3
d5f9,WRAM,1,1,0,0,1,004:2
d5fa,WRAM,1,0,0,1,1,008:2
d5fb,WRAM,6,2,0,0,1,003:8
d5fc,WRAM,3,3,0,0,1,007:6
d5fd,WRAM,5,0,0,1,1,009:6
d5fe,WRAM,3,1,0,0,1,007:4
d5ff,WRAM,7,5,0,0,4,008:8 00f:2 01e:1 03b:1
d600,WRAM,3,0,0,2,2,006:4 03a:1
d601,WRAM,0,0,0,2,1,001:2
d602,WRAM,0,2,0,2,1,004:4
d603,WRAM,4,2,0,2,1,004:8
d604,WRAM,0,2,0,2,1,004:4
d605,WRAM,4,2,0,0,1,004:6
d606,WRAM,2,2,0,3,1,004:7
d607,WRAM,1,0,0,0,1,004:1
d608,WRAM,2,2,0,2,2,004:5 002:1
d609,WRAM,1,0,0,0,1,004:1
d60a,WRAM,1,2,0,0,1,004:3
d60b,WRAM,3,2,0,0,2,004:4 000:1
d60c,WRAM,6,2,0,0,2,004:7 000:1
d60d,WRAM,2,2,0,1,2,004:4 000:1
d60e,WRAM,1,1,0,0,1,004:2
d60f,WRAM,2,1,0,0,1,004:3
d610,WRAM,2,2,0,0,1,004:4
d611,WRAM,5,2,0,0,1,004:7
d612,WRAM,5,5,0,0,1,004:10
d613,WRAM,4,3,0,0,1,004:7
d614,WRAM,4,3,0,0,1,004:7
d615,WRAM,0,0,0,5,2,004:4 000:1
d629,WRAM,0,0,0,5,2,004:4 000:1
d63d,WRAM,20,1,0,0,1,004:21
d63e,WRAM,7,3,0,1,1,004:11
d63f,WRAM,5,2,0,1,1,004:8
d640,WRAM,1,1,0,0,1,004:2
d641,WRAM,1,3,0,0,1,004:4
d642,WRAM,0,1,0,1,1,004:2
d643,WRAM,0,0,0,14,2,002:7 003:7
d648,WRAM,0,0,0,4,1,003:4
d64d,WRAM,0,0,0,4,1,003:4
d652,WRAM,0,0,0,9,1,003:9
d657,WRAM,0,0,0,9,1,003:9
d65c,WRAM,0,0,0,10,2,003:9 002:1
d661,WRAM,1,2,0,0,1,003:3
d662,WRAM,1,2,0,0,1,003:3
d663,WRAM,1,2,0,0,1,003:3
d664,WRAM,1,2,0,0,1,003:3
d665,WRAM,22,4,0,0,1,003:26
d666,WRAM,3,3,0,0,1,003:6
d667,WRAM,9,7,0,0,1,003:16
d668,WRAM,5,4,0,0,1,003:9
d669,WRAM,8,2,0,0,1,003:10
d66a,WRAM,1,3,0,0,1,003:4
d66b,WRAM,1,4,0,0,1,003:5
d66c,WRAM,2,2,0,2,1,003:6
d66d,WRAM,8,10,0,10,3,003:18 004:6 005:4
d66e,WRAM,2,3,0,0,3,004:2 007:2 003:1
d66f,WRAM,0,2,0,0,1,007:2
d670,WRAM,3,1,0,0,3,004:2 003:1 007:1
d671,WRAM,4,3,0,0,3,007:4 004:2 003:1
d673,WRAM,4,2,0,0,1,003:6
d674,WRAM,22,11,0,3,4,006:20 004:8 007:4 008:4
d675,WRAM,7,3,0,2,2,004:8 007:4
d678,WRAM,2,3,0,0,1,007:5
d679,WRAM,0,2,0,1,1,007:3
d67a,WRAM,5,10,0,0,2,004:13 008:2
d67b,WRAM,2,7,0,0,1,004:9
d67c,WRAM,3,1,0,1,1,004:5
d67d,WRAM,0,2,0,2,1,004:4
d67e,WRAM,2,7,0,0,1,004:9
d680,WRAM,0,2,0,0,1,002:2
d681,WRAM,0,0,0,28,3,003:22 002:5 004:1
d687,WRAM,1,0,0,0,1,035:1
d6a9,WRAM,1,0,0,0,1,03b:1
d6af,WRAM,0,0,0,1,1,003:1
d6b0,WRAM,6,1,0,0,1,003:7
d6b1,WRAM,0,2,0,2,2,002:2 003:2
d6b2,WRAM,0,0,0,18,2,003:14 002:4
d6b3,WRAM,0,0,0,1,1,003:1
d6e1,WRAM,0,2,0,0,1,002:2
d6e2,WRAM,6,4,0,0,2,003:6 002:4
d6e3,WRAM,6,3,0,1,2,003:6 002:4
d6e4,WRAM,4,4,0,0,1,003:8
d6e5,WRAM,0,0,0,2,1,003:2
d6ed,WRAM,0,2,0,0,1,003:2
d6ee,WRAM,0,2,0,0,1,003:2
d6ef,WRAM,0,0,0,2,1,003:2
d6fd,WRAM,0,2,0,0,1,003:2
d6fe,WRAM,0,2,0,0,1,003:2
d700,WRAM,1,0,0,0,1,028:1
d70d,WRAM,0,2,0,0,1,003:2
d70e,WRAM,0,2,0,0,1,003:2
d710,WRAM,0,0,0,1,1,002:1
d711,WRAM,0,0,0,1,1,01a:1
d715,WRAM,4,2,0,0,1,003:6
d716,WRAM,2,2,0,0,1,003:4
d717,WRAM,8,9,0,2,1,003:19
d718,WRAM,15,3,0,4,1,003:22
d719,WRAM,4,1,0,0,1,003:5
d71b,WRAM,3,3,0,0,1,003:6
d71c,WRAM,15,2,0,3,1,003:20
d71d,WRAM,13,4,0,2,1,003:19
d71e,WRAM,12,4,0,1,1,003:17
d71f,WRAM,0,2,0,2,1,003:4
d720,WRAM,0,5,0,1,1,003:6
d721,WRAM,0,2,0,0,1,003:2
d722,WRAM,0,5,0,0,1,003:5
d723,WRAM,1,0,0,2,1,003:3
d724,WRAM,2,0,0,0,1,003:2
d725,WRAM,1,4,0,0,1,003:5
d726,WRAM,0,2,0,4,1,003:6
d727,WRAM,2,4,0,0,1,003:6
d728,WRAM,1,8,0,2,2,003:8 015:3
d729,WRAM,0,2,0,4,1,003:6
d72a,WRAM,2,2,0,4,1,003:8
d72b,WRAM,1,5,0,0,1,003:6
d72c,WRAM,1,1,0,0,1,003:2
d72d,WRAM,0,0,0,4,1,003:4
d73d,WRAM,0,0,0,2,1,003:2
d73e,WRAM,0,0,0,3,1,003:3
d75d,WRAM,0,0,0,1,1,003:1
d75e,WRAM,0,0,0,3,1,003:3
d77d,WRAM,0,0,0,3,1,003:3
d79d,WRAM,0,0,0,2,1,003:2
d7bd,WRAM,2,2,0,0,1,003:4
d7be,WRAM,5,2,0,0,2,003:6 000:1
d7bf,WRAM,0,0,0,1,1,003:1
d7c0,WRAM,0,3,0,0,1,003:3
d7c1,WRAM,12,9,0,0,4,008:12 003:4 002:3 004:2
d7c2,WRAM,0,0,0,3,1,007:3
d7c4,WRAM,0,0,0,2,1,007:2
d7c6,WRAM,0,0,0,1,1,007:1
d7c8,WRAM,0,0,0,3,1,007:3
d7ca,WRAM,0,0,0,3,1,007:3
d7cc,WRAM,0,0,0,2,1,007:2
d7ce,WRAM,0,0,0,2,1,007:2
d7d0,WRAM,0,0,0,1,1,007:1
d7d2,WRAM,4,2,0,0,2,007:5 000:1
d7d3,WRAM,4,2,0,0,2,007:5 000:1
d7d4,WRAM,2,2,0,0,1,007:4
d7d5,WRAM,0,1,0,1,1,007:2
d7d6,WRAM,0,2,0,1,1,007:3
d7d7,WRAM,0,1,0,0,1,006:1
d7d8,WRAM,0,3,0,0,1,004:3
d7d9,WRAM,0,1,0,0,1,004:1
d7da,WRAM,1,1,0,0,1,004:2
d7db,WRAM,1,1,0,0,1,004:2
d7dc,WRAM,3,8,0,0,1,006:11
d7dd,WRAM,0,6,0,2,1,006:8
d7de,WRAM,0,2,0,3,1,006:5
d7df,WRAM,1,4,0,0,1,006:5
d7e0,WRAM,2,3,0,0,1,006:5
d7e1,WRAM,1,2,0,0,1,006:3
d7e2,WRAM,2,2,0,1,1,006:5
d7e3,WRAM,30,4,0,0,1,006:34
d7e4,WRAM,3,4,0,2,2,006:8 000:1
d7e6,WRAM,5,1,0,1,1,006:7
d7e7,WRAM,10,1,0,1,1,006:12
d7e8,WRAM,2,2,0,2,2,006:5 015:1
d7e9,WRAM,3,1,0,1,1,006:5
d7ea,WRAM,1,1,0,1,1,006:3
d7eb,WRAM,2,1,0,1,1,006:4
d7ec,WRAM,2,1,0,1,2,006:3 000:1
d7ed,WRAM,10,3,0,0,1,006:13
d7ee,WRAM,1,1,0,7,2,006:8 000:1
d7ef,WRAM,0,1,0,0,1,000:1
d7f0,WRAM,1,1,0,0,2,000:1 03a:1
d7f1,WRAM,0,1,0,1,2,000:1 006:1
d7f3,WRAM,1,0,0,1,1,006:2
d7f4,WRAM,1,1,0,0,1,006:2
d7f5,WRAM,6,1,0,1,2,006:7 000:1
d7f6,WRAM,4,1,0,0,1,006:5
d7f7,WRAM,4,0,0,2,1,006:6
d7f8,WRAM,4,0,0,1,1,006:5
d7f9,WRAM,4,0,0,2,1,006:6
d7fa,WRAM,4,0,0,1,1,006:5
d7fb,WRAM,4,0,0,1,1,006:5
d7fc,WRAM,4,0,0,1,1,006:5
d7fd,WRAM,2,3,0,0,1,006:5
d7fe,WRAM,4,3,0,0,1,006:7
d7ff,WRAM,2,1,0,2,1,006:5
d800,WRAM,7,4,0,2,6,004:6 003:2 007:2 006:1
d801,WRAM,1,7,0,1,4,008:6 000:1 006:1 02c:1
d802,WRAM,2,4,0,0,2,008:4 000:2
d803,WRAM,7,2,0,3,1,008:12
d804,WRAM,1,3,0,0,1,008:4
d805,WRAM,1,4,0,0,1,008:5
d806,WRAM,5,4,0,0,2,008:7 004:2
d807,WRAM,3,1,0,3,3,008:4 001:2 000:1
d808,WRAM,0,1,0,7,2,008:7 02b:1
d80f,WRAM,0,0,0,1,1,027:1
d810,WRAM,12,1,0,1,1,008:14
d811,WRAM,1,1,0,0,1,008:2
d812,WRAM,1,2,0,0,1,008:3
d813,WRAM,1,2,0,0,1,008:3
d814,WRAM,2,5,0,0,2,008:4 000:3
d815,WRAM,1,3,0,0,1,008:4
d816,WRAM,0,0,0,1,1,003:1
d818,WRAM,1,1,0,1,2,007:2 002:1
d819,WRAM,7,2,0,0,1,007:9
d81a,WRAM,1,1,0,3,1,007:5
d81b,WRAM,1,2,0,0,1,007:3
d81c,WRAM,1,2,0,0,1,007:3
d81d,WRAM,1,1,0,0,1,007:2
d81e,WRAM,1,2,0,0,1,007:3
d81f,WRAM,0,2,0,5,1,007:7
d820,WRAM,0,2,0,0,1,007:2
d821,WRAM,0,2,0,0,1,007:2
d827,WRAM,0,2,0,10,1,007:12
d828,WRAM,0,2,0,0,1,007:2
d829,WRAM,0,2,0,0,1,007:2
d82f,WRAM,0,2,0,4,1,007:6
d830,WRAM,0,1,0,0,1,007:1
d831,WRAM,0,2,0,0,1,007:2
d832,WRAM,0,5,0,2,1,007:7
d833,WRAM,0,4,0,0,1,007:4
d834,WRAM,0,2,0,0,1,007:2
d835,WRAM,0,1,0,15,1,007:16
d838,WRAM,0,1,0,17,1,007:18
d83b,WRAM,0,0,0,7,1,007:7
d83c,WRAM,0,0,0,2,1,007:2
d841,WRAM,0,5,0,1,1,007:6
d842,WRAM,0,4,0,0,1,007:4
d843,WRAM,0,2,0,0,1,007:2
d844,WRAM,0,5,0,1,1,007:6
d845,WRAM,0,4,0,0,1,007:4
d846,WRAM,0,2,0,0,1,007:2
d847,WRAM,0,5,0,1,1,007:6
d848,WRAM,0,4,0,0,1,007:4
d849,WRAM,0,2,0,0,1,007:2
d84a,WRAM,0,1,0,13,1,007:14
d84d,WRAM,0,0,0,2,1,007:2
d84e,WRAM,0,0,0,5,1,007:5
d856,WRAM,0,0,0,11,1,007:11
d85e,WRAM,0,5,0,5,1,007:10
d85f,WRAM,5,5,0,2,1,007:12
d860,WRAM,0,5,0,1,1,007:6
d861,WRAM,0,5,0,0,1,007:5
d862,WRAM,0,5,0,9,1,007:14
d863,WRAM,5,11,0,6,1,007:22
d864,WRAM,1,1,0,0,1,007:2
d865,WRAM,1,1,0,1,1,007:3
d866,WRAM,1,1,0,0,1,007:2
d867,WRAM,1,2,0,0,1,007:3
d868,WRAM,0,2,0,3,1,007:5
d869,WRAM,0,2,0,0,1,007:2
d86a,WRAM,0,2,0,0,1,007:2
d86b,WRAM,0,2,0,3,1,007:5
d86c,WRAM,0,2,0,0,1,007:2
d86d,WRAM,0,0,0,3,1,007:3
d877,WRAM,0,0,0,3,1,007:3
d881,WRAM,0,0,0,3,1,007:3
d88b,WRAM,3,2,0,1,1,007:6
d88c,WRAM,1,3,0,0,1,007:4
d88d,WRAM,2,4,0,0,1,007:6
d88e,WRAM,5,2,0,0,1,007:7
d88f,WRAM,5,3,0,0,3,007:6 000:1 00c:1
d890,WRAM,2,2,0,0,2,005:3 006:1
d891,WRAM,1,36,0,0,1,005:37
d892,WRAM,1,1,0,0,1,005:2
d893,WRAM,1,0,0,1,1,005:2
d894,WRAM,1,3,0,0,1,005:4
d895,WRAM,1,2,0,0,1,005:3
d896,WRAM,2,3,0,0,1,005:5
d897,WRAM,10,18,0,0,1,005:28
d898,WRAM,2,3,0,0,1,005:5
d899,WRAM,1,2,0,0,1,005:3
d89a,WRAM,4,1,0,1,1,005:6
d89b,WRAM,1,2,0,0,1,005:3
d89c,WRAM,2,2,0,0,1,005:4
d89d,WRAM,3,3,0,1,1,005:7
d89e,WRAM,0,0,0,1,1,005:1
d89f,WRAM,0,0,0,2,1,005:2
d8a2,WRAM,0,10,0,0,1,005:10
d8a3,WRAM,2,2,0,4,1,005:8
d8a5,WRAM,0,0,0,1,1,005:1
d8a6,WRAM,1,10,0,9,1,005:20
d8a7,WRAM,0,0,0,1,1,005:1
d8ab,WRAM,0,0,0,1,1,005:1
d8af,WRAM,0,0,0,2,1,005:2
d8b2,WRAM,9,9,0,0,1,005:18
d8b3,WRAM,6,1,0,1,1,005:8
d8b4,WRAM,8,1,0,2,2,005:10 000:1
d8b5,WRAM,8,1,0,2,2,005:10 000:1
d8b6,WRAM,8,1,0,2,2,005:10 000:1
d8b7,WRAM,5,1,0,1,1,005:7
d8b8,WRAM,1,3,0,0,1,005:4
d8b9,WRAM,3,6,0,2,2,005:9 000:2
d8ba,WRAM,0,1,0,1,1,005:2
d8bb,WRAM,0,1,0,1,1,005:2
d8bc,WRAM,0,1,0,1,1,005:2
d8bd,WRAM,2,1,0,1,1,005:4
d8be,WRAM,1,1,0,1,1,005:3
d8bf,WRAM,0,0,0,1,1,005:1
d8c0,WRAM,6,3,0,1,1,005:10
d8c1,WRAM,1,2,0,2,2,005:3 00b:2
d8c2,WRAM,1,2,0,0,1,005:3
d8c3,WRAM,1,1,0,1,1,005:3
d8c4,WRAM,0,2,0,1,1,005:3
d8c5,WRAM,3,3,0,2,2,005:6 000:2
d8c6,WRAM,5,3,0,0,1,005:8
d8c7,WRAM,0,0,0,3,1,005:3
d8c8,WRAM,22,31,0,0,1,005:53
d8c9,WRAM,0,3,0,12,1,005:15
d8ca,WRAM,1,10,0,0,1,005:11
d8cc,WRAM,8,6,0,0,2,005:12 000:2
d8cd,WRAM,18,1,0,0,1,005:19
d8ce,WRAM,2,2,0,0,1,005:4
d8cf,WRAM,1,1,0,1,2,005:2 000:1
d8d0,WRAM,3,1,0,1,1,005:5
d8d1,WRAM,0,0,0,4,2,000:2 005:2
d8df,WRAM,0,1,0,0,1,03e:1
d8f0,WRAM,0,1,0,0,1,032:1
d8f1,WRAM,1,3,0,0,1,005:4
d8f2,WRAM,1,2,0,0,1,005:3
d8f3,WRAM,18,24,0,0,1,005:42
d8f4,WRAM,0,3,0,10,1,005:13
d8f5,WRAM,1,10,0,0,1,005:11
d8f6,WRAM,8,6,0,0,2,005:12 000:2
d8f7,WRAM,18,1,0,0,1,005:19
d8f8,WRAM,2,2,0,0,1,005:4
d8f9,WRAM,1,1,0,1,2,005:2 000:1
d8fa,WRAM,14,19,0,0,1,005:33
d8fb,WRAM,0,3,0,8,1,005:11
d8fc,WRAM,1,8,0,0,1,005:9
d8fd,WRAM,8,6,0,0,2,005:12 000:2
d8fe,WRAM,22,1,0,0,1,005:23
d8ff,WRAM,1,2,0,1,1,005:4
d901,WRAM,1,1,0,1,2,005:2 000:1
d902,WRAM,0,0,0,1,1,005:1
d904,WRAM,4,1,0,1,2,005:5 000:1
d905,WRAM,1,1,0,0,1,000:2
d906,WRAM,1,1,0,0,1,000:2
d907,WRAM,1,1,0,0,1,000:2
d908,WRAM,0,0,0,1,1,002:1
d909,WRAM,1,1,0,0,1,000:2
d90b,WRAM,0,1,0,1,1,000:2
d90c,WRAM,0,1,0,0,1,000:1
d90d,WRAM,0,1,0,1,1,000:2
d90e,WRAM,0,1,0,0,1,000:1
d90f,WRAM,2,3,0,0,1,000:5
d910,WRAM,2,3,0,0,1,000:5
d911,WRAM,2,3,0,0,1,000:5
d912,WRAM,2,3,0,0,1,000:5
d913,WRAM,2,1,0,0,1,000:3
d914,WRAM,2,1,0,0,1,000:3
d915,WRAM,2,1,0,0,1,000:3
d916,WRAM,2,1,0,0,1,000:3
d917,WRAM,1,1,0,1,1,000:3
d918,WRAM,1,2,0,0,1,000:3
d919,WRAM,1,2,0,0,1,000:3
d91a,WRAM,1,2,0,0,1,000:3
d91b,WRAM,1,2,0,0,1,000:3
d91c,WRAM,1,2,0,0,1,000:3
d91d,WRAM,1,2,0,0,1,000:3
d91e,WRAM,0,0,0,1,1,03c:1
d92e,WRAM,1,81,0,0,2,005:80 000:2
d92f,WRAM,1,1,0,0,1,000:2
d930,WRAM,1,1,0,0,1,000:2
d932,WRAM,1,0,0,2,1,000:3
d933,WRAM,1,1,0,0,1,000:2
d934,WRAM,1,1,0,0,1,000:2
d935,WRAM,1,1,0,0,1,000:2
d937,WRAM,1,0,0,2,1,000:3
d938,WRAM,1,1,0,0,1,000:2
d939,WRAM,1,1,0,0,1,000:2
d93b,WRAM,1,0,0,1,1,000:2
d93c,WRAM,8,6,0,0,1,000:14
d93d,WRAM,7,0,0,3,3,005:7 002:2 000:1
d93e,WRAM,4,0,0,1,2,005:4 000:1
d93f,WRAM,6,0,0,3,3,005:6 002:2 000:1
d940,WRAM,4,0,0,1,2,005:4 000:1
d941,WRAM,4,0,0,1,2,005:4 000:1
d942,WRAM,5,1,0,2,3,005:5 002:2 000:1
d943,WRAM,5,1,0,0,2,005:5 000:1
d944,WRAM,7,1,0,0,2,005:7 000:1
d945,WRAM,0,0,0,16,3,005:13 002:2 000:1
d949,WRAM,0,0,0,1,1,005:1
d94d,WRAM,0,0,0,1,1,005:1
d951,WRAM,0,0,0,1,1,005:1
d955,WRAM,0,0,0,9,3,005:6 002:2 000:1
d959,WRAM,0,0,0,1,1,005:1
d95d,WRAM,0,0,0,1,1,005:1
d961,WRAM,0,0,0,1,1,005:1
d965,WRAM,0,0,0,7,2,005:5 002:2
d985,WRAM,8,0,0,3,3,005:8 002:2 000:1
d986,WRAM,4,0,0,1,2,005:4 000:1
d987,WRAM,4,1,0,2,3,005:4 002:2 000:1
d988,WRAM,4,1,0,0,2,005:4 000:1
d989,WRAM,6,1,0,0,2,005:6 000:1
d98a,WRAM,0,0,0,15,3,005:12 002:2 000:1
d98e,WRAM,0,0,0,1,1,005:1
d992,WRAM,0,0,0,1,1,005:1
d996,WRAM,0,0,0,1,1,005:1
d99a,WRAM,0,0,0,9,3,005:6 002:2 000:1
d99e,WRAM,0,0,0,1,1,005:1
d9a2,WRAM,0,0,0,1,1,005:1
d9a6,WRAM,0,0,0,1,1,005:1
d9aa,WRAM,6,2,0,4,3,005:9 002:2 000:1
d9ab,WRAM,6,2,0,2,2,005:9 000:1
d9ac,WRAM,5,0,0,3,3,005:5 002:2 000:1
d9ad,WRAM,4,0,0,1,2,005:4 000:1
d9ae,WRAM,4,0,0,1,2,005:4 000:1
d9af,WRAM,4,0,0,3,3,005:4 002:2 000:1
d9b0,WRAM,5,2,0,2,2,005:8 000:1
d9b1,WRAM,0,0,0,15,3,005:12 002:2 000:1
d9b5,WRAM,0,0,0,1,1,005:1
d9b9,WRAM,0,0,0,1,1,005:1
d9bd,WRAM,0,0,0,1,1,005:1
d9c1,WRAM,0,0,0,15,3,005:10 002:4 000:1
d9c5,WRAM,0,0,0,1,1,005:1
d9c9,WRAM,0,0,0,1,1,005:1
d9cd,WRAM,0,0,0,1,1,005:1
d9d1,WRAM,7,1,0,1,2,005:7 002:2
d9d2,WRAM,2,1,0,0,2,005:2 002:1
d9d3,WRAM,6,3,0,1,2,005:9 000:1
d9d4,WRAM,2,1,0,0,1,005:3
d9d5,WRAM,9,3,0,1,2,005:12 000:1
d9d6,WRAM,5,2,0,0,2,005:6 000:1
d9d7,WRAM,10,2,0,0,1,005:12
d9d8,WRAM,1,5,0,0,1,005:6
d9d9,WRAM,3,2,0,0,1,005:5
d9da,WRAM,2,2,0,0,1,005:4
d9db,WRAM,4,1,0,2,1,005:7
d9dc,WRAM,4,1,0,0,1,005:5
d9dd,WRAM,4,1,0,0,1,005:5
d9de,WRAM,2,1,0,3,1,005:6
d9df,WRAM,2,1,0,2,1,005:5
d9e0,WRAM,2,1,0,2,1,005:5
d9e1,WRAM,2,2,0,0,1,005:4
d9e2,WRAM,1,2,0,0,1,005:3
d9e3,WRAM,1,2,0,0,1,005:3
d9e4,WRAM,1,2,0,0,1,005:3
d9e5,WRAM,4,2,0,0,1,005:6
d9e6,WRAM,2,1,0,2,1,005:5
d9e7,WRAM,1,1,0,2,1,005:4
d9e8,WRAM,1,2,0,0,1,005:3
d9e9,WRAM,0,1,0,1,1,005:2
d9ea,WRAM,1,2,0,0,1,005:3
d9eb,WRAM,0,8,0,0,2,005:7 027:1
d9ec,WRAM,0,3,0,1,1,005:4
d9ed,WRAM,1,2,0,0,1,005:3
d9ee,WRAM,2,1,0,0,1,005:3
d9ef,WRAM,7,1,0,1,1,005:9
d9f0,WRAM,1,1,0,0,1,005:2
d9f1,WRAM,2,1,0,0,1,005:3
d9f2,WRAM,3,1,0,2,2,005:5 000:1
d9f3,WRAM,2,3,0,0,3,005:3 000:1 006:1
d9f4,WRAM,1,1,0,0,1,005:2
d9f5,WRAM,2,2,0,0,1,005:4
d9f6,WRAM,1,1,0,0,1,005:2
d9f7,WRAM,2,2,0,0,1,005:4
d9f8,WRAM,3,3,0,0,2,009:5 000:1
d9f9,WRAM,2,1,0,0,1,009:3
d9fa,WRAM,1,3,0,0,1,007:4
d9fb,WRAM,1,3,0,0,1,007:4
d9fc,WRAM,1,3,0,0,1,007:4
d9fd,WRAM,1,3,0,0,1,007:4
d9fe,WRAM,1,5,0,0,1,007:6
d9ff,WRAM,1,5,0,2,3,007:6 034:1 03c:1
da00,WRAM,4,7,0,0,2,007:9 032:2
da01,WRAM,2,7,0,0,1,007:9
da02,WRAM,2,2,0,1,1,007:5
da03,WRAM,1,3,0,0,1,007:4
da04,WRAM,4,5,0,0,1,007:9
da05,WRAM,2,3,0,0,1,007:5
da06,WRAM,2,3,0,0,2,007:4 015:1
da07,WRAM,2,2,0,1,1,007:5
da08,WRAM,3,3,0,0,1,007:6
da09,WRAM,0,2,0,2,1,007:4
da0a,WRAM,1,2,0,0,1,007:3
da0b,WRAM,0,4,0,1,1,007:5
da0c,WRAM,0,4,0,0,1,007:4
da0d,WRAM,1,1,0,0,1,007:2
da0e,WRAM,1,1,0,0,1,007:2
da0f,WRAM,1,3,0,3,2,004:5 001:2
da10,WRAM,1,1,0,1,2,004:2 002:1
da11,WRAM,1,1,0,1,1,004:3
da12,WRAM,1,5,0,0,1,004:6
da13,WRAM,0,2,0,1,1,004:3
da16,WRAM,6,26,0,0,2,007:31 000:1
da17,WRAM,1,4,0,0,2,007:4 000:1
da18,WRAM,1,4,0,0,2,007:4 000:1
da19,WRAM,1,4,0,0,1,007:5
da1a,WRAM,2,0,0,2,1,007:4
da1f,WRAM,2,0,0,3,1,007:5
da24,WRAM,0,0,0,1,1,007:1
da29,WRAM,0,0,0,1,1,007:1
da2e,WRAM,0,3,0,0,1,007:3
da2f,WRAM,1,1,0,0,1,007:2
da30,WRAM,2,7,0,0,2,007:8 017:1
da31,WRAM,2,6,0,2,1,004:10
da32,WRAM,2,4,0,0,1,004:6
da33,WRAM,0,0,0,1,1,009:1
da37,WRAM,1,0,0,1,1,009:2
da38,WRAM,1,0,0,0,1,009:1
da39,WRAM,1,0,0,0,1,009:1
da3a,WRAM,1,0,0,0,1,009:1
da3b,WRAM,15,16,0,0,1,009:31
da3c,WRAM,13,7,0,2,1,009:22
da3d,WRAM,5,10,0,0,1,009:15
da3e,WRAM,0,0,0,2,1,009:2
da41,WRAM,0,2,0,2,1,009:4
da42,WRAM,0,2,0,0,1,009:2
da43,WRAM,0,2,0,0,1,009:2
da44,WRAM,3,0,0,1,1,006:4
da45,WRAM,3,0,0,0,1,006:3
da46,WRAM,3,0,0,0,1,006:3
da47,WRAM,3,0,0,0,1,006:3
da48,WRAM,3,0,0,0,1,006:3
da49,WRAM,0,0,0,6,2,002:5 009:1
da4d,WRAM,0,0,0,6,1,009:6
da56,WRAM,9,2,0,0,3,009:8 007:2 002:1
da57,WRAM,0,0,0,4,1,009:4
da59,WRAM,0,0,0,2,1,009:2
da5a,WRAM,0,0,0,2,1,009:2
da5b,WRAM,0,0,0,3,1,002:3
da5f,WRAM,0,0,0,1,1,009:1
da68,WRAM,2,0,0,0,1,009:2
da69,WRAM,0,0,0,1,1,009:1
da6b,WRAM,0,0,0,1,1,009:1
da6c,WRAM,0,0,0,1,1,009:1
da6d,WRAM,1,0,0,0,1,009:1
da6e,WRAM,1,0,0,0,1,009:1
da6f,WRAM,1,0,0,0,1,009:1
da70,WRAM,0,0,0,4,1,009:4
da8e,WRAM,3,0,0,1,2,009:3 03a:1
da8f,WRAM,3,1,0,0,2,000:2 002:2
da90,WRAM,3,1,0,0,2,000:2 002:2
da91,WRAM,8,4,0,0,1,009:12
da92,WRAM,4,1,0,1,1,009:6
da93,WRAM,3,3,0,0,1,009:6
da94,WRAM,4,3,0,0,1,009:7
da95,WRAM,2,3,0,0,4,004:2 008:1 009:1 038:1
da96,WRAM,2,0,0,3,3,002:3 006:1 009:1
da97,WRAM,2,0,0,0,2,002:1 009:1
da98,WRAM,1,0,0,1,2,004:1 009:1
da99,WRAM,1,0,0,0,1,009:1
da9a,WRAM,2,0,0,1,3,002:1 007:1 009:1
da9b,WRAM,2,0,0,0,2,002:1 009:1
da9c,WRAM,2,0,0,1,3,000:1 002:1 009:1
da9d,WRAM,2,0,0,0,2,002:1 009:1
da9e,WRAM,1,0,0,1,2,007:1 009:1
da9f,WRAM,1,0,0,0,1,009:1
daa0,WRAM,1,0,0,1,2,007:1 009:1
daa1,WRAM,3,0,0,0,3,002:1 007:1 009:1
daa2,WRAM,2,0,0,1,3,002:1 007:1 009:1
daa3,WRAM,3,0,0,2,3,007:3 002:1 009:1
daa4,WRAM,1,0,0,1,2,005:1 009:1
daa5,WRAM,3,0,0,1,4,002:1 004:1 005:1 009:1
daa6,WRAM,2,0,0,1,1,009:3
daa7,WRAM,3,0,0,1,2,009:3 002:1
daab,WRAM,3,1,0,0,2,008:3 000:1
daac,WRAM,0,0,0,2,1,004:2
dab6,WRAM,0,1,0,0,1,038:1
dabc,WRAM,0,0,0,2,1,004:2
dacc,WRAM,0,0,0,3,1,004:3
dad9,WRAM,1,0,0,0,1,038:1
dadc,WRAM,0,0,0,2,1,004:2
dadf,WRAM,0,0,0,1,1,03b:1
daec,WRAM,0,0,0,4,1,004:4
daf1,WRAM,0,1,0,0,1,03c:1
daf7,WRAM,1,0,0,0,1,017:1
dafc,WRAM,0,0,0,3,1,004:3
db03,WRAM,0,0,0,1,1,023:1
db0c,WRAM,0,0,0,2,1,004:2
db18,WRAM,0,0,0,1,1,002:1
db2c,WRAM,0,0,0,1,1,004:1
db3f,WRAM,0,0,0,1,1,01d:1
db4c,WRAM,2,5,0,0,1,004:7
db4d,WRAM,0,4,0,1,2,008:4 000:1
db4e,WRAM,0,4,0,0,1,008:4
db4f,WRAM,0,4,0,0,1,008:4
db51,WRAM,0,0,0,2,1,008:2
db5b,WRAM,0,0,0,1,1,006:1
db5d,WRAM,0,0,0,1,1,000:1
db61,WRAM,0,0,0,1,1,008:1
db6d,WRAM,2,5,0,0,3,008:4 000:2 006:1
db6e,WRAM,1,5,0,0,3,008:4 000:1 006:1
db6f,WRAM,1,5,0,0,3,008:4 000:1 006:1
db70,WRAM,0,0,0,2,1,000:2
db7b,WRAM,0,1,0,0,1,03c:1
db80,WRAM,0,1,0,0,1,002:1
dbc0,WRAM,1,2,0,0,1,000:3
dbc1,WRAM,1,2,0,0,1,000:3
dbc2,WRAM,0,1,0,1,1,000:2
dbc3,WRAM,1,1,0,1,1,000:3
dbc4,WRAM,1,2,0,0,1,000:3
dbc5,WRAM,2,3,0,0,1,000:5
dbc6,WRAM,2,3,0,0,1,000:5
dbc7,WRAM,0,1,0,1,1,000:2
dbc8,WRAM,0,1,0,0,1,000:1
dbc9,WRAM,0,1,0,1,1,000:2
dbca,WRAM,0,1,0,0,1,000:1
dbcb,WRAM,3,5,0,0,2,008:6 004:2
dbcc,WRAM,2,5,0,0,2,008:5 004:2
dbcd,WRAM,3,2,0,0,2,004:4 018:1
dbce,WRAM,1,2,0,0,1,007:3
dbcf,WRAM,3,12,0,0,6,007:5 004:4 006:2 009:2
dbd0,WRAM,0,1,0,0,1,000:1
dbd1,WRAM,0,1,0,0,1,000:1
dbe9,WRAM,0,0,0,1,1,033:1
dbec,WRAM,0,0,0,2,1,000:2
dbfb,WRAM,1,0,0,0,1,031:1
dbfc,WRAM,1,0,0,0,1,015:1
dbfe,WRAM,0,0,0,2,1,000:2
dc08,WRAM,1,2,0,0,2,000:2 005:1
dc09,WRAM,1,2,0,0,2,000:2 005:1
dc0a,WRAM,1,2,0,0,2,000:2 005:1
dc0b,WRAM,2,0,0,0,1,000:2
dc0c,WRAM,1,4,0,0,1,000:5
dc0d,WRAM,9,9,0,0,1,000:18
dc0e,WRAM,3,5,0,0,1,000:8
dc0f,WRAM,1,2,0,0,1,000:3
dc10,WRAM,2,1,0,1,1,000:4
dc11,WRAM,2,1,0,2,1,000:5
dc12,WRAM,1,1,0,1,1,000:3
dc13,WRAM,1,3,0,0,1,000:4
dc14,WRAM,1,3,0,0,1,000:4
dc15,WRAM,1,1,0,0,1,000:2
dc16,WRAM,2,1,0,2,3,000:2 001:2 02c:1
dc17,WRAM,1,1,0,0,1,000:2
dc18,WRAM,1,1,0,0,1,000:2
dc19,WRAM,2,4,0,3,1,000:9
dc1a,WRAM,1,2,0,0,1,000:3
dc1b,WRAM,1,3,0,0,1,000:4
dc1c,WRAM,1,3,0,0,1,000:4
dc1d,WRAM,1,1,0,0,1,000:2
dc1e,WRAM,1,1,0,0,1,000:2
dc1f,WRAM,3,2,0,0,1,000:5
dc20,WRAM,3,2,0,0,1,000:5
dc21,WRAM,0,1,0,0,1,000:1
dc22,WRAM,0,1,0,0,1,000:1
dc23,WRAM,1,2,0,1,1,000:4
dc24,WRAM,1,2,0,0,1,000:3
dc25,WRAM,2,5,0,0,1,000:7
dc26,WRAM,0,1,0,1,1,000:2
dc27,WRAM,16,2,0,0,2,000:17 005:1
dc28,WRAM,2,3,0,0,1,000:5
dc29,WRAM,1,1,0,0,1,000:2
dc2a,WRAM,0,2,0,0,1,000:2
dc2b,WRAM,3,1,0,0,1,000:4
dc2c,WRAM,2,2,0,0,1,000:4
dc2d,WRAM,0,1,0,3,1,000:4
dc2e,WRAM,0,1,0,0,1,000:1
dc2f,WRAM,0,1,0,0,1,000:1
dc30,WRAM,0,1,0,0,1,000:1
dc31,WRAM,0,1,0,0,1,000:1
dc32,WRAM,0,1,0,0,1,000:1
dc33,WRAM,0,1,0,0,1,000:1
dc34,WRAM,0,1,0,0,1,000:1
dc35,WRAM,0,1,0,0,1,000:1
dc36,WRAM,0,1,0,0,1,000:1
dc37,WRAM,0,1,0,0,1,000:1
dc38,WRAM,0,1,0,0,1,000:1
dc3b,WRAM,6,5,0,0,1,000:11
dc3c,WRAM,1,2,0,0,1,000:3
dc3d,WRAM,1,2,0,0,2,000:2 005:1
dc3e,WRAM,2,1,0,1,1,000:4
dc40,WRAM,1,2,0,1,1,000:4
dc41,WRAM,1,7,0,0,2,000:6 005:2
dc42,WRAM,1,3,0,0,1,000:4
dc43,WRAM,4,7,0,0,1,000:11
dc44,WRAM,2,5,0,0,2,000:5 007:2
dc45,WRAM,7,5,0,0,2,000:11 007:1
dc46,WRAM,2,5,0,0,1,000:7
dc47,WRAM,2,7,0,0,1,000:9
dc48,WRAM,1,2,0,0,1,000:3
dc49,WRAM,1,2,0,0,1,000:3
dc4a,WRAM,1,4,0,0,1,000:5
dc4b,WRAM,1,4,0,0,1,000:5
dc4c,WRAM,2,5,0,0,1,000:7
dc4d,WRAM,2,5,0,0,2,000:6 007:1
dc4e,WRAM,2,3,0,0,2,000:3 007:2
dc4f,WRAM,3,4,0,0,2,007:4 000:3
dc50,WRAM,1,5,0,0,2,000:5 007:1
dc51,WRAM,4,7,0,0,1,000:11
dc52,WRAM,2,4,0,0,2,000:4 007:2
dc53,WRAM,2,2,0,0,2,000:3 007:1
dc54,WRAM,3,3,0,0,1,000:6
dc55,WRAM,5,3,0,1,2,000:6 007:3
dc56,WRAM,3,6,0,0,2,000:8 007:1
dc57,WRAM,2,2,0,0,1,000:4
dc58,WRAM,2,3,0,0,2,000:4 007:1
dc59,WRAM,5,5,0,0,2,000:8 007:2
dc5a,WRAM,2,7,0,0,2,000:6 007:3
dc5b,WRAM,2,6,0,0,2,000:4 007:4
dc5c,WRAM,1,3,0,0,1,000:4
dc5d,WRAM,0,3,0,0,1,000:3
dc5e,WRAM,1,3,0,0,1,000:4
dca3,WRAM,1,0,0,0,1,03a:1
dcab,WRAM,0,0,0,1,1,03b:1
dce0,WRAM,1,0,0,0,1,03a:1
dce3,WRAM,1,0,0,0,1,01e:1
dceb,WRAM,0,1,0,0,1,027:1
dd00,WRAM,0,1,0,3,4,002:1 00d:1 01c:1 01f:1
dd01,WRAM,1,1,0,1,1,01f:3
dd02,WRAM,0,1,0,1,1,01f:2
dd03,WRAM,0,2,0,2,2,01f:3 000:1
dd04,WRAM,0,1,0,0,1,000:1
dd05,WRAM,0,1,0,0,1,000:1
dd06,WRAM,0,1,0,0,1,000:1
dd08,WRAM,0,2,0,1,1,01f:3
dd09,WRAM,0,1,0,0,1,01f:1
dd0a,WRAM,0,1,0,0,1,01f:1
dd0d,WRAM,1,1,0,0,1,01f:2
dd0e,WRAM,0,1,0,0,1,01f:1
dd10,WRAM,0,0,0,3,1,01f:3
dd12,WRAM,0,0,0,1,1,01f:1
dd14,WRAM,0,0,0,1,1,01f:1
dd15,WRAM,0,1,0,0,1,011:1
dd1e,WRAM,0,1,0,1,1,01f:2
dd1f,WRAM,0,1,0,2,1,01f:3
dd20,WRAM,0,0,0,2,1,01f:2
dd22,WRAM,1,3,0,0,3,015:2 00f:1 03b:1
dd24,WRAM,0,0,0,1,1,01f:1
dd2a,WRAM,1,0,0,0,1,01e:1
dd2e,WRAM,0,1,0,1,1,01f:2
dd2f,WRAM,0,1,0,1,1,01f:2
dd30,WRAM,0,0,0,2,1,01f:2
dd34,WRAM,0,0,0,1,1,01f:1
dd36,WRAM,1,0,0,0,1,01f:1
dd37,WRAM,1,0,0,0,1,01f:1
dd38,WRAM,1,0,0,0,1,01f:1
dd3e,WRAM,0,1,0,2,2,01f:2 004:1
dd3f,WRAM,1,1,0,3,1,01f:5
dd40,WRAM,0,0,0,2,1,01f:2
dd44,WRAM,0,0,0,2,1,01f:2
dd46,WRAM,0,0,0,1,1,01f:1
dd4e,WRAM,0,0,0,1,1,01f:1
dd4f,WRAM,0,1,0,2,1,01f:3
dd50,WRAM,4,1,0,2,1,01f:7
dd51,WRAM,3,2,0,0,1,01f:5
dd55,WRAM,0,2,0,2,1,01f:4
dd5e,WRAM,0,1,0,0,1,01f:1
dd60,WRAM,0,4,0,1,2,01f:3 000:2
dd61,WRAM,1,2,0,0,1,01f:3
dd63,WRAM,0,1,0,0,1,01f:1
dd64,WRAM,0,2,0,24,1,01f:26
dd66,WRAM,2,7,0,7,1,01f:16
dd67,WRAM,4,11,0,0,1,01f:15
dd68,WRAM,0,3,0,1,2,000:2 01f:2
dd69,WRAM,2,1,0,2,1,01f:5
dd70,WRAM,0,3,0,1,2,000:2 01f:2
dd71,WRAM,0,2,0,1,1,01f:3
dd74,WRAM,0,1,0,5,1,01f:6
dd75,WRAM,1,8,0,0,1,01f:9
dd76,WRAM,1,4,0,0,1,01f:5
dd78,WRAM,0,7,0,1,2,01f:6 000:2
dd79,WRAM,0,2,0,0,1,01f:2
dd7c,WRAM,0,0,0,10,1,01f:10
dd7d,WRAM,0,0,0,2,1,01f:2
dd80,WRAM,0,1,0,0,1,002:1
ddae,WRAM,1,0,0,0,1,03d:1
dde1,WRAM,0,1,0,0,1,038:1
ddea,WRAM,1,0,0,0,1,01e:1
ddee,WRAM,1,0,0,0,1,03a:1
ddff,WRAM,1,0,0,0,1,00f:1
de00,WRAM,0,0,0,3,2,03a:2 014:1
de01,WRAM,0,0,0,1,1,010:1
de07,WRAM,1,0,0,0,1,01b:1
de08,WRAM,0,1,0,0,1,002:1
de1e,WRAM,0,0,0,2,1,001:2
de21,WRAM,0,0,0,1,1,031:1
deeb,WRAM,0,1,0,0,1,027:1
defc,WRAM,1,1,0,0,2,031:1 03b:1
deff,WRAM,1,1,0,0,2,01c:1 01e:1
df00,WRAM,1,2,0,1,4,00e:1 00f:1 01d:1 033:1
df01,WRAM,1,0,0,0,1,031:1
df0f,WRAM,1,0,0,0,1,038:1
df20,WRAM,2,1,0,0,2,03b:2 015:1
df22,WRAM,0,0,0,1,1,018:1
df27,WRAM,1,0,0,0,1,033:1
df2f,WRAM,0,1,0,0,1,01e:1
df75,WRAM,0,1,0,0,1,02e:1
dfc0,WRAM,0,1,0,0,1,01d:1
dfc6,WRAM,0,0,0,1,1,02a:1
dfc9,WRAM,0,0,0,1,1,028:1
dfcf,WRAM,1,0,0,0,1,038:1
dfe0,WRAM,0,1,0,0,1,00f:1
dfee,WRAM,0,0,0,1,1,038:1
dffa,WRAM,1,0,0,0,1,01b:1
dfff,WRAM,0,0,0,2,1,000:2
ff80,HRAM,111,253,0,5,50,031:62 033:37 018:29 030:14
ff81,HRAM,3,8,0,0,7,03c:3 000:2 03a:2 018:1
ff82,HRAM,3,4,0,0,6,000:2 018:1 01e:1 033:1
ff83,HRAM,2,4,0,1,6,000:2 01a:1 039:1 03a:1
ff84,HRAM,1,3,0,19,4,025:19 000:2 012:1 03a:1
ff85,HRAM,4,4,0,0,7,010:2 00a:1 00c:1 016:1
ff86,HRAM,4,2,0,1,6,010:2 015:1 017:1 019:1
ff87,HRAM,8,4,0,0,8,010:4 011:2 012:1 016:1
ff88,HRAM,15,2,0,0,13,031:3 000:2 03d:2 00f:1
ff89,HRAM,1,1,0,0,2,00d:1 02c:1
ff8a,HRAM,113,188,0,2,14,00a:189 004:32 031:22 005:18
ff8b,HRAM,80,137,0,0,10,00a:182 006:17 005:6 002:3
ff8c,HRAM,32,35,0,0,4,00a:59 005:6 02d:1 03c:1
ff8d,HRAM,72,137,0,0,6,00a:200 005:3 00b:2 010:2
ff8e,HRAM,29,12,0,0,4,00a:37 015:2 00e:1 031:1
ff8f,HRAM,14,148,0,1,19,000:136 00a:7 00c:2 010:2
ff90,HRAM,88,24,0,0,32,01b:16 013:9 010:7 015:6
ff91,HRAM,7,4,0,0,7,00a:3 000:2 010:2 01c:1
ff92,HRAM,2,4,0,0,3,00a:3 000:2 02c:1
ff93,HRAM,2,2,0,0,3,000:2 013:1 031:1
ff94,HRAM,4,3,0,0,5,000:2 039:2 016:1 03a:1
ff95,HRAM,2,34,0,0,6,031:29 000:2 028:2 015:1
ff96,HRAM,2,1,0,0,2,000:2 038:1
ff97,HRAM,5,3,0,1,7,000:2 00b:2 010:1 018:1
ff98,HRAM,15,6,0,0,16,02e:5 031:2 013:1 016:1
ff99,HRAM,1,4,0,0,4,00e:2 00d:1 032:1 03d:1
ff9a,HRAM,5,7,0,0,5,000:7 004:2 01e:1 028:1
ff9b,HRAM,43,88,0,0,5,000:127 010:1 032:1 033:1
ff9c,HRAM,2,4,0,0,6,010:1 016:1 02e:1 037:1
ff9d,HRAM,23,24,0,0,6,000:42 00f:1 013:1 016:1
ff9e,HRAM,5,279,0,1,15,004:50 007:39 008:37 006:32
ff9f,HRAM,15,13,0,1,19,02c:3 000:2 003:2 00c:2
ffa0,HRAM,29,103,0,2,37,01b:9 02c:9 03c:9 020:8
ffa1,HRAM,68,7,0,9,17,005:26 004:11 000:10 003:8
ffa2,HRAM,238,14,0,5,10,005:60 003:36 004:36 007:36
ffa3,HRAM,68,6,0,11,9,004:18 003:16 005:13 006:13
ffa4,HRAM,7,2,0,0,7,005:3 000:1 002:1 004:1
ffa5,HRAM,3,1,0,3,4,000:4 010:1 031:1 032:1
ffa6,HRAM,1,2,0,1,2,000:3 032:1
ffa7,HRAM,6,2,0,2,9,000:2 003:1 004:1 006:1
ffa8,HRAM,20,7,0,0,11,004:4 006:4 007:4 003:3
ffa9,HRAM,6,3,0,2,8,006:2 007:2 008:2 003:1
ffaa,HRAM,12,5,0,1,9,01e:6 01d:3 010:2 039:2
ffab,HRAM,18,85,0,11,11,008:20 004:18 000:16 009:16
ffac,HRAM,3,3,0,94,12,004:29 003:12 009:12 006:11
ffad,HRAM,30,105,0,0,15,004:26 009:22 007:20 008:18
ffae,HRAM,17,95,0,0,14,004:26 006:16 009:16 008:15
ffaf,HRAM,5,53,0,1,14,004:16 006:9 008:8 009:6
ffb0,HRAM,35,52,0,5,34,000:10 003:8 008:6 016:5
ffb1,HRAM,4,11,0,0,7,004:5 016:3 000:2 005:2
ffb2,HRAM,5,10,0,0,9,004:5 000:2 005:2 00e:1
ffb3,HRAM,24,37,0,0,7,003:24 004:11 007:8 005:6
ffb4,HRAM,3,22,0,0,11,008:6 003:5 004:3 005:2
ffb5,HRAM,0,34,0,7,11,000:8 004:8 006:5 009:5
ffb6,HRAM,3,11,0,0,10,003:3 009:3 000:1 002:1
ffb7,HRAM,7,6,0,2,7,000:5 009:2 018:2 01e:2
ffb8,HRAM,14,18,0,3,16,005:8 01a:4 000:3 004:3
ffb9,HRAM,3,1,0,0,1,000:4
ffba,HRAM,4,15,0,0,9,005:5 000:3 004:3 009:2
ffbb,HRAM,4,3,0,1,5,000:4 00e:1 00f:1 013:1
ffbc,HRAM,3,8,0,0,6,005:3 009:3 000:2 02c:1
ffbd,HRAM,17,5,0,0,5,016:15 000:4 014:1 028:1
ffbe,HRAM,3,7,0,0,5,005:4 000:2 009:2 010:1
ffbf,HRAM,21,43,0,0,26,010:8 014:5 000:4 017:4
ffc0,HRAM,76,445,0,1,45,02e:37 00e:34 02f:28 030:27
ffc1,HRAM,7,22,0,0,17,01a:3 03a:3 03c:3 010:2
ffc2,HRAM,3,7,0,0,8,001:2 033:2 017:1 022:1
ffc3,HRAM,4,7,0,3,9,000:4 033:2 034:2 007:1
ffc4,HRAM,7,14,0,0,12,000:5 00e:3 016:2 025:2
ffc5,HRAM,3,39,0,0,11,004:8 003:5 006:5 009:5
ffc6,HRAM,4,11,0,0,12,000:4 005:1 007:1 00d:1
ffc7,HRAM,4,16,0,3,14,03e:4 03f:3 000:2 00f:2
ffc8,HRAM,114,5,0,3,17,005:40 006:18 007:15 004:14
ffc9,HRAM,11,2,0,1,6,006:9 000:1 00e:1 027:1
ffca,HRAM,2,8,0,0,10,000:1 012:1 01a:1 01d:1
ffcb,HRAM,1,5,0,0,5,000:2 010:1 021:1 028:1
ffcc,HRAM,3,5,0,2,7,019:3 000:2 00e:1 012:1
ffcd,HRAM,5,3,0,0,5,00e:3 000:2 015:1 01a:1
ffce,HRAM,1,7,0,2,8,000:2 018:2 00f:1 010:1
ffcf,HRAM,14,20,0,3,16,000:6 03f:6 03e:5 031:4
ffd0,HRAM,50,23,0,1,30,01b:8 000:6 016:6 00c:5
ffd1,HRAM,3,7,0,0,9,000:2 00c:1 015:1 01f:1
ffd2,HRAM,5,2,0,0,5,000:2 001:2 01a:1 032:1
ffd3,HRAM,2,2,0,1,1,000:5
ffd4,HRAM,5,7,0,0,7,000:6 00e:1 010:1 01c:1
ffd5,HRAM,5,2,0,4,5,000:6 01d:2 028:1 039:1
ffd6,HRAM,2,1,0,0,3,000:1 00e:1 01c:1
ffd7,HRAM,4,2,0,0,4,000:2 027:2 014:1 01d:1
ffd8,HRAM,19,4,0,0,16,018:4 000:2 02e:2 03c:2
ffd9,HRAM,3,2,0,0,4,000:2 012:1 03a:1 03c:1
ffda,HRAM,9,1,0,0,6,027:5 00e:1 019:1 023:1
ffdb,HRAM,1,1,0,0,2,00f:1 03b:1
ffdc,HRAM,6,4,0,0,9,002:2 000:1 00f:1 010:1
ffdd,HRAM,2,5,0,1,6,000:2 00e:2 012:1 014:1
ffde,HRAM,7,7,0,0,10,01a:3 000:2 015:2 00c:1
ffdf,HRAM,26,45,0,2,26,01d:8 011:7 013:7 000:6
ffe0,HRAM,341,1234,0,1,50,02f:90 021:81 018:72 025:68
ffe1,HRAM,16,86,0,2,30,027:17 024:10 018:9 026:7
ffe2,HRAM,15,12,0,0,14,000:6 01e:4 039:3 001:2
ffe3,HRAM,11,8,0,1,11,000:5 012:3 028:3 01d:2
ffe4,HRAM,12,21,0,0,15,000:9 018:4 031:3 002:2
ffe5,HRAM,5,8,0,0,8,000:4 018:2 028:2 00c:1
ffe6,HRAM,7,4,0,4,8,000:5 012:4 010:1 01a:1
ffe7,HRAM,10,27,0,7,23,000:7 00e:5 03a:3 03f:3
ffe8,HRAM,40,20,0,1,24,002:21 001:7 00e:5 000:4
ffe9,HRAM,3,4,0,2,7,000:3 002:1 00f:1 010:1
ffea,HRAM,6,5,0,1,9,01d:2 028:2 03a:2 00d:1
ffeb,HRAM,46,12,0,0,12,027:31 026:7 019:5 023:5
ffec,HRAM,17,5,0,1,14,027:5 00e:3 012:3 002:2
ffed,HRAM,2,8,0,0,9,00b:2 00f:1 010:1 014:1
ffee,HRAM,6,9,0,1,14,028:2 03a:2 011:1 012:1
ffef,HRAM,37,36,0,1,24,01d:16 011:8 033:8 038:5
fff0,HRAM,898,296,0,1,54,016:90 02f:73 02d:52 013:47
fff1,HRAM,77,23,0,1,33,024:19 027:9 018:5 03e:5
fff2,HRAM,11,12,0,0,15,00e:3 038:3 03a:3 00b:2
fff3,HRAM,25,21,0,1,23,00a:16 00b:4 031:3 010:2
fff4,HRAM,17,11,0,1,22,002:2 00b:2 00e:2 015:2
fff5,HRAM,9,17,0,0,16,01d:4 00e:3 028:3 015:2
fff6,HRAM,4,8,0,0,9,00e:2 015:2 031:2 011:1
fff7,HRAM,43,11,0,0,26,01d:10 00c:4 015:4 017:4
fff8,HRAM,288,68,0,0,46,02e:33 02f:21 03a:21 02b:20
fff9,HRAM,31,9,0,1,26,020:5 001:3 018:3 01b:3
fffa,HRAM,25,8,0,0,20,00d:4 01d:4 028:3 038:3
fffb,HRAM,40,16,0,0,27,027:7 01d:5 03a:4 00e:3
fffc,HRAM,79,44,0,0,35,032:17 00c:12 03a:7 028:6
fffd,HRAM,25,13,0,3,24,032:5 018:3 01b:3 01d:3
fffe,HRAM,40,27,0,16,37,019:7 023:7 017:6 03a:5
ffff,HRAM,26,25,0,342,58,004:29 017:22 026:19 00c:17
