addr,region,reads,writes,ptr_loads,banks,top_functions,written_consts
c000,WRAM,9,8,100,00:5 02:16 03:15 04:7 05:4 06:30 07:6 08:5 09:17 0a:12,03:66dc:5 Bank009_State21:5 02:4c80:4 Bank009_State23:4,00:2
c001,WRAM,4,8,5,03:3 05:1 08:1 09:12,03:66dc:3 Bank009_State19:3 Bank009_State20:3 Bank009_State18:2,00:4
c002,WRAM,3,4,0,09:7,09:4f9d:3 09:5155:2 Bank009_State18:1 Bank009_State19:1,00:2
c003,WRAM,3,5,0,09:8,Bank009_State23:4 09:4f9d:2 Bank009_State18:1 Bank009_State19:1,00:1
c004,WRAM,1,2,0,09:3,09:40c5:1 Bank009_State20:1 Bank009_State21:1,01:1
c005,WRAM,4,6,0,09:10,Bank009_State19:3 Bank009_State20:3 Bank009_State21:3 Bank009_State18:1,
c006,WRAM,0,0,3,09:3,Bank009_State19:1 Bank009_State20:1 09:4f6a:1,
c008,WRAM,0,0,2,06:2,06:5491:1 06:5593:1,
c00e,WRAM,1,11,8,09:20,09:40c5:3 09:4053:2 09:4084:2 09:40a4:2,01:3 04:1 05:1 02:1 09:1 0a:1
c00f,WRAM,2,2,0,09:4,09:4026:3 09:401a:1,00:1
c010,WRAM,2,4,0,09:6,09:4026:2 09:401a:1 09:4137:1 09:4157:1,00:2
c011,WRAM,12,10,0,09:22,09:4084:3 09:40a4:3 09:40c5:3 09:4137:2,00:4
c012,WRAM,4,4,0,09:8,09:41ff:3 09:4234:3 09:4053:1 09:4106:1,18:1
c013,WRAM,2,2,0,09:4,09:4053:2 09:4106:2,
c014,WRAM,0,2,2,09:4,09:4053:1 09:4106:1 09:41ff:1 09:4234:1,fc:1
c015,WRAM,1,2,1,09:4,09:40c5:2 09:4053:1 09:4106:1,
c016,WRAM,5,2,0,09:7,09:4053:1 09:4084:1 09:40a4:1 09:40c5:1,
c018,WRAM,0,0,8,06:2 09:6,06:5491:1 06:5593:1 09:4026:1 09:4053:1,
c028,WRAM,0,0,2,06:2,06:5491:1 06:5593:1,
c030,WRAM,0,1,0,08:1,08:74f1:1,ff:1
c031,WRAM,0,1,0,08:1,08:74f1:1,00:1
c038,WRAM,0,0,2,06:2,06:5491:1 06:5593:1,
c040,WRAM,0,0,4,06:4,06:5414:1 06:5491:1 06:5512:1 06:5593:1,
c070,WRAM,0,0,3,0a:3,0a:5d27:1 0a:5e28:1 0a:5e40:1,
c080,WRAM,0,0,15,05:2 06:8 0a:5,Bank005_State08:1 05:6ffa:1 06:5414:1 06:5491:1,
c0c0,WRAM,0,0,6,03:1 04:1 06:4,03:6642:1 04:5044:1 06:5414:1 06:5491:1,
c0d0,WRAM,0,0,2,06:2,06:5414:1 06:5512:1,
c0e0,WRAM,0,0,2,06:2,06:5414:1 06:5512:1,
c0f0,WRAM,0,0,14,06:2 0a:12,06:5414:1 06:5512:1 0a:5abd:1 0a:5b86:1,
c100,WRAM,0,0,4,05:2 06:2,Bank005_State08:1 05:6ffa:1 06:57c3:1 06:57f6:1,
c180,WRAM,0,0,2,05:2,Bank005_State08:1 05:6ffa:1,
c1e0,WRAM,0,0,5,04:5,04:5a15:2 04:5e3b:2 04:5afb:1,
c200,WRAM,0,0,3,05:3,05:59e4:1 05:5fae:1 05:60bf:1,
c210,WRAM,0,0,1,05:1,05:5fbc:1,
c220,WRAM,0,0,5,05:5,05:5ec0:2 05:5eff:1 05:5f38:1 05:5f73:1,
c250,WRAM,0,0,1,05:1,05:5fbc:1,
c291,WRAM,0,0,1,05:1,05:5fbc:1,
c2d0,WRAM,0,0,1,05:1,05:5fbc:1,
c30e,WRAM,0,0,1,0a:1,0a:6776:1,
c310,WRAM,0,0,1,05:1,05:5fbc:1,
c330,WRAM,0,0,2,06:1 0a:1,06:7477:1 0a:5a19:1,
c36e,WRAM,0,0,3,05:3,05:5ec0:1 05:5f38:1 05:5f73:1,
c36f,WRAM,0,0,1,05:1,05:5eff:1,
c3c0,WRAM,0,0,5,04:4 0a:1,04:5a15:2 04:5aad:1 04:5e3b:1 0a:612b:1,
c400,WRAM,0,0,2,06:1 0a:1,06:746f:1 0a:5a0d:1,
c480,WRAM,0,0,16,05:16,05:5bfe:2 05:5caa:2 05:5cfe:2 05:5d5e:2,
c481,WRAM,0,0,1,05:1,05:5bfe:1,
c484,WRAM,0,0,1,05:1,05:5bfe:1,
c485,WRAM,0,0,6,05:6,05:5caa:1 05:5cfe:1 05:5d5e:1 05:5da1:1,
c486,WRAM,0,0,1,05:1,05:5e47:1,
c4f0,WRAM,0,0,1,0a:1,0a:60ee:1,
c5a0,WRAM,0,0,4,04:4,04:5a15:2 04:5afb:1 04:5e3b:1,
c60e,WRAM,0,0,4,0a:4,0a:5577:1 0a:6411:1 0a:6516:1 0a:65a5:1,
c68e,WRAM,0,0,3,0a:3,0a:651c:1 0a:6617:1 0a:668f:1,
c6fe,WRAM,0,0,1,0a:1,0a:5b37:1,
c700,WRAM,0,0,7,06:4 0a:3,06:7407:1 06:742f:1 06:7437:1 06:7447:1,
c770,WRAM,0,0,2,0a:2,0a:5e34:1 0a:5f39:1,
c780,WRAM,0,0,3,06:1 0a:2,06:740f:1 0a:584d:1 0a:5a70:1,
c7f0,WRAM,0,0,5,0a:5,0a:5b37:1 0a:5e3a:1 0a:5efc:1 0a:5fb9:1,
c800,WRAM,0,0,29,00:2 02:2 03:11 04:2 06:8 07:3 08:1,03:66dc:5 02:5110:2 00:1f1a:1 00:213d:1,
c802,WRAM,0,0,2,00:2,00:1fb2:1 00:2026:1,
c803,WRAM,0,0,1,00:1,00:209c:1,
c900,WRAM,0,0,15,02:2 04:2 06:8 07:3,02:5110:2 04:5733:1 04:6089:1 06:4935:1,
c90e,WRAM,0,0,1,0a:1,0a:6704:1,
ca00,WRAM,0,0,2,06:1 0a:1,06:745f:1 0a:59f5:1,
ca3e,WRAM,0,0,1,0a:1,0a:67e8:1,
caf0,WRAM,0,0,1,0a:1,0a:6074:1,
cd0c,WRAM,0,0,2,0a:2,0a:62b8:1 0a:636a:1,
cd0e,WRAM,0,0,11,0a:11,0a:55ba:1 0a:61b2:1 0a:6269:1 0a:6318:1,
cd8e,WRAM,0,0,4,0a:4,0a:621b:1 0a:6528:1 0a:656a:1 0a:6824:1,
cdfe,WRAM,0,0,1,0a:1,0a:5b86:1,
ce00,WRAM,0,0,17,02:6 07:10 09:1,02:46f0:3 02:47c4:3 07:59c1:1 07:5a94:1,
ced0,WRAM,0,0,1,09:1,09:45b0:1,
cee0,WRAM,0,0,1,09:1,09:45b0:1,
cef0,WRAM,0,0,1,09:1,09:45b0:1,
cf00,WRAM,0,0,6,00:2 02:4,02:46f0:2 00:3161:1 00:32f2:1 02:45a1:1,
cf12,WRAM,0,0,1,02:1,02:462f:1,
cf33,WRAM,1,1,0,02:2,02:45a1:1 02:47c4:1,01:1
cf34,WRAM,0,0,1,02:1,02:46f0:1,
cf36,WRAM,0,0,1,02:1,02:462f:1,
cf55,WRAM,0,0,2,02:2,02:462f:1 02:46f0:1,
cf5c,WRAM,0,0,1,02:1,02:45a1:1,
cf8f,WRAM,0,1,0,02:1,02:45a1:1,
cfff,WRAM,1,2,0,07:3,Bank007_State04:1 Bank007_State13:1 07:4a17:1,
d000,WRAM,7,2,10,00:5 05:3 07:1 09:10,05:51c9:3 09:6ad6:2 00:1668:1 00:2656:1,
d001,WRAM,6,2,1,00:4 09:5,00:2656:1 00:2734:1 00:27f4:1 00:289c:1,00:1
d002,WRAM,4,3,9,00:8 09:8,09:687a:3 00:2583:2 00:2656:2 00:2734:2,00:1 01:1
d003,WRAM,7,5,0,09:12,09:6751:4 09:67c5:2 09:6916:2 09:62c1:1,33:1 00:1
d004,WRAM,2,5,2,00:1 05:1 09:7,09:687a:2 09:6916:2 09:6d12:2 00:2583:1,01:3
d005,WRAM,4,4,0,09:8,09:6916:3 09:6d12:2 09:6567:1 09:67c5:1,00:2
d006,WRAM,0,0,2,00:2,00:2656:1 00:2734:1,
d007,WRAM,3,3,0,09:6,09:6830:4 09:67c5:1 09:6916:1,00:1
d008,WRAM,2,3,1,05:1 09:5,09:687a:3 05:51c9:1 09:62c1:1 09:6751:1,03:1
d009,WRAM,10,5,1,09:16,09:6916:4 09:67c5:2 09:687a:2 09:6d12:2,05:1 07:1 0c:1 10:1
d00a,WRAM,1,5,3,00:3 09:6,09:6916:2 00:2656:1 00:2734:1 00:27f4:1,00:3
d00b,WRAM,2,6,1,09:9,09:68fa:3 09:6204:1 09:624d:1 09:6270:1,0d:1 0f:1 03:1 06:1 0b:1
d00c,WRAM,0,4,1,05:1 09:4,05:51c9:1 09:624d:1 09:6270:1 09:62c1:1,
d00d,WRAM,7,2,0,09:9,09:634f:2 09:63a3:2 09:6ad6:2 09:6441:1,03:1
d00e,WRAM,3,1,3,00:2 09:5,09:6b00:2 00:2656:1 00:2734:1 09:6270:1,
d00f,WRAM,2,1,1,09:4,09:6270:1 09:65a2:1 09:6b00:1 09:6e06:1,00:1
d010,WRAM,1,2,2,05:1 09:4,09:6270:2 05:51c9:1 09:698e:1 09:6b00:1,00:1
d012,WRAM,1,1,0,09:2,09:65a2:1 09:6e06:1,01:1
d013,WRAM,1,1,0,09:2,09:65a2:1 09:6e06:1,
d014,WRAM,1,3,1,09:5,09:6270:1 09:62c1:1 09:65a2:1 09:698e:1,04:1 06:1
d015,WRAM,0,3,0,09:3,09:6270:1 09:62c1:1 09:65a2:1,
d016,WRAM,4,2,0,09:6,09:63a3:2 09:6b00:2 09:6504:1 09:65a2:1,03:1
d017,WRAM,3,1,2,09:6,09:6b2a:3 09:6293:1 09:65d3:1 09:6e96:1,
d018,WRAM,2,1,1,09:4,09:6293:1 09:65d3:1 09:6b2a:1 09:6e96:1,00:1
d019,WRAM,1,2,1,09:4,09:6293:2 09:69c3:1 09:6b2a:1,00:1
d01b,WRAM,1,1,0,09:2,09:65d3:1 09:6e96:1,01:1
d01c,WRAM,1,1,0,09:2,09:65d3:1 09:6e96:1,
d01d,WRAM,1,3,1,09:5,09:6293:1 09:62c1:1 09:65d3:1 09:69c3:1,05:1 07:1
d01e,WRAM,0,3,0,09:3,09:6293:1 09:62c1:1 09:65d3:1,
d01f,WRAM,4,2,0,09:6,09:63a3:2 09:6b2a:2 09:6504:1 09:65d3:1,03:1
d020,WRAM,3,2,6,09:11,09:6b7c:3 09:6504:1 09:6ba5:1 09:6d12:1,00:2
d021,WRAM,3,2,0,09:5,09:6b7c:3 09:6504:1 09:6f50:1,14:1
d024,WRAM,2,0,1,09:3,09:62ae:1 09:6b72:1 09:6f0a:1,
d025,WRAM,1,0,1,09:2,09:62ae:1 09:6f0a:1,
d026,WRAM,1,1,1,09:3,09:62ae:2 09:6b72:1,00:1
d027,WRAM,0,0,1,09:1,09:713e:1,
d028,WRAM,2,1,1,09:4,09:713e:3 09:725e:1,99:1
d029,WRAM,2,1,1,09:4,09:713e:3 09:725e:1,
d02a,WRAM,1,0,1,09:2,09:62c1:1 09:6f25:1,
d02c,WRAM,0,0,2,09:2,09:69ef:1 09:6f61:1,
d040,WRAM,0,0,1,00:1,00:1668:1,
d044,WRAM,1,2,0,09:3,09:673f:2 09:69ef:1,05:1
d045,WRAM,0,0,1,09:1,09:6fbf:1,
d047,WRAM,4,3,0,09:7,09:6ad6:2 09:6b00:2 09:6b2a:2 09:63a3:1,
d048,WRAM,5,4,0,09:9,09:6504:3 09:6bb1:2 09:6642:1 09:66a5:1,02:3 74:1
d049,WRAM,0,2,1,09:3,09:6504:1 09:6a40:1 09:6bb1:1,
d04a,WRAM,3,3,0,09:6,09:6a40:5 09:6504:1,
d04b,WRAM,0,1,1,09:2,09:6504:1 09:6fee:1,00:1
d04c,WRAM,0,1,0,09:1,09:6504:1,
d04d,WRAM,2,3,0,09:5,09:62c1:4 09:6204:1,00:1 ff:1 01:1
d04e,WRAM,1,4,0,09:5,09:6d12:3 09:61ef:1 09:67c5:1,00:1 05:1
d04f,WRAM,2,1,0,09:3,09:6204:2 09:698e:1,
d050,WRAM,1,2,0,09:3,09:6204:1 09:69c3:1 09:6b2a:1,01:1
d051,WRAM,1,1,1,09:3,09:7014:2 09:6604:1,00:1
d052,WRAM,0,0,5,09:5,09:6bef:2 09:6604:1 09:6c7b:1 09:7014:1,
d053,WRAM,0,0,3,09:3,09:6bef:3,
d054,WRAM,0,0,4,09:4,09:6c7b:2 09:66a5:1 09:6bef:1,
d055,WRAM,0,0,1,09:1,09:6bef:1,
d056,WRAM,0,0,1,09:1,09:6bef:1,
d080,WRAM,0,0,1,00:1,00:1668:1,
d08e,WRAM,1,4,0,09:5,09:6ca1:3 09:6504:1 09:7008:1,fc:1 0c:1 0d:1
d08f,WRAM,1,2,0,09:3,09:6ca1:2 09:6504:1,
d090,WRAM,2,3,0,09:5,09:6642:4 09:6441:1,00:2 01:1
d091,WRAM,1,3,1,09:5,09:60f2:2 09:6005:1 09:60a8:1 09:706d:1,15:1
d092,WRAM,0,3,0,09:3,09:60f2:2 09:6005:1,00:2
d200,WRAM,0,2,2,08:4,08:4ebb:2 08:5262:2,8f:2
d201,WRAM,0,2,0,08:2,08:4ebb:1 08:5262:1,e0:2
d202,WRAM,0,2,0,08:2,08:4ebb:1 08:5262:1,10:2
d203,WRAM,0,0,2,08:2,08:4ebb:1 08:5262:1,
d213,WRAM,0,2,0,08:2,08:4ebb:1 08:5262:1,00:2
d400,WRAM,0,0,1,00:1,00:0895:1,
d500,WRAM,32,29,9,00:1 03:30 04:10 07:14 08:15,07:55ba:4 03:649b:3 03:7117:3 03:7162:3,00:8 02:6 04:1
d501,WRAM,2,7,6,03:11 04:4,03:6fc3:3 04:72e3:3 03:7de0:2 03:5614:1,04:1 00:1 02:1
d502,WRAM,10,8,11,03:5 07:24,07:620f:4 03:5394:3 07:55ba:2 07:6316:2,00:4 02:1 0c:1
d503,WRAM,3,4,0,03:5 07:2,03:53fd:3 Bank003_State08:1 03:5d94:1 07:5a4b:1,00:2 02:1
d504,WRAM,5,4,0,03:7 07:2,03:4266:3 03:5243:3 Bank003_State03:1 07:5a4b:1,00:2 02:1 04:1
d505,WRAM,2,3,0,03:5,03:435d:3 Bank003_State04:1 03:5d94:1,03:1 00:1
d506,WRAM,1,2,0,03:3,Bank003_State07:1 Bank003_State08:1 03:44c3:1,75:1 76:1
d507,WRAM,0,4,4,03:8,Bank003_State10:3 03:4720:3 03:46f6:1 03:48d8:1,00:4
d508,WRAM,0,3,0,03:3,Bank003_State10:1 03:49d2:1 Bank003_State12:1,00:3
d50b,WRAM,0,2,0,03:2,Bank003_State20:1 Bank003_State23:1,00:2
d50c,WRAM,0,1,0,03:1,Bank003_State26:1,00:1
d50d,WRAM,2,1,1,03:4,03:50ba:3 Bank003_State29:1,
d50f,WRAM,43,5,26,04:34 06:21 07:13 08:6,04:7832:4 04:7917:4 04:79fd:4 04:7ad3:4,
d510,WRAM,10,26,8,03:25 04:7 07:5 08:7,03:649b:3 03:7117:3 03:7162:3 03:7774:3,00:9 80:1 ff:1
d511,WRAM,1,7,5,03:10 04:3,03:6fc3:4 03:7de0:2 04:72e3:2 03:5614:1,
d512,WRAM,3,7,12,03:6 07:16,03:5394:4 07:6316:2 07:6424:2 07:673b:2,00:1
d513,WRAM,2,4,0,03:6,03:53fd:4 Bank003_State08:1 03:5d94:1,00:1
d514,WRAM,4,5,0,03:9,03:4266:4 03:5243:4 Bank003_State03:1,00:3
d515,WRAM,2,4,0,03:6,03:435d:4 Bank003_State04:1 03:5d94:1,00:2
d517,WRAM,0,4,3,03:7,Bank003_State10:3 03:4720:3 03:48d8:1,
d518,WRAM,0,3,0,03:3,Bank003_State10:1 03:49d2:1 Bank003_State12:1,
d519,WRAM,3,3,0,03:6,Bank003_State09:2 Bank003_State12:2 03:4ae1:1 Bank003_State13:1,02:1
d51a,WRAM,4,4,0,03:8,Bank003_State18:3 03:623d:3 Bank003_State17:1 03:611a:1,00:2
d51b,WRAM,0,2,0,03:2,Bank003_State20:1 Bank003_State23:1,
d51c,WRAM,0,1,0,03:1,Bank003_State26:1,
d51d,WRAM,1,3,0,03:4,03:50ba:3 Bank003_State29:1,00:1
d51f,WRAM,11,16,11,04:14 06:13 07:7 08:4,04:7832:3 04:7917:3 04:79fd:3 04:7ad3:3,00:16
d520,WRAM,2,3,1,00:6,00:0a8a:3 00:0150:1 00:0210:1 00:0ab9:1,00:2
d521,WRAM,0,3,1,00:4,00:0ab9:2 00:0150:1 00:0210:1,
d522,WRAM,0,2,0,00:2,00:0150:1 00:0210:1,
d523,WRAM,1,3,0,00:4,00:0210:2 00:0150:1 00:2e92:1,01:1
d524,WRAM,1,72,3,00:5 03:12 04:10 05:6 06:8 07:10 08:7 09:16 0a:2,00:0d18:3 04:73bc:2 Bank009_State18:2 00:0da0:1,e4:69 1b:1 ff:1 e1:1
d525,WRAM,0,67,0,00:1 03:12 04:8 05:6 06:8 07:10 08:5 09:15 0a:2,Bank009_State18:2 00:3059:1 Bank003_State00:1 Bank003_State17:1,d2:8 d3:1 f3:1
d526,WRAM,0,70,0,00:1 03:12 04:8 05:6 06:11 07:10 08:5 09:15 0a:2,Bank009_State18:2 00:3059:1 Bank003_State00:1 Bank003_State17:1,d2:43 c6:4 93:1
d527,WRAM,1,2,0,00:3,00:091a:3,
d528,WRAM,2,2,0,00:4,00:0150:1 00:0210:1 00:091a:1 00:09ad:1,ff:2
d529,WRAM,1,1,0,00:2,00:08f9:2,
d52a,WRAM,0,0,4,00:4,00:09ad:2 00:08f9:1 00:091a:1,
d542,WRAM,0,0,1,00:1,00:09ad:1,
d549,WRAM,0,0,1,00:1,00:09ad:1,
d560,WRAM,0,1,0,00:1,00:091a:1,
d561,WRAM,31,1,16,00:1 02:10 03:6 04:13 06:11 07:6 08:1,02:45a1:2 02:462f:2 02:46f0:2 03:5525:2,
d562,WRAM,3,2,2,03:1 04:1 06:3 08:2,08:724f:2 03:554c:1 04:41cd:1 06:5750:1,18:1 1e:1
d563,WRAM,0,0,8,00:1 02:7,02:444d:4 00:15ed:1 02:4406:1 02:44fb:1,
d581,WRAM,5,2,5,00:1 02:2 05:4 06:2 07:1 09:2,00:16a6:1 02:506a:1 02:508c:1 Bank005_State00:1,
d582,WRAM,3,2,0,04:2 08:3,04:596d:2 08:724f:2 08:52db:1,00:1 01:1
d583,WRAM,5,0,1,0a:6,Cam_BuildDitherMatrix:6,
d584,WRAM,7,0,0,0a:7,Cam_BuildDitherMatrix:7,
d585,WRAM,7,0,0,0a:7,Cam_BuildDitherMatrix:7,
d586,WRAM,2,0,0,0a:2,Cam_BuildDitherMatrix:2,
d587,WRAM,12,11,0,06:3 0a:20,Cam_MainDispatch:13 Cam_ExposureBandSelect:5 0a:50aa:2 06:5f8b:1,08:2 0a:1 00:1
d588,WRAM,6,1,0,0a:7,Cam_MainDispatch:3 Cam_Calib_BootMeasureSeq:2 Cam_BuildDitherMatrix:1 Cam_ExposureBandSelect:1,
d589,WRAM,6,4,0,0a:10,Cam_ExposureBandSelect:4 Cam_MainDispatch:3 Cam_BuildDitherMatrix:1 Cam_Calib_BootMeasureSeq:1,04:2 05:2
d594,WRAM,11,5,0,06:2 0a:14,Cam_ThresholdConverge:3 Cam_ExposureBandSelect:2 Cam_ORegister_SAR_Search:2 Cam_ThresholdConverge_Up:2,02:5
d595,WRAM,1,38,0,0a:39,Cam_FactoryMeasure1:12 Cam_FactoryMeasure2:12 Cam_MainDispatch:9 Cam_Calib_BootMeasureSeq:5,
d596,WRAM,2,17,0,0a:19,Cam_MainDispatch:11 Cam_FactoryMeasure1:5 Cam_Calib_BootMeasureSeq:1 Cam_FactoryMeasure2:1,00:2 0d:1 35:1 0b:1 85:1 45:1
d597,WRAM,2,18,0,0a:20,Cam_MainDispatch:12 Cam_FactoryMeasure1:5 Cam_Calib_BootMeasureSeq:1 Cam_FactoryMeasure2:1,00:5 10:1 48:1 80:1 1f:1
d598,WRAM,19,40,0,0a:59,Cam_FactoryMeasure1:24 Cam_FactoryMeasure2:12 Cam_Calib_BootMeasureSeq:10 Cam_MainDispatch:8,
d599,WRAM,19,27,0,0a:46,Cam_FactoryMeasure1:12 Cam_FactoryMeasure2:12 Cam_MainDispatch:8 Cam_Calib_BootMeasureSeq:5,bf:1 9f:1 a0:1
d59a,WRAM,4,4,0,06:5 0a:3,06:6133:2 Cam_MainDispatch:2 06:5e04:1 06:5f9e:1,54:2
d59b,WRAM,8,3,0,06:6 0a:5,Cam_MainDispatch:4 06:615e:2 06:5e04:1 06:5f8b:1,08:2
d59c,WRAM,1,3,0,06:2 0a:2,06:5e04:1 06:6734:1 Cam_BuildDitherMatrix:1 0a:50aa:1,01:1
d59d,WRAM,1,1,0,0a:2,Cam_FactoryMeasure1:1 Cam_FactoryMeasure2:1,
d59e,WRAM,1,1,0,0a:2,Cam_FactoryMeasure1:1 Cam_FactoryMeasure2:1,
d59f,WRAM,1,1,0,0a:2,Cam_FactoryMeasure1:1 Cam_FactoryMeasure2:1,
d5a0,WRAM,1,1,0,0a:2,Cam_FactoryMeasure1:1 Cam_FactoryMeasure2:1,
d5a1,WRAM,1,1,0,0a:2,Cam_FactoryMeasure1:1 Cam_FactoryMeasure2:1,
d5a2,WRAM,1,1,0,0a:2,Cam_FactoryMeasure1:1 Cam_FactoryMeasure2:1,
d5a3,WRAM,1,1,0,0a:2,Cam_FactoryMeasure1:1 Cam_FactoryMeasure2:1,
d5a4,WRAM,1,1,0,0a:2,Cam_FactoryMeasure1:1 Cam_FactoryMeasure2:1,
d5a5,WRAM,1,1,0,0a:2,Cam_FactoryMeasure1:1 Cam_FactoryMeasure2:1,
d5a6,WRAM,1,1,0,0a:2,Cam_FactoryMeasure1:1 Cam_FactoryMeasure2:1,
d5a7,WRAM,1,1,0,0a:2,Cam_FactoryMeasure1:1 Cam_FactoryMeasure2:1,
d5a8,WRAM,1,1,0,0a:2,Cam_FactoryMeasure1:1 Cam_FactoryMeasure2:1,
d5a9,WRAM,1,1,0,0a:2,Cam_FactoryMeasure1:1 Cam_FactoryMeasure2:1,
d5aa,WRAM,1,1,0,0a:2,Cam_FactoryMeasure1:1 Cam_FactoryMeasure2:1,
d5ab,WRAM,1,1,0,0a:2,Cam_FactoryMeasure1:1 Cam_FactoryMeasure2:1,
d5ac,WRAM,1,1,0,0a:2,Cam_FactoryMeasure1:1 Cam_FactoryMeasure2:1,
d5ad,WRAM,1,1,0,0a:2,Cam_FactoryMeasure1:1 Cam_FactoryMeasure2:1,
d5ae,WRAM,1,1,0,0a:2,Cam_FactoryMeasure1:1 Cam_FactoryMeasure2:1,
d5af,WRAM,1,1,0,0a:2,Cam_FactoryMeasure1:1 Cam_FactoryMeasure2:1,
d5b0,WRAM,1,1,0,0a:2,Cam_FactoryMeasure1:1 Cam_FactoryMeasure2:1,
d5b1,WRAM,1,1,0,0a:2,Cam_FactoryMeasure1:1 Cam_FactoryMeasure2:1,
d5b2,WRAM,1,1,0,0a:2,Cam_FactoryMeasure1:1 Cam_FactoryMeasure2:1,
d5b3,WRAM,1,1,0,0a:2,Cam_FactoryMeasure1:1 Cam_FactoryMeasure2:1,
d5b4,WRAM,1,1,0,0a:2,Cam_FactoryMeasure1:1 Cam_FactoryMeasure2:1,
d5b5,WRAM,1,2,4,0a:7,Cam_CommitVectorToSRAM:2 Cam_Calib_ValidityCheck:1 0a:46cf:1 0a:46e1:1,7e:1
d5b6,WRAM,1,2,0,0a:3,Cam_Calib_ValidityCheck:1 Cam_ExposureBandSelect:1 Cam_FactoryMeasure2:1,7f:1
d5b7,WRAM,1,2,0,0a:3,Cam_Calib_ValidityCheck:1 Cam_ExposureBandSelect:1 Cam_FactoryMeasure2:1,7f:1
d5b8,WRAM,1,2,0,0a:3,Cam_Calib_ValidityCheck:1 Cam_ExposureBandSelect:1 Cam_FactoryMeasure2:1,7f:1
d5b9,WRAM,1,2,0,0a:3,Cam_Calib_ValidityCheck:1 Cam_ExposureBandSelect:1 Cam_FactoryMeasure2:1,7e:1
d5ba,WRAM,1,2,0,0a:3,Cam_Calib_ValidityCheck:1 Cam_ExposureBandSelect:1 Cam_FactoryMeasure2:1,7d:1
d5bb,WRAM,1,2,0,0a:3,Cam_Calib_ValidityCheck:1 Cam_ExposureBandSelect:1 Cam_FactoryMeasure2:1,7e:1
d5bc,WRAM,1,2,0,0a:3,Cam_Calib_ValidityCheck:1 Cam_ExposureBandSelect:1 Cam_FactoryMeasure2:1,7e:1
d5bd,WRAM,2,2,0,0a:4,Cam_ExposureBandSelect:2 Cam_Calib_ValidityCheck:1 Cam_FactoryMeasure2:1,7d:1
d5be,WRAM,2,2,0,0a:4,Cam_ExposureBandSelect:2 Cam_Calib_ValidityCheck:1 Cam_FactoryMeasure2:1,7e:1
d5bf,WRAM,3,2,0,0a:5,0a:455a:1 Cam_Calib_ValidityCheck:1 Cam_Calib_BootMeasureSeq:1 Cam_FactoryMeasure2:1,7d:1
d5c0,WRAM,3,2,0,0a:5,0a:455a:1 Cam_Calib_ValidityCheck:1 Cam_Calib_BootMeasureSeq:1 Cam_FactoryMeasure2:1,6a:1
d5c1,WRAM,1,1,0,0a:2,Cam_MainDispatch:1 Cam_Calib_BootMeasureSeq:1,
d5c2,WRAM,2,1,0,0a:3,Cam_MainDispatch:2 Cam_Calib_BootMeasureSeq:1,
d5c3,WRAM,3,1,0,0a:4,Cam_MainDispatch:2 Cam_Calib_BootMeasureSeq:1 0a:50aa:1,
d5c4,WRAM,2,1,0,0a:3,Cam_MainDispatch:2 Cam_Calib_BootMeasureSeq:1,
d5c5,WRAM,1,1,0,0a:2,Cam_MainDispatch:1 Cam_Calib_BootMeasureSeq:1,
d5c6,WRAM,1,1,0,0a:2,Cam_MainDispatch:1 Cam_Calib_BootMeasureSeq:1,
d5c7,WRAM,2,1,0,0a:3,Cam_MainDispatch:2 Cam_Calib_BootMeasureSeq:1,
d5c8,WRAM,3,1,0,0a:4,Cam_MainDispatch:2 Cam_Calib_BootMeasureSeq:1 0a:50aa:1,
d5c9,WRAM,2,1,0,0a:3,Cam_MainDispatch:2 Cam_Calib_BootMeasureSeq:1,
d5ca,WRAM,1,1,0,0a:2,Cam_MainDispatch:1 Cam_Calib_BootMeasureSeq:1,
d5cb,WRAM,1,4,0,0a:5,Cam_ExposureBandSelect:4 Cam_Calib_BootMeasureSeq:1,
d5cc,WRAM,1,4,0,0a:5,Cam_ExposureBandSelect:4 Cam_Calib_BootMeasureSeq:1,
d5cd,WRAM,1,4,0,0a:5,Cam_ExposureBandSelect:4 Cam_Calib_BootMeasureSeq:1,
d5ce,WRAM,5,91,0,00:3 03:14 04:30 05:5 06:15 07:14 08:12 09:3,03:7b32:3 04:5cc1:3 04:6368:3 04:702d:3,00:14 05:5 04:5 1d:5 09:4 0a:4
d5cf,WRAM,46,427,213,00:16 03:139 04:131 05:47 06:114 07:132 08:52 09:55,06:5f9e:8 Bank003_State01:6 Bank003_State03:6 Bank003_State09:6,00:95 02:43 01:42 03:39 04:32 08:23
d5d0,WRAM,7,28,19,00:1 03:5 04:14 06:2 07:15 08:9 09:8,Bank007_State02:2 07:4cfc:2 07:69ac:2 09:4385:2,00:26 03:2
d5d1,WRAM,16,9,0,04:7 06:12 07:3 08:3,06:5932:4 06:6448:4 04:4bca:3 07:4a8e:3,
d5d2,WRAM,16,9,0,04:7 06:12 07:3 08:3,06:5932:4 06:6448:4 04:4bca:3 07:4a8e:3,
d5d3,WRAM,5,6,1,03:2 04:4 06:2 07:2 08:2,04:6972:2 04:7617:2 06:6542:2 07:6d44:2,00:1
d5d5,WRAM,0,0,2,04:2,04:440b:2,
d5d6,WRAM,4,21,0,03:2 04:19 07:3 08:1,Bank004_State02:3 Bank004_State12:3 04:49d5:2 Bank004_State14:2,02:6 00:3 04:3 01:2 0b:1 03:1
d5d7,WRAM,2,13,0,03:2 04:9 07:3 08:1,04:49d5:2 Bank007_State02:2 03:631e:1 03:6a19:1,00:4 06:2 05:2 04:2 01:1 02:1
d5d8,WRAM,67,18,1,00:2 03:2 04:57 07:24 08:1,Bank004_State09:6 Bank004_State00:4 Bank004_State12:4 07:4c12:4,00:5
d5d9,WRAM,18,5,3,04:15 07:11,04:41cd:4 07:506f:4 07:50e3:4 04:4561:3,
d5da,WRAM,3,37,3,04:32 07:11,04:41cd:5 07:4dc0:5 04:49d5:4 07:4c12:4,01:10 11:10 00:10 0f:5 10:2
d5db,WRAM,2,9,0,03:2 04:8 08:1,04:49d5:2 03:631e:1 03:6a19:1 04:400a:1,01:2
d5dc,WRAM,1,4,0,04:5,04:415c:2 04:400a:1 Bank004_State00:1 Bank004_State11:1,00:1
d5df,WRAM,46,72,0,00:1 03:24 04:31 05:2 06:10 07:25 08:15 09:10,Bank004_State07:3 03:7b32:2 Bank004_State12:2 07:4cfc:2,01:18 02:1
d5e0,WRAM,2,0,3,00:1 04:4,00:2e92:1 04:6ff0:1 04:702d:1 04:70a8:1,
d5e1,WRAM,1,0,1,04:2,04:714f:1 04:7186:1,
d5e3,WRAM,7,0,1,06:8,06:4607:3 06:4b39:2 06:4574:1 06:4935:1,
d5e4,WRAM,3,0,1,06:4,06:4665:4,
d5e5,WRAM,5,0,1,06:6,06:4665:3 06:44f1:1 06:4574:1 06:4935:1,
d5e6,WRAM,3,0,1,06:4,06:470a:4,
d5e7,WRAM,5,0,1,06:6,06:470a:3 06:44f1:1 06:4574:1 06:4935:1,
d5e8,WRAM,4,0,1,06:5,06:47a4:4 06:4833:1,
d5e9,WRAM,2,0,2,06:4,06:4833:2 06:47a4:1 06:4935:1,
d5ea,WRAM,6,0,0,06:6,06:599a:2 06:5cb2:2 06:4833:1 06:5ae0:1,
d5eb,WRAM,2,0,1,06:3,06:487a:3,
d5ec,WRAM,5,0,1,07:6,07:5260:2 07:52e7:1 07:531b:1 07:5348:1,
d5ed,WRAM,13,1,1,04:15,04:7593:3 04:74cf:2 04:7c9d:2 04:7765:1,
d5ee,WRAM,15,4,0,04:19,04:6e81:3 04:6efd:3 04:6911:2 04:685f:1,
d5ef,WRAM,5,1,0,03:6,03:7a2f:2 03:7987:1 03:79e3:1 03:7a62:1,
d5f0,WRAM,4,1,0,03:5,03:7bab:2 03:7b32:1 03:7b90:1 03:7be0:1,
d5f1,WRAM,4,1,0,03:5,03:7ca4:2 03:7db1:2 03:7c07:1,
d5f2,WRAM,6,3,0,03:9,03:769f:3 03:7844:2 03:77bf:1 03:7838:1,
d5f3,WRAM,7,1,0,08:8,08:4149:3 08:45e0:3 08:47a3:1 08:47ed:1,
d5f5,WRAM,12,1,1,07:14,Bank007_State01:2 Bank007_State00:1 07:41ce:1 07:41f8:1,
d5f6,WRAM,2,1,0,04:3,Bank004_State05:3,
d5f7,WRAM,1,1,0,04:2,04:5733:1 04:5d23:1,
d5f8,WRAM,2,1,0,03:3,03:6a3a:2 03:6f92:1,
d5f9,WRAM,1,1,0,04:2,04:6089:1 04:63b4:1,
d5fa,WRAM,2,0,1,08:3,Bank008_State02:1 08:40b3:1 08:40dc:1,
d5fb,WRAM,6,2,0,03:8,03:66dc:3 03:633f:2 03:6435:2 03:652b:1,
d5fc,WRAM,3,3,0,07:6,07:7037:3 07:7138:3,00:1
d5fd,WRAM,5,0,1,09:6,09:5198:2 09:526d:2 Bank009_State00:1 Bank009_State02:1,
d5fe,WRAM,3,1,0,07:4,07:5497:2 07:544c:1 07:54b8:1,
d5ff,WRAM,6,2,0,08:8,08:52a0:1 08:52db:1 08:5315:1 08:5365:1,
d600,WRAM,3,0,1,06:4,06:4d7f:1 06:4deb:1 06:4e24:1 06:4e45:1,
d602,WRAM,0,2,2,04:4,04:5733:1 04:5d92:1 04:6089:1 04:6454:1,00:2
d603,WRAM,4,2,2,04:8,04:5733:1 04:5d80:1 04:5d92:1 04:5fe2:1,40:2
d604,WRAM,0,2,2,04:4,04:5733:1 04:5d92:1 04:6089:1 04:6454:1,
d605,WRAM,4,2,0,04:6,04:5733:1 04:5d80:1 04:5fe2:1 04:6089:1,38:2
d606,WRAM,2,2,3,04:7,04:6454:3 04:5d92:2 04:5733:1 04:6089:1,
d607,WRAM,1,0,0,04:1,04:6454:1,
d608,WRAM,2,2,1,04:5,04:6454:2 04:5733:1 04:5d92:1 04:6089:1,
d609,WRAM,1,0,0,04:1,04:6454:1,
d60a,WRAM,1,2,0,04:3,04:6454:3,03:1
d60b,WRAM,3,2,0,00:1 04:4,04:67f7:2 00:2e92:1 04:6248:1 04:6454:1,
d60c,WRAM,6,2,0,00:1 04:7,04:65fe:2 04:6764:2 00:2e92:1 04:61de:1,
d60d,WRAM,2,2,1,00:1 04:4,04:67ad:2 00:2e92:1 04:6213:1 04:65fe:1,
d60e,WRAM,1,1,0,04:2,04:6089:1 04:6454:1,38:1
d60f,WRAM,2,1,0,04:3,04:6454:3,
d610,WRAM,2,2,0,04:4,04:627d:2 04:6089:1 04:66f9:1,
d611,WRAM,5,2,0,04:7,04:627d:3 04:61de:1 04:6213:1 04:6248:1,01:1 00:1
d612,WRAM,5,5,0,04:10,04:627d:3 04:61de:1 04:6213:1 04:6248:1,
d613,WRAM,4,3,0,04:7,04:627d:2 04:630c:2 04:6764:1 04:67ad:1,00:1 01:1 02:1
d614,WRAM,4,3,0,04:7,04:5ba1:3 04:596d:2 04:5733:1 04:5b4d:1,00:2 01:1
d615,WRAM,0,0,5,00:1 04:4,04:596d:2 00:2e92:1 04:5733:1 04:5cc1:1,
d629,WRAM,0,0,5,00:1 04:4,04:596d:2 00:2e92:1 04:5733:1 04:5cc1:1,
d63d,WRAM,20,1,0,04:21,04:596d:3 04:589e:2 04:5b4d:2 04:5ba1:2,
d63e,WRAM,7,3,1,04:11,04:5ba1:3 04:596d:2 04:562d:1 04:5634:1,
d63f,WRAM,5,2,1,04:8,04:596d:2 04:5ba1:2 04:5733:1 04:5a73:1,
d640,WRAM,1,1,0,04:2,04:5c47:1 04:5d42:1,
d641,WRAM,1,3,0,04:4,04:5e3b:2 04:5a15:1 04:5fe2:1,b4:2 64:1
d642,WRAM,0,1,1,04:2,04:5733:1 04:5ba1:1,
d643,WRAM,0,0,14,02:7 03:7,02:4d88:2 02:4dd7:2 02:452a:1 02:4832:1,
d648,WRAM,0,0,4,03:4,03:6bc1:1 03:7062:1 03:7275:1 03:72cd:1,
d64d,WRAM,0,0,4,03:4,03:6bc1:1 03:7062:1 03:7275:1 03:72cd:1,
d652,WRAM,0,0,9,03:9,03:651c:1 03:6bc1:1 03:6c0a:1 03:6c96:1,
d657,WRAM,0,0,9,03:9,03:6543:1 03:6bc1:1 03:6c0a:1 03:6ceb:1,
d65c,WRAM,0,0,10,02:1 03:9,02:452a:1 03:652b:1 03:6bc1:1 03:6c0a:1,
d661,WRAM,1,2,0,03:3,03:6bc1:1 03:6c0a:1 03:6ceb:1,
d662,WRAM,1,2,0,03:3,03:6bc1:1 03:6c0a:1 03:6ceb:1,
d663,WRAM,1,2,0,03:3,03:6bc1:1 03:6c0a:1 03:6ceb:1,
d664,WRAM,1,2,0,03:3,03:6bc1:1 03:6c0a:1 03:6ceb:1,00:1
d665,WRAM,22,4,0,03:26,03:6b23:3 03:6fc3:2 03:74c7:2 03:6a3a:1,ff:2
d666,WRAM,3,3,0,03:6,03:6a3a:1 03:6b23:1 03:71a7:1 03:71f7:1,01:2 00:1
d667,WRAM,9,7,0,03:16,03:71a7:4 03:7225:4 03:64e6:2 03:633f:1,08:1 02:1
d668,WRAM,5,4,0,03:9,03:64e6:2 03:71a7:2 03:633f:1 03:649b:1,07:1 0c:1
d669,WRAM,8,2,0,03:10,03:7573:3 03:7432:2 03:6c96:1 03:6d0e:1,00:1
d66a,WRAM,1,3,0,03:4,03:7573:3 03:7326:1,
d66b,WRAM,1,4,0,03:5,03:6dad:2 03:6d5a:1 03:7326:1 03:7407:1,01:1 02:1 00:1
d66c,WRAM,2,2,2,03:6,03:6e04:2 03:6b23:1 03:6ea4:1 03:6ee1:1,00:1 01:1
d66d,WRAM,8,10,10,03:18 04:6 05:4,Bank003_State03:2 Bank003_State04:2 Bank003_State00:1 Bank003_State01:1,00:5 01:4
d66e,WRAM,2,3,0,03:1 04:2 07:2,07:6a12:2 03:6f92:1 04:5d23:1 04:63b4:1,01:2 02:1
d66f,WRAM,0,2,0,07:2,07:69ac:1 07:6a76:1,00:2
d670,WRAM,3,1,0,03:1 04:2 07:1,03:6fb1:1 04:5d42:1 04:63e3:1 07:6ab4:1,ff:1
d671,WRAM,4,3,0,03:1 04:2 07:4,07:6a12:2 03:6f92:1 04:5d23:1 04:63b4:1,
d673,WRAM,4,2,0,03:6,03:5099:2 Bank003_State31:2 Bank003_State29:1 03:50ba:1,00:1
d674,WRAM,22,11,3,04:8 06:20 07:4 08:4,06:6542:4 04:6ac0:2 04:7765:2 06:6769:2,00:2 01:1
d675,WRAM,7,3,2,04:8 07:4,04:6b72:2 04:7879:2 04:685f:1 04:74cf:1,
d678,WRAM,2,3,0,07:5,07:5369:4 07:51b6:1,
d679,WRAM,0,2,1,07:3,07:51b6:1 07:52e7:1 07:5369:1,07:1 0f:1
d67a,WRAM,5,10,0,04:13 08:2,Bank004_State07:2 Bank004_State00:1 04:570f:1 04:5cc1:1,01:3 02:3
d67b,WRAM,2,7,0,04:9,04:6e81:3 04:7c6c:2 04:685f:1 04:6efd:1,40:2 b4:2
d67c,WRAM,3,1,1,04:5,04:6efd:3 04:6e81:2,00:1
d67d,WRAM,0,2,2,04:4,04:6efd:3 04:6e81:1,
d67e,WRAM,2,7,0,04:9,04:6911:2 04:7593:2 04:685f:1 04:6e81:1,01:3 00:2
d680,WRAM,0,2,0,02:2,02:4eae:1 02:4ee8:1,00:2
d681,WRAM,0,0,28,02:5 03:22 04:1,Bank003_State16:5 Bank003_State31:2 03:51a1:2 02:452a:1,
d6af,WRAM,0,0,1,03:1,03:5691:1,
d6b0,WRAM,6,1,0,03:7,Bank003_State04:3 Bank003_State18:1 03:5691:1 03:5d13:1,
d6b1,WRAM,0,2,2,02:2 03:2,02:4eae:1 02:4ee8:1 03:48d8:1 03:5d69:1,ff:2
d6b2,WRAM,0,0,18,02:4 03:14,Bank003_State16:3 Bank003_State18:2 03:623d:2 02:49a8:1,
d6b3,WRAM,0,0,1,03:1,03:48d8:1,
d6e1,WRAM,0,2,0,02:2,02:4eae:1 02:4ee8:1,
d6e2,WRAM,6,4,0,02:4 03:6,Bank003_State03:2 02:49a8:1 02:4a07:1 02:4eae:1,00:1 09:1
d6e3,WRAM,6,3,1,02:4 03:6,02:49a8:1 02:4a07:1 02:4eae:1 02:4ee8:1,00:1
d6e4,WRAM,4,4,0,03:8,03:5649:3 03:59af:3 03:5614:1 03:5900:1,00:4
d6e5,WRAM,0,0,2,03:2,03:5649:1 03:59af:1,
d6ed,WRAM,0,2,0,03:2,03:5614:1 03:5900:1,91:1 f7:1
d6ee,WRAM,0,2,0,03:2,03:5614:1 03:5900:1,56:1 59:1
d6ef,WRAM,0,0,2,03:2,03:5649:1 03:59af:1,
d6fd,WRAM,0,2,0,03:2,03:5614:1 03:5900:1,be:1 7a:1
d6fe,WRAM,0,2,0,03:2,03:5614:1 03:5900:1,57:1 5a:1
d70d,WRAM,0,2,0,03:2,03:5614:1 03:5900:1,47:1 00:1
d70e,WRAM,0,2,0,03:2,03:5614:1 03:5900:1,58:1 5b:1
d715,WRAM,4,2,0,03:6,03:5691:3 03:59f7:3,
d716,WRAM,2,2,0,03:4,03:5691:2 03:59f7:2,
d717,WRAM,8,9,2,03:19,03:54f4:4 03:5c9a:2 03:5d94:2 Bank003_State01:1,
d718,WRAM,15,3,4,03:22,03:5599:3 Bank003_State01:2 Bank003_State31:2 03:53fd:2,
d719,WRAM,4,1,0,03:5,03:44a2:2 Bank003_State08:1 03:44c3:1 03:5dce:1,
d71b,WRAM,3,3,0,03:6,Bank003_State01:1 Bank003_State03:1 Bank003_State04:1 Bank003_State09:1,00:2 01:1
d71c,WRAM,15,2,3,03:20,Bank003_State10:5 03:48d8:4 Bank003_State13:3 Bank003_State09:2,
d71d,WRAM,13,4,2,03:19,03:48d8:5 Bank003_State12:4 Bank003_State09:3 Bank003_State11:2,
d71e,WRAM,12,4,1,03:17,Bank003_State11:4 Bank003_State09:3 Bank003_State10:3 03:48d8:3,00:2 01:1
d71f,WRAM,0,2,2,03:4,Bank003_State10:1 03:46f6:1 03:4720:1 03:48d8:1,
d720,WRAM,0,5,1,03:6,Bank003_State10:2 03:48c1:1 03:48d8:1 03:49d2:1,
d721,WRAM,0,2,0,03:2,Bank003_State10:1 03:48d8:1,
d722,WRAM,0,5,0,03:5,Bank003_State10:2 03:48d8:1 03:49d2:1 Bank003_State12:1,
d723,WRAM,1,0,2,03:3,03:4720:2 Bank003_State10:1,
d724,WRAM,2,0,0,03:2,Bank003_State10:1 03:49d2:1,
d725,WRAM,1,4,0,03:5,Bank003_State17:1 Bank003_State18:1 03:531e:1 03:611a:1,
d726,WRAM,0,2,4,03:6,Bank003_State18:2 03:623d:2 Bank003_State17:1 03:611a:1,00:2
d727,WRAM,2,4,0,03:6,Bank003_State18:2 03:623d:2 Bank003_State17:1 03:611a:1,
d728,WRAM,0,6,2,03:8,Bank003_State17:2 Bank003_State18:2 03:611a:2 03:623d:2,01:4
d729,WRAM,0,2,4,03:6,Bank003_State18:2 03:623d:2 Bank003_State17:1 03:611a:1,01:2
d72a,WRAM,2,2,4,03:8,Bank003_State18:3 03:623d:3 Bank003_State17:1 03:611a:1,
d72b,WRAM,1,5,0,03:6,03:5c2d:4 03:5bc9:1 03:5d94:1,00:2
d72c,WRAM,1,1,0,03:2,03:5e1a:2,
d72d,WRAM,0,0,4,03:4,03:5d94:1 03:5e0f:1 03:5e1a:1 03:5eea:1,
d73d,WRAM,0,0,2,03:2,03:5e1a:1 03:5ec7:1,
d73e,WRAM,0,0,3,03:3,03:5e1a:2 03:5eea:1,
d75d,WRAM,0,0,1,03:1,03:5e1a:1,
d75e,WRAM,0,0,3,03:3,03:5e1a:2 03:5eea:1,
d77d,WRAM,0,0,3,03:3,03:5e1a:2 03:5ec7:1,
d79d,WRAM,0,0,2,03:2,03:5e1a:2,
d7bd,WRAM,2,2,0,03:4,03:623d:3 03:611a:1,00:1
d7be,WRAM,5,2,0,00:1 03:6,03:603f:3 03:5fb6:2 00:2e92:1 03:611a:1,
d7bf,WRAM,0,0,1,03:1,03:7d9f:1,
d7c0,WRAM,1,3,0,03:4,03:7b90:2 03:7ab2:1 03:7bab:1,00:1 20:1
d7c1,WRAM,12,9,0,02:3 03:4 04:2 08:12,02:4e31:2 04:7593:2 08:4149:2 08:47ed:2,00:2 12:1
d7c2,WRAM,0,0,3,07:3,07:6c10:2 07:6b1f:1,
d7c4,WRAM,0,0,2,07:2,07:6c10:2,
d7c6,WRAM,0,0,1,07:1,07:6c10:1,
d7c8,WRAM,0,0,3,07:3,07:6c10:2 07:6ccb:1,
d7ca,WRAM,0,0,3,07:3,07:6cf9:2 07:6c10:1,
d7cc,WRAM,0,0,2,07:2,07:6cf9:2,
d7ce,WRAM,0,0,2,07:2,07:6c10:1 07:6ccb:1,
d7d0,WRAM,0,0,1,07:1,07:6ccb:1,
d7d2,WRAM,4,2,0,00:1 07:5,00:2e92:1 07:6d44:1 07:6ded:1 07:6ee0:1,
d7d3,WRAM,4,2,0,00:1 07:5,00:2e92:1 07:6d44:1 07:6eff:1 07:6ff7:1,01:1
d7d4,WRAM,2,2,0,07:4,07:717f:2 07:7037:1 07:70dc:1,3c:1
d7d5,WRAM,0,1,1,07:2,07:7037:1 07:70dc:1,
d7d6,WRAM,0,2,1,07:3,07:7037:1 07:7138:1 07:717f:1,01:2
d7d7,WRAM,0,1,0,06:1,06:5e04:1,01:1
d7d8,WRAM,0,3,0,04:3,04:6fb2:1 04:708e:1 04:7135:1,00:1 01:1 02:1
d7d9,WRAM,1,1,0,04:2,04:73ef:1 04:7479:1,
d7da,WRAM,1,1,0,04:2,04:73ef:1 04:7479:1,
d7db,WRAM,1,1,0,04:2,04:73ef:1 04:7479:1,
d7dc,WRAM,3,8,0,06:11,06:5f9e:4 06:64b3:2 06:5e04:1 06:6335:1,00:6 01:1
d7dd,WRAM,0,6,2,06:8,06:5f9e:2 06:64b3:2 06:6335:1 06:6390:1,
d7de,WRAM,0,2,3,06:5,06:720e:3 06:5f9e:1 06:7159:1,00:2
d7df,WRAM,1,4,0,06:5,06:7159:3 06:70ca:1 06:720e:1,
d7e0,WRAM,2,3,0,06:5,06:70ca:2 06:7159:2 06:720e:1,
d7e1,WRAM,1,2,0,06:3,06:720e:2 06:7159:1,00:1
d7e2,WRAM,2,2,1,06:5,06:64b3:2 06:5e04:1 06:5f9e:1 06:7106:1,
d7e3,WRAM,30,4,0,06:34,06:5f9e:5 06:6cef:4 06:6335:2 06:6448:2,00:1 01:1 02:1 15:1
d7e4,WRAM,3,4,2,00:1 06:8,06:71cc:4 00:1569:1 06:5e04:1 06:6335:1,00:1
d7e6,WRAM,5,1,1,06:7,Bank006_State02:4 Bank006_State01:1 Bank006_State03:1 06:7159:1,05:1
d7e7,WRAM,10,1,1,06:12,Bank006_State06:5 Bank006_State05:2 Bank006_State07:2 Bank006_State08:2,00:1
d7e8,WRAM,2,1,2,06:5,Bank006_State07:2 Bank006_State05:1 06:5e04:1 06:64b3:1,
d7e9,WRAM,3,1,1,06:5,06:5e04:1 06:6542:1 06:69b4:1 06:6a35:1,
d7ea,WRAM,1,1,1,06:3,06:5e04:1 06:6542:1 06:6734:1,02:1
d7eb,WRAM,2,1,1,06:4,06:5e04:1 06:6542:1 06:68f5:1 06:77f1:1,00:1
d7ec,WRAM,2,1,1,00:1 06:3,00:2e92:1 06:6542:1 06:6827:1 06:7838:1,
d7ed,WRAM,10,3,0,06:13,06:63bc:3 06:63fa:3 06:6cef:2 06:5e04:1,
d7ee,WRAM,1,1,7,00:1 06:8,00:2e92:1 06:599a:1 06:5b2d:1 06:5b96:1,ff:1
d7ef,WRAM,0,1,0,00:1,00:2e92:1,
d7f0,WRAM,0,1,0,00:1,00:2e92:1,
d7f1,WRAM,0,1,1,00:1 06:1,00:2e92:1 06:5ae0:1,
d7f3,WRAM,1,0,1,06:2,06:4a70:2,
d7f4,WRAM,1,1,0,06:2,06:4a70:2,
d7f5,WRAM,6,1,1,00:1 06:7,06:4e62:4 06:4edd:2 00:2e92:1 06:4f2c:1,
d7f6,WRAM,4,1,0,06:5,06:5172:2 06:51dd:2 06:5208:1,
d7f7,WRAM,4,0,2,06:6,06:522b:2 06:4d7f:1 06:5172:1 06:5614:1,
d7f8,WRAM,4,0,1,06:5,06:5266:2 06:4d7f:1 06:5657:1 06:57c3:1,
d7f9,WRAM,4,0,2,06:6,06:4f53:2 06:4d7f:1 06:4e62:1 06:5414:1,
d7fa,WRAM,4,0,1,06:5,06:4f8e:2 06:4d7f:1 06:5491:1 06:5871:1,
d7fb,WRAM,4,0,1,06:5,06:4fc9:2 06:4d7f:1 06:5512:1 06:5871:1,
d7fc,WRAM,4,0,1,06:5,06:5004:2 06:4d7f:1 06:5593:1 06:5871:1,
d7fd,WRAM,2,3,0,06:5,06:5bff:2 06:5c45:2 06:599a:1,
d7fe,WRAM,4,3,0,06:7,06:5bff:3 06:5c45:3 06:599a:1,
d7ff,WRAM,2,1,2,06:5,06:599a:1 06:5b2d:1 06:5b96:1 06:5bff:1,
d800,WRAM,7,4,1,03:2 04:6 06:1 07:2 0a:1,03:7b32:2 04:5733:1 04:5cc1:1 04:6089:1,00:2 01:1
d801,WRAM,1,7,0,00:1 06:1 08:6,08:45e0:5 00:3339:1 06:5ae0:1 08:4aa7:1,01:4 00:3
d802,WRAM,2,4,0,00:2 08:4,08:45e0:3 00:3339:2 08:4aa7:1,10:2 13:1
d803,WRAM,7,2,3,08:12,08:4aa7:5 08:45e0:3 08:4c98:2 08:458d:1,00:2
d804,WRAM,1,3,0,08:4,08:4aa7:2 08:458d:1 08:4a7e:1,01:2 00:1
d805,WRAM,1,4,0,08:5,08:4d16:4 08:4ccd:1,00:2
d806,WRAM,5,4,0,04:2 08:7,08:45e0:3 08:4291:2 04:6bf5:1 04:795e:1,
d807,WRAM,3,1,1,00:1 08:4,08:4958:2 00:2e92:1 08:4aa7:1 08:4ba3:1,03:1
d808,WRAM,0,0,7,08:7,Bank008_State02:1 08:4aa7:1 08:4bc6:1 08:4c12:1,
d810,WRAM,12,1,1,08:14,08:49d9:2 08:4a0e:2 08:4c73:2 08:4db9:2,
d811,WRAM,1,1,0,08:2,08:4b63:2,00:1
d812,WRAM,1,2,0,08:3,08:4da1:2 08:4d6a:1,00:2
d813,WRAM,1,2,0,08:3,08:4db9:2 08:4d6a:1,00:1
d814,WRAM,2,5,0,00:3 08:4,00:33dc:2 00:3031:1 08:458d:1 08:45e0:1,01:2
d815,WRAM,1,3,0,08:4,08:735a:1 08:73cd:1 08:7483:1 08:74b0:1,ff:2
d816,WRAM,0,0,1,03:1,03:787a:1,
d818,WRAM,1,1,0,07:2,07:57e4:1 07:592b:1,
d819,WRAM,7,2,0,07:9,07:57e4:3 07:5771:2 07:5794:1 07:592b:1,28:1
d81a,WRAM,1,1,3,07:5,07:57e4:3 07:592b:1 07:65d8:1,01:1
d81b,WRAM,1,2,0,07:3,07:65d8:2 07:57e4:1,00:1
d81c,WRAM,1,2,0,07:3,07:588f:2 07:65d8:1,2d:1
d81d,WRAM,1,1,0,07:2,07:588f:1 07:65d8:1,
d81e,WRAM,1,2,0,07:3,07:588f:1 07:592b:1 07:65d8:1,
d81f,WRAM,0,2,5,07:7,07:57e4:2 07:5868:1 07:592b:1 07:65a0:1,00:1
d820,WRAM,0,2,0,07:2,07:57e4:1 07:592b:1,
d821,WRAM,0,2,0,07:2,07:57e4:1 07:592b:1,
d827,WRAM,0,2,10,07:12,07:57e4:4 07:5868:1 07:592b:1 07:65a0:1,88:1 fc:1
d828,WRAM,0,2,0,07:2,07:57e4:1 07:592b:1,88:1
d829,WRAM,0,2,0,07:2,07:57e4:1 07:592b:1,
d82f,WRAM,0,2,5,07:7,07:63b2:2 07:59c1:1 07:5c68:1 07:5e0c:1,ec:1 00:1
d830,WRAM,0,1,0,07:1,07:59c1:1,14:1
d831,WRAM,0,2,0,07:2,07:59c1:2,00:1 40:1
d832,WRAM,0,5,2,07:7,07:63b2:2 07:59c1:1 07:5b38:1 07:5d21:1,00:3
d833,WRAM,0,4,0,07:4,07:59c1:1 07:5b38:1 07:5d21:1 07:5eff:1,08:1
d834,WRAM,0,2,0,07:2,07:59c1:1 07:5eff:1,
d835,WRAM,0,1,15,07:16,07:63b2:2 07:648a:2 07:64de:2 07:5a4b:1,60:1
d838,WRAM,0,1,17,07:18,07:63b2:2 07:648a:2 07:64de:2 07:592b:1,e0:1
d83b,WRAM,0,0,7,07:7,07:5a4b:1 07:5c68:1 07:5e0c:1 07:5ff5:1,
d83c,WRAM,0,0,2,07:2,07:63b2:2,
d841,WRAM,0,5,1,07:6,07:59c1:1 07:5b38:1 07:5d21:1 07:5eff:1,
d842,WRAM,0,4,0,07:4,07:59c1:1 07:5b38:1 07:5d21:1 07:5eff:1,
d843,WRAM,0,2,0,07:2,07:59c1:1 07:5eff:1,
d844,WRAM,0,5,1,07:6,07:59c1:1 07:5b38:1 07:5d21:1 07:5eff:1,80:1
d845,WRAM,0,4,0,07:4,07:59c1:1 07:5b38:1 07:5d21:1 07:5eff:1,
d846,WRAM,0,2,0,07:2,07:59c1:1 07:5eff:1,
d847,WRAM,0,5,1,07:6,07:59c1:1 07:5b38:1 07:5d21:1 07:5eff:1,00:5
d848,WRAM,0,4,0,07:4,07:59c1:1 07:5b38:1 07:5d21:1 07:5eff:1,
d849,WRAM,0,2,0,07:2,07:59c1:1 07:5eff:1,
d84a,WRAM,0,1,13,07:14,07:65d8:2 07:5a4b:1 07:5ac9:1 07:5c68:1,
d84d,WRAM,0,0,2,07:2,07:648a:1 07:64de:1,
d84e,WRAM,0,0,5,07:5,07:648a:1 07:64de:1 07:6532:1 07:665a:1,
d856,WRAM,0,0,11,07:11,07:648a:2 07:64de:2 07:592b:1 07:64c1:1,
d85e,WRAM,0,5,5,07:10,07:59c1:1 07:5a4b:1 07:5b38:1 07:5c68:1,
d85f,WRAM,5,5,2,07:12,07:5a4b:1 07:5a94:1 07:5c68:1 07:5cb9:1,
d860,WRAM,0,5,1,07:6,07:5a4b:1 07:5c68:1 07:5e0c:1 07:5ff5:1,0a:4 14:1
d861,WRAM,0,5,0,07:5,07:59c1:1 07:5b38:1 07:5d21:1 07:5eff:1,03:2 02:2 01:1
d862,WRAM,0,5,9,07:14,07:59c1:1 07:5a4b:1 07:5a94:1 07:5b38:1,00:5
d863,WRAM,5,11,6,07:22,07:62d5:3 07:5579:2 07:55ba:2 07:6316:2,02:5 00:1 04:1 06:1 08:1 0a:1
d864,WRAM,1,1,0,07:2,07:64de:2,
d865,WRAM,1,1,1,07:3,07:673b:2 07:61d3:1,
d866,WRAM,1,1,0,07:2,07:6470:1 07:66e9:1,
d867,WRAM,1,2,0,07:3,07:620f:2 07:673b:1,00:1
d868,WRAM,0,2,3,07:5,07:5503:1 07:592b:1 07:6797:1 07:67be:1,
d869,WRAM,0,2,0,07:2,07:5503:1 07:592b:1,
d86a,WRAM,0,2,0,07:2,07:5503:1 07:592b:1,
d86b,WRAM,0,2,3,07:5,07:5503:1 07:592b:1 07:6797:1 07:67cc:1,
d86c,WRAM,0,2,0,07:2,07:592b:1 07:6797:1,01:1
d86d,WRAM,0,0,3,07:3,07:58b3:2 07:592b:1,
d877,WRAM,0,0,3,07:3,07:58b3:2 07:592b:1,
d881,WRAM,0,0,3,07:3,07:58b3:2 07:592b:1,
d88b,WRAM,3,2,1,07:6,07:55ba:2 07:5650:1 07:5689:1 07:5720:1,00:2
d88c,WRAM,1,3,0,07:4,07:55ba:2 07:5720:2,00:1
d88d,WRAM,2,4,0,07:6,07:60d1:2 07:55ba:1 07:592b:1 07:6644:1,01:3
d88e,WRAM,5,2,0,07:7,07:620f:2 07:592b:1 07:5b38:1 07:5d21:1,
d88f,WRAM,5,2,0,00:1 07:6,07:620f:2 00:16a6:1 07:592b:1 07:62d5:1,00:1
d890,WRAM,2,2,0,05:3 06:1,05:756a:1 05:793a:1 05:79ca:1 06:487a:1,16:1
d891,WRAM,1,36,0,05:37,05:6b11:3 05:4d1f:2 05:62ea:2 05:638f:2,00:35 06:1
d892,WRAM,1,1,0,05:2,05:4b36:2,
d893,WRAM,1,0,1,05:2,05:4b36:2,
d894,WRAM,1,3,0,05:4,05:4e9d:2 05:4d42:1 05:4f04:1,00:1 02:1
d895,WRAM,1,2,0,05:3,05:4e9d:2 05:4d42:1,
d896,WRAM,2,3,0,05:5,05:4e9d:3 05:4d42:1 05:4f04:1,
d897,WRAM,10,18,0,05:28,05:53ef:17 05:4f18:9 05:4d42:1 05:4e9d:1,00:8 07:2 06:1 08:1 01:1 02:1
d898,WRAM,2,3,0,05:5,05:5125:2 05:4d42:1 05:4f18:1 05:532a:1,dd:1
d899,WRAM,1,2,0,05:3,05:4d42:1 05:4f18:1 05:5125:1,
d89a,WRAM,4,1,1,05:6,05:5125:4 05:4d42:1 05:4e4d:1,
d89b,WRAM,1,2,0,05:3,05:5125:2 05:4d42:1,
d89c,WRAM,2,2,0,05:4,05:5125:4,00:1
d89d,WRAM,3,4,1,05:8,05:4e4d:3 05:4e9d:2 05:4d42:1 05:4e84:1,01:2 02:1
d89e,WRAM,0,0,1,05:1,05:4e4d:1,
d89f,WRAM,0,0,2,05:2,05:532a:2,
d8a2,WRAM,0,10,0,05:10,05:53ef:9 05:4f18:1,00:10
d8a3,WRAM,2,2,4,05:8,05:5177:6 05:532a:2,
d8a5,WRAM,0,0,1,05:1,05:4dd6:1,
d8a6,WRAM,1,10,9,05:20,05:4f18:11 05:53ef:9,22:3 28:2 20:1 1c:1 2b:1 19:1
d8a7,WRAM,0,0,1,05:1,05:532a:1,
d8ab,WRAM,0,0,1,05:1,05:532a:1,
d8af,WRAM,0,0,2,05:2,05:532a:2,
d8b2,WRAM,9,9,0,05:18,05:4f18:18,
d8b3,WRAM,6,1,1,05:8,05:53ef:5 05:4dd6:2 05:4d42:1,
d8b4,WRAM,8,1,2,00:1 05:10,05:53ef:2 05:578b:2 00:1017:1 05:4d42:1,
d8b5,WRAM,8,1,2,00:1 05:10,05:53ef:2 05:57b7:2 00:1017:1 05:4d42:1,
d8b6,WRAM,8,1,2,00:1 05:10,05:53ef:2 05:57e3:2 00:1017:1 05:4d42:1,
d8b7,WRAM,5,1,1,05:7,05:53ef:4 05:4d42:2 05:580f:1,
d8b8,WRAM,1,3,0,05:4,05:4f18:2 05:52d5:1 05:53ef:1,01:2 00:1
d8b9,WRAM,3,6,2,00:2 05:9,05:56ae:6 00:1017:1 00:13c9:1 05:4d42:1,ff:1 11:1
d8ba,WRAM,0,1,1,05:2,05:578b:2,00:1
d8bb,WRAM,0,1,1,05:2,05:57b7:2,00:1
d8bc,WRAM,0,1,1,05:2,05:57e3:2,00:1
d8bd,WRAM,2,1,1,05:4,05:52a0:2 05:4d42:1 05:53ef:1,
d8be,WRAM,1,1,1,05:3,05:4d42:1 05:52ed:1 05:53ef:1,
d8bf,WRAM,0,0,1,05:1,05:51c9:1,
d8c0,WRAM,6,3,1,05:10,05:53ef:3 05:49fb:1 05:4d42:1 05:4f18:1,01:1 00:1
d8c1,WRAM,1,2,0,05:3,05:4d42:1 05:4f18:1 05:5288:1,
d8c2,WRAM,1,2,0,05:3,05:53ef:2 05:4d42:1,
d8c3,WRAM,1,1,1,05:3,05:53ef:3,00:1
d8c4,WRAM,0,3,1,05:4,05:53ef:2 05:49fb:1 05:4d42:1,01:1 ff:1
d8c5,WRAM,3,3,2,00:2 05:6,05:53ef:6 00:1100:1 00:11db:1,
d8c6,WRAM,5,3,0,05:8,05:592d:4 05:5a53:2 05:5e78:2,00:1
d8c7,WRAM,0,0,3,05:3,05:592d:2 05:5a00:1,
d8c8,WRAM,22,31,0,05:53,05:638f:4 05:641b:4 05:6492:4 05:6509:4,08:9 09:5 01:2 02:2 03:2 04:2
d8c9,WRAM,0,3,12,05:15,Bank005_State08:1 Bank005_State11:1 05:4a8e:1 05:632a:1,ff:3
d8ca,WRAM,1,10,0,05:11,Bank005_State08:1 05:4a8e:1 05:62ea:1 05:638f:1,00:2
d8cc,WRAM,8,6,0,00:2 05:12,05:49fb:6 00:1100:2 05:53ef:2 05:4a8e:1,00:4
d8cd,WRAM,18,1,0,05:19,05:67ca:4 05:67f1:4 05:686f:4 05:6906:3,
d8ce,WRAM,2,2,0,05:4,05:68eb:3 05:68d1:1,
d8cf,WRAM,1,1,1,00:1 05:2,00:1100:1 05:4d42:1 05:567b:1,
d8d0,WRAM,3,1,1,05:5,05:6abd:2 05:6a82:1 05:6aa4:1 05:6aeb:1,00:1
d8d1,WRAM,0,0,4,00:2 05:2,00:1353:1 00:13c9:1 05:6abd:1 05:6f6f:1,
d8f1,WRAM,1,3,0,05:4,05:6f6f:2 Bank005_State08:1 05:6f69:1,04:2
d8f2,WRAM,1,2,0,05:3,05:6ffa:2 05:6f92:1,03:1
d8f3,WRAM,18,24,0,05:42,05:698d:4 05:6b11:4 05:6b8f:4 05:6c0a:4,06:6 07:5 02:2 00:2 03:2 04:2
d8f4,WRAM,0,3,10,05:13,Bank005_State08:1 Bank005_State09:1 05:4a8e:1 05:69ea:1,ff:1
d8f5,WRAM,1,10,0,05:11,Bank005_State08:1 05:4a8e:1 05:698d:1 05:6b11:1,
d8f6,WRAM,8,6,0,00:2 05:12,05:49fb:6 00:11db:2 05:53ef:2 05:4a8e:1,00:1
d8f7,WRAM,18,1,0,05:19,05:6dde:4 05:6e05:4 05:6e83:4 05:6f1a:3,
d8f8,WRAM,2,2,0,05:4,05:6eff:3 05:6ee5:1,
d8f9,WRAM,1,1,1,00:1 05:2,00:13c9:1 05:4d42:1 05:567b:1,
d8fa,WRAM,14,19,0,05:33,05:70d2:4 05:7149:4 05:705b:3 05:71c3:3,04:5 05:4 01:2 02:2 07:2 00:1
d8fb,WRAM,0,3,8,05:11,Bank005_State08:1 Bank005_State10:1 05:4a8e:1 05:7091:1,ff:1
d8fc,WRAM,1,8,0,05:9,Bank005_State08:1 05:4a8e:1 05:705b:1 05:70d2:1,
d8fd,WRAM,8,6,0,00:2 05:12,05:49fb:6 00:1297:2 05:53ef:2 05:4a8e:1,00:1
d8fe,WRAM,22,1,0,05:23,05:7312:5 05:73be:5 05:72eb:4 05:7466:4,
d8ff,WRAM,1,2,1,05:4,05:7445:3 05:742b:1,
d901,WRAM,1,1,1,00:1 05:2,00:1297:1 05:4d42:1 05:567b:1,
d902,WRAM,0,0,1,05:1,05:49fb:1,
d904,WRAM,4,1,1,00:1 05:5,05:49fb:2 00:1017:1 05:4e4d:1 05:51c9:1,00:1
d905,WRAM,1,1,0,00:2,00:1471:2,
d906,WRAM,1,1,0,00:2,00:14ed:2,
d907,WRAM,1,1,0,00:2,00:1100:1 00:1471:1,
d909,WRAM,1,1,0,00:2,00:11db:1 00:14ed:1,
d90b,WRAM,0,1,1,00:2,00:1100:1 00:1471:1,00:1
d90c,WRAM,0,1,0,00:1,00:1100:1,
d90d,WRAM,0,1,1,00:2,00:11db:1 00:14ed:1,00:1
d90e,WRAM,0,1,0,00:1,00:11db:1,
d90f,WRAM,2,3,0,00:5,00:1471:2 00:1017:1 00:1100:1 00:13c9:1,
d910,WRAM,2,3,0,00:5,00:1471:2 00:1017:1 00:1100:1 00:13c9:1,
d911,WRAM,2,3,0,00:5,00:14ed:2 00:1017:1 00:11db:1 00:13c9:1,
d912,WRAM,2,3,0,00:5,00:14ed:2 00:1017:1 00:11db:1 00:13c9:1,
d913,WRAM,2,1,0,00:3,00:1471:2 00:1100:1,
d914,WRAM,2,1,0,00:3,00:1471:2 00:1100:1,
d915,WRAM,2,1,0,00:3,00:14ed:2 00:11db:1,
d916,WRAM,2,1,0,00:3,00:14ed:2 00:11db:1,
d917,WRAM,1,1,1,00:3,00:1297:2 00:1017:1,
d918,WRAM,1,2,0,00:3,00:1100:2 00:1017:1,00:1 01:1
d919,WRAM,1,2,0,00:3,00:11db:2 00:1017:1,00:1 01:1
d91a,WRAM,1,2,0,00:3,00:1297:2 00:1017:1,00:1 01:1
d91b,WRAM,1,2,0,00:3,00:1100:3,00:1
d91c,WRAM,1,2,0,00:3,00:11db:3,00:1
d91d,WRAM,1,2,0,00:3,00:1297:3,00:1
d92e,WRAM,1,81,0,00:2 05:80,05:638f:3 05:641b:3 05:6492:3 05:6509:3,01:55 04:7 08:6 05:6 06:2 07:2
d92f,WRAM,1,1,0,00:2,00:1017:1 00:1100:1,
d930,WRAM,1,1,0,00:2,00:1017:1 00:1100:1,
d932,WRAM,1,0,2,00:3,00:1017:1 00:1100:1 00:13c9:1,
d933,WRAM,1,1,0,00:2,00:1017:1 00:11db:1,80:1
d934,WRAM,1,1,0,00:2,00:1017:1 00:11db:1,
d935,WRAM,1,1,0,00:2,00:1017:1 00:11db:1,20:1
d937,WRAM,1,0,2,00:3,00:1017:1 00:11db:1 00:13c9:1,
d938,WRAM,1,1,0,00:2,00:1017:1 00:1297:1,
d939,WRAM,1,1,0,00:2,00:1017:1 00:1297:1,
d93b,WRAM,1,0,1,00:2,00:1017:1 00:1297:1,
d93c,WRAM,8,6,0,00:14,00:1100:4 00:11db:4 00:1297:4 00:1017:1,
d93d,WRAM,7,0,3,00:1 02:2 05:7,05:634c:2 00:1100:1 02:4a6b:1 02:4f2b:1,
d93e,WRAM,4,0,1,00:1 05:4,05:655e:2 00:1100:1 05:5ce7:1 05:62b2:1,
d93f,WRAM,6,0,3,00:1 02:2 05:6,05:63e4:2 00:1100:1 02:4a6b:1 02:4f2b:1,
d940,WRAM,4,0,1,00:1 05:4,05:64e3:2 00:1100:1 05:5ce7:1 05:62b2:1,
d941,WRAM,4,0,1,00:1 05:4,05:646c:2 00:1100:1 05:5ce7:1 05:62b2:1,
d942,WRAM,5,1,2,00:1 02:2 05:5,05:65d9:2 00:1471:1 02:4a6b:1 02:4f2b:1,
d943,WRAM,5,1,0,00:1 05:5,05:664d:2 00:1471:1 05:5d8f:1 05:62b2:1,
d944,WRAM,7,1,0,00:1 05:7,05:66ce:2 00:1471:1 Bank005_State08:1 Bank005_State11:1,
d945,WRAM,0,0,16,00:1 02:2 05:13,05:67ca:2 05:686f:2 00:1100:1 02:4a6b:1,
d949,WRAM,0,0,1,05:1,05:5b90:1,
d94d,WRAM,0,0,1,05:1,05:5b9b:1,
d951,WRAM,0,0,1,05:1,05:5ba6:1,
d955,WRAM,0,0,9,00:1 02:2 05:6,00:1100:1 02:4a6b:1 02:4f2b:1 05:5b85:1,
d959,WRAM,0,0,1,05:1,05:5b90:1,
d95d,WRAM,0,0,1,05:1,05:5b9b:1,
d961,WRAM,0,0,1,05:1,05:5ba6:1,
d965,WRAM,0,0,7,02:2 05:5,02:4a6b:1 02:4f2b:1 05:5ec0:1 05:5eff:1,
d985,WRAM,8,0,3,00:1 02:2 05:8,05:6a1a:2 05:6a30:2 00:13c9:1 02:4a6b:1,
d986,WRAM,4,0,1,00:1 05:4,05:6b69:2 00:11db:1 05:5d5e:1 05:6955:1,
d987,WRAM,4,1,2,00:1 02:2 05:4,05:6be7:2 00:14ed:1 02:4a6b:1 02:4f2b:1,
d988,WRAM,4,1,0,00:1 05:4,05:6c5e:2 00:14ed:1 05:5da1:1 05:6955:1,
d989,WRAM,6,1,0,00:1 05:6,05:6ce2:2 00:14ed:1 Bank005_State09:1 05:5da1:1,
d98a,WRAM,0,0,15,00:1 02:2 05:12,05:6dde:2 05:6e83:2 00:11db:1 02:4a6b:1,
d98e,WRAM,0,0,1,05:1,05:5bbc:1,
d992,WRAM,0,0,1,05:1,05:5bc7:1,
d996,WRAM,0,0,1,05:1,05:5bd2:1,
d99a,WRAM,0,0,9,00:1 02:2 05:6,00:11db:1 02:4a6b:1 02:4f2b:1 05:5bb1:1,
d99e,WRAM,0,0,1,05:1,05:5bbc:1,
d9a2,WRAM,0,0,1,05:1,05:5bc7:1,
d9a6,WRAM,0,0,1,05:1,05:5bd2:1,
d9aa,WRAM,6,2,4,00:1 02:2 05:9,05:6750:4 05:49fb:2 00:1100:1 02:4a6b:1,
d9ab,WRAM,6,2,2,00:1 05:9,05:6d64:4 05:49fb:2 00:11db:1 05:5e07:1,
d9ac,WRAM,5,0,3,00:1 02:2 05:5,05:709b:2 00:1297:1 02:4a6b:1 02:4f2b:1,
d9ad,WRAM,4,0,1,00:1 05:4,05:719d:2 00:1297:1 05:5cfe:1 05:7042:1,
d9ae,WRAM,4,0,1,00:1 05:4,05:7123:2 00:1297:1 05:5cfe:1 05:7042:1,
d9af,WRAM,4,0,3,00:1 02:2 05:4,05:7206:2 00:1297:1 02:4a6b:1 02:4f2b:1,
d9b0,WRAM,5,2,2,00:1 05:8,05:7271:4 05:49fb:2 00:1297:1 05:5e0f:1,
d9b1,WRAM,0,0,15,00:1 02:2 05:12,05:72eb:2 05:73be:2 00:1297:1 02:4a6b:1,
d9b5,WRAM,0,0,1,05:1,05:5be8:1,
d9b9,WRAM,0,0,1,05:1,05:5bf3:1,
d9bd,WRAM,0,0,1,05:1,05:5bfe:1,
d9c1,WRAM,0,0,15,00:1 02:4 05:10,02:4a6b:2 02:4f2b:2 05:7312:2 05:73be:2,
d9c5,WRAM,0,0,1,05:1,05:5be8:1,
d9c9,WRAM,0,0,1,05:1,05:5bf3:1,
d9cd,WRAM,0,0,1,05:1,05:5bfe:1,
d9d1,WRAM,7,1,1,02:2 05:7,05:53ef:3 02:4a6b:1 02:4f2b:1 05:49fb:1,
d9d2,WRAM,2,1,0,02:1 05:2,02:4f2b:1 Bank005_State00:1 Bank005_State01:1,
d9d3,WRAM,6,3,1,00:1 05:9,05:42cb:2 00:2e92:1 Bank005_State00:1 05:4162:1,02:1
d9d4,WRAM,2,1,0,05:3,05:61c6:2 05:625b:1,
d9d5,WRAM,9,3,1,00:1 05:12,05:40e6:2 Bank005_State03:2 00:2e92:1 Bank005_State00:1,02:1
d9d6,WRAM,5,2,0,00:1 05:6,05:4195:2 00:2e92:1 05:41da:1 05:41f1:1,
d9d7,WRAM,11,2,0,05:13,05:7dcc:6 05:7a28:2 05:79f4:1 05:7a58:1,
d9d8,WRAM,1,5,0,05:6,05:7d04:3 05:79f4:1 05:7a9e:1 05:7abf:1,00:1 02:1
d9d9,WRAM,3,2,0,05:5,05:7d04:4 05:7abf:1,
d9da,WRAM,2,2,0,05:4,05:7d04:4,00:1
d9db,WRAM,4,1,2,05:7,05:7abf:2 05:7c6b:2 05:79f4:1 05:7bd6:1,
d9dc,WRAM,4,1,0,05:5,05:7c6b:2 05:79f4:1 05:7bd6:1 05:7dcc:1,09:1
d9dd,WRAM,4,1,0,05:5,05:7c6b:2 05:79f4:1 05:7bd6:1 05:7dcc:1,
d9de,WRAM,2,1,3,05:6,05:7c6b:2 05:7dcc:2 05:79f4:1 05:7abf:1,
d9df,WRAM,2,1,2,05:5,05:7c6b:2 05:7dcc:2 05:79f4:1,ff:1
d9e0,WRAM,2,1,2,05:5,05:7c6b:2 05:7dcc:2 05:79f4:1,
d9e1,WRAM,2,2,0,05:4,05:7bf2:3 05:79f4:1,
d9e2,WRAM,1,2,0,05:3,05:7bf2:2 05:79f4:1,
d9e3,WRAM,1,2,0,05:3,05:7abf:2 05:79f4:1,
d9e4,WRAM,1,2,0,05:3,05:7abf:2 05:79f4:1,
d9e5,WRAM,4,2,0,05:6,05:7abf:4 05:79f4:1 05:7dcc:1,00:1
d9e6,WRAM,2,1,2,05:5,05:7abf:2 05:79f4:1 05:7d4d:1 05:7e89:1,
d9e7,WRAM,1,1,2,05:4,05:79f4:1 05:7abf:1 05:7d5e:1 05:7e89:1,
d9e8,WRAM,1,2,0,05:3,05:7886:2 05:7abf:1,06:1
d9e9,WRAM,0,1,1,05:2,05:7886:1 05:7abf:1,08:1
d9ea,WRAM,1,2,0,05:3,05:7dcc:3,01:1
d9eb,WRAM,0,7,0,05:7,05:7c6b:7,01:6 00:1
d9ec,WRAM,0,3,1,05:4,05:7abf:3 05:7d04:1,00:2 01:1
d9ed,WRAM,1,2,0,05:3,05:7886:2 05:7abf:1,78:1
d9ee,WRAM,2,1,0,05:3,05:7eb5:2 05:7f4a:1,
d9ef,WRAM,7,1,1,05:9,05:75bd:2 05:7604:2 05:74e8:1 05:763e:1,
d9f0,WRAM,1,1,0,05:2,05:76d8:2,
d9f1,WRAM,2,1,0,05:3,05:76d8:3,00:1
d9f2,WRAM,3,1,2,00:1 05:5,00:2e92:1 05:75bd:1 05:7604:1 05:763e:1,
d9f3,WRAM,2,3,0,00:1 05:3 06:1,00:2e92:1 05:74e8:1 05:768b:1 05:7f4a:1,02:2
d9f4,WRAM,1,1,0,05:2,05:763e:2,
d9f5,WRAM,2,2,0,05:4,05:763e:4,00:2
d9f6,WRAM,1,1,0,05:2,05:768b:2,
d9f7,WRAM,2,2,0,05:4,05:768b:4,00:2
d9f8,WRAM,3,3,0,00:1 09:5,09:6005:2 09:60f2:2 00:2e92:1 09:723f:1,02:1
d9f9,WRAM,2,1,0,09:3,09:7194:2 09:723f:1,
d9fa,WRAM,1,3,0,07:4,07:42d0:2 Bank007_State00:1 07:41ce:1,00:1
d9fb,WRAM,1,3,0,07:4,07:42d0:2 Bank007_State00:1 07:41ce:1,00:1
d9fc,WRAM,1,3,0,07:4,07:42d0:2 Bank007_State00:1 07:41ce:1,06:1
d9fd,WRAM,1,3,0,07:4,07:42d0:2 Bank007_State00:1 07:41ce:1,03:1 08:1
d9fe,WRAM,1,5,0,07:6,07:4272:2 07:42d0:2 Bank007_State00:1 07:41ce:1,00:2
d9ff,WRAM,1,5,0,07:6,07:4272:2 07:42d0:2 Bank007_State00:1 07:41ce:1,
da00,WRAM,2,7,0,07:9,Bank007_State00:3 07:4272:2 07:42d0:2 07:41ce:1,0a:3 0e:2 12:1
da01,WRAM,2,7,0,07:9,Bank007_State00:3 07:4272:2 07:42d0:2 07:41ce:1,0c:3 10:2 15:1
da02,WRAM,2,2,1,07:5,07:49c3:3 Bank007_State06:1 Bank007_State10:1,00:2
da03,WRAM,1,3,0,07:4,07:49c3:2 Bank007_State06:1 Bank007_State10:1,00:1
da04,WRAM,4,5,0,07:9,07:49c3:4 Bank007_State07:1 Bank007_State08:1 Bank007_State11:1,00:3 01:2
da05,WRAM,2,3,0,07:5,07:4906:3 Bank007_State06:1 Bank007_State10:1,
da06,WRAM,1,3,0,07:4,07:4906:2 Bank007_State06:1 Bank007_State10:1,
da07,WRAM,2,2,1,07:5,07:4948:5,00:1 80:1
da08,WRAM,3,3,0,07:6,07:4948:6,00:2 ff:1
da09,WRAM,0,2,2,07:4,07:4ce6:2 07:4f4d:1 07:5157:1,
da0a,WRAM,1,2,0,07:3,07:4cfc:2 07:4c12:1,
da0b,WRAM,0,4,1,07:5,Bank007_State11:2 Bank007_State06:1 07:4acb:1 07:5169:1,00:2 b4:2
da0c,WRAM,0,4,0,07:4,Bank007_State11:2 Bank007_State06:1 07:5169:1,02:2 00:2
da0d,WRAM,1,1,0,07:2,07:4bc3:1 07:4bea:1,
da0e,WRAM,1,1,0,07:2,07:4bc3:1 07:4bea:1,
da0f,WRAM,1,3,1,04:5,Bank004_State00:1 Bank004_State11:1 Bank004_State12:1 Bank004_State14:1,00:1
da10,WRAM,1,1,0,04:2,04:4faf:1 04:5019:1,
da11,WRAM,1,1,1,04:3,04:5019:2 04:4faf:1,
da12,WRAM,1,5,0,04:6,04:5019:2 Bank004_State00:1 Bank004_State11:1 Bank004_State12:1,26:1
da13,WRAM,0,2,1,04:3,Bank004_State00:1 Bank004_State11:1 Bank004_State12:1,
da16,WRAM,6,26,0,00:1 07:31,07:73ef:4 07:74a9:3 07:7551:3 07:75fa:3,03:4 04:4 05:4 06:4 01:3 02:3
da17,WRAM,1,4,0,00:1 07:4,00:2e92:1 07:71c5:1 07:7260:1 07:72ea:1,00:1 01:1
da18,WRAM,1,4,0,00:1 07:4,00:2e92:1 07:7260:1 07:72ea:1 07:735b:1,00:1 01:1 02:1
da19,WRAM,1,4,0,07:5,07:73ef:1 07:74a9:1 07:7551:1 07:75fa:1,00:1 01:1 02:1 03:1
da1a,WRAM,2,0,2,07:4,07:7b05:2 07:7937:1 07:7997:1,
da1f,WRAM,2,0,3,07:5,07:7b05:2 07:7900:1 07:7937:1 07:7997:1,
da24,WRAM,0,0,1,07:1,07:7b05:1,
da29,WRAM,0,0,1,07:1,07:7b05:1,
da2e,WRAM,1,3,0,07:4,07:7bdc:1 07:7c4b:1 07:7cba:1 07:7d11:1,
da2f,WRAM,1,1,0,07:2,07:79f7:2,00:1
da30,WRAM,1,7,0,07:8,07:7260:1 07:72ea:1 07:735b:1 07:74a9:1,
da31,WRAM,2,6,2,04:10,04:5d92:3 04:6454:3 04:5c47:2 04:618d:2,00:2
da32,WRAM,2,4,0,04:6,04:5c47:3 04:618d:3,
da33,WRAM,0,0,1,09:1,09:5219:1,
da37,WRAM,1,0,1,09:2,09:5219:2,
da38,WRAM,1,0,0,09:1,09:5219:1,
da39,WRAM,1,0,0,09:1,09:5219:1,
da3a,WRAM,1,0,0,09:1,09:5219:1,
da3b,WRAM,15,16,0,09:31,09:5b9d:12 09:5dad:9 09:57e1:2 09:5d24:2,00:6
da3c,WRAM,14,7,2,09:23,09:5dad:6 09:5b9d:5 09:5d24:5 09:5e95:3,00:3 41:1 04:1 0f:1
da3d,WRAM,5,10,0,09:15,09:5b9d:6 09:5d24:2 09:5dad:2 Bank009_State06:1,03:2 04:2 00:1 01:1 02:1 05:1
da3e,WRAM,0,0,2,09:2,09:5881:2,
da41,WRAM,0,2,2,09:4,09:5881:2 Bank009_State06:1 09:5b9d:1,01:1
da42,WRAM,0,2,0,09:2,Bank009_State06:1 09:5b9d:1,01:1
da43,WRAM,0,2,0,09:2,Bank009_State06:1 09:5b9d:1,01:1
da44,WRAM,3,0,1,06:4,06:747f:3 06:6c54:1,
da45,WRAM,3,0,0,06:3,06:747f:3,
da46,WRAM,3,0,0,06:3,06:747f:3,
da47,WRAM,3,0,0,06:3,06:747f:3,
da48,WRAM,3,0,0,06:3,06:747f:3,
da49,WRAM,0,0,6,02:5 09:1,02:51d0:2 02:46f0:1 02:4bf4:1 02:5054:1,
da4d,WRAM,0,0,6,09:6,09:5b9d:2 Bank009_State02:1 09:54bc:1 09:54d5:1,
da56,WRAM,9,2,0,02:1 07:2 09:8,09:5d24:2 09:5e95:2 02:462f:1 Bank007_State04:1,
da57,WRAM,0,0,4,09:4,09:5dad:2 09:5528:1 09:5571:1,
da59,WRAM,0,0,2,09:2,09:5528:1 09:5571:1,
da5a,WRAM,0,0,2,09:2,09:5528:1 09:5571:1,
da5b,WRAM,0,0,3,02:3,02:4e5f:2 02:494b:1,
da5f,WRAM,0,0,1,09:1,09:47b6:1,
da68,WRAM,2,0,0,09:2,09:463f:1 09:465f:1,
da69,WRAM,0,0,1,09:1,09:4687:1,
da6b,WRAM,0,0,1,09:1,09:4687:1,
da6c,WRAM,0,0,1,09:1,09:4687:1,
da6d,WRAM,1,0,0,09:1,09:46c6:1,
da6e,WRAM,1,0,0,09:1,09:46c6:1,
da6f,WRAM,1,0,0,09:1,09:4706:1,
da70,WRAM,0,0,4,09:4,09:43f3:1 09:4414:1 09:45eb:1 09:461e:1,
da8e,WRAM,3,0,0,09:3,09:4706:2 09:474d:1,
da8f,WRAM,3,1,0,00:2 02:2,00:16f4:2 02:4005:1 02:46f0:1,
da90,WRAM,3,1,0,00:2 02:2,00:16f4:2 02:4005:1 02:46f0:1,
da91,WRAM,8,4,0,09:12,09:4414:3 09:4439:2 09:4450:2 09:45eb:2,
da92,WRAM,4,1,1,09:6,09:44f5:3 09:428d:1 09:43f3:1 09:449a:1,
da93,WRAM,3,3,0,09:6,09:44f5:3 09:428d:1 09:43db:1 09:449a:1,01:1
da94,WRAM,4,3,0,09:7,09:4590:2 09:45a0:2 09:428d:1 09:449a:1,
da95,WRAM,1,3,0,04:2 08:1 09:1,04:6d8f:1 04:7b59:1 08:45e0:1 09:4775:1,
da96,WRAM,2,0,3,02:3 06:1 09:1,02:4bb2:1 02:4d05:1 02:503f:1 06:7823:1,
da97,WRAM,2,0,0,02:1 09:1,02:4d05:1 09:530e:1,
da98,WRAM,1,0,1,04:1 09:1,04:50e5:1 09:530e:1,
da99,WRAM,1,0,0,09:1,09:530e:1,
da9a,WRAM,2,0,1,02:1 07:1 09:1,02:4d05:1 07:4ada:1 09:530e:1,
da9b,WRAM,2,0,0,02:1 09:1,02:4d05:1 09:530e:1,
da9c,WRAM,2,0,1,00:1 02:1 09:1,00:354d:1 02:4d05:1 09:530e:1,
da9d,WRAM,2,0,0,02:1 09:1,02:4d05:1 09:530e:1,
da9e,WRAM,1,0,1,07:1 09:1,07:4a17:1 09:530e:1,
da9f,WRAM,1,0,0,09:1,09:530e:1,
daa0,WRAM,1,0,1,07:1 09:1,07:6797:1 09:5372:1,
daa1,WRAM,3,0,0,02:1 07:1 09:1,02:4d05:1 07:59c1:1 09:5372:1,
daa2,WRAM,2,0,1,02:1 07:1 09:1,02:4d05:1 07:59c1:1 09:5372:1,
daa3,WRAM,3,0,2,02:1 07:3 09:1,02:4d05:1 07:59c1:1 07:6797:1 07:6831:1,
daa4,WRAM,1,0,1,05:1 09:1,05:7e89:1 09:5372:1,
daa5,WRAM,3,0,1,02:1 04:1 05:1 09:1,02:4d05:1 04:5733:1 05:7e89:1 09:5372:1,
daa6,WRAM,2,0,1,09:3,Bank009_State18:1 09:5372:1 09:725e:1,
daa7,WRAM,3,0,1,02:1 09:3,02:4d05:1 Bank009_State18:1 09:5372:1 09:725e:1,
daab,WRAM,3,1,0,00:1 08:3,08:4441:2 00:1ba4:1 08:4467:1,
daac,WRAM,0,0,2,04:2,04:5121:1 04:525c:1,
dabc,WRAM,0,0,2,04:2,04:5121:1 04:525c:1,
dacc,WRAM,0,0,3,04:3,04:525c:1 04:52ab:1 04:531a:1,
dadc,WRAM,0,0,2,04:2,04:525c:1 04:531a:1,
daec,WRAM,0,0,4,04:4,04:525c:2 04:5121:1 04:522d:1,
dafc,WRAM,0,0,3,04:3,04:525c:2 04:522d:1,
db0c,WRAM,0,0,2,04:2,04:52ab:2,
db2c,WRAM,0,0,1,04:1,04:52ab:1,
db4c,WRAM,2,5,0,04:7,04:5121:4 04:52ab:2 04:522d:1,01:3 00:2
db4d,WRAM,0,4,1,00:1 08:4,08:45e0:3 00:3161:1 08:4aa7:1,00:1
db4e,WRAM,0,4,0,08:4,08:45e0:3 08:4aa7:1,c0:1
db4f,WRAM,0,4,0,08:4,08:45e0:3 08:4aa7:1,00:1
db51,WRAM,0,0,2,08:2,08:50f6:1 08:540d:1,
db5b,WRAM,0,0,1,06:1,06:5ae0:1,
db5d,WRAM,0,0,1,00:1,00:3161:1,
db61,WRAM,0,0,1,08:1,08:50f6:1,
db6d,WRAM,2,5,0,00:2 06:1 08:4,08:45e0:3 00:30dd:1 00:3118:1 06:5ae0:1,00:2 01:1 04:1
db6e,WRAM,1,5,0,00:1 06:1 08:4,08:45e0:3 00:345a:1 06:5ae0:1 08:4aa7:1,00:1 04:1
db6f,WRAM,1,5,0,00:1 06:1 08:4,08:45e0:3 00:32f2:1 06:5ae0:1 08:4aa7:1,00:1
db70,WRAM,0,0,2,00:2,00:3118:1 00:3161:1,
dbc0,WRAM,1,2,0,00:3,00:3118:2 00:3031:1,
dbc1,WRAM,1,2,0,00:3,00:3118:2 00:3031:1,
dbc2,WRAM,0,1,1,00:2,00:30ab:1 00:3118:1,00:1
dbc3,WRAM,1,1,1,00:3,00:3031:1 00:30dd:1 00:32f2:1,
dbc4,WRAM,1,2,0,00:3,00:3031:1 00:3339:1 00:33dc:1,01:1 00:1
dbc5,WRAM,2,3,0,00:5,00:3031:1 00:3161:1 00:32f2:1 00:3339:1,01:2 00:1
dbc6,WRAM,2,3,0,00:5,00:32f2:2 00:30ab:1 00:3118:1 00:3161:1,01:2
dbc7,WRAM,0,1,1,00:2,00:30dd:1 00:3515:1,
dbc8,WRAM,0,1,0,00:1,00:30dd:1,
dbc9,WRAM,0,1,1,00:2,00:30ab:1 00:3515:1,
dbca,WRAM,0,1,0,00:1,00:30ab:1,
dbcb,WRAM,3,5,0,04:2 08:6,04:6bf5:1 04:795e:1 08:411a:1 08:4149:1,00:3 01:1
dbcc,WRAM,2,5,0,04:2 08:5,08:4149:2 08:47ed:2 04:6bf5:1 04:795e:1,01:2
dbcd,WRAM,2,2,0,04:4,Bank004_State09:1 Bank004_State10:1 04:5121:1 04:52ab:1,00:1 01:1
dbce,WRAM,1,2,0,07:3,Bank007_State01:2 Bank007_State00:1,00:1
dbcf,WRAM,3,12,0,00:1 03:1 04:4 06:2 07:5 09:2,04:71b5:2 04:71e0:2 00:33dc:1 03:62f4:1,0c:3 01:1 06:1 0e:1 04:1 08:1
dbd0,WRAM,0,1,0,00:1,00:18a3:1,
dbd1,WRAM,0,1,0,00:1,00:18a3:1,
dbec,WRAM,0,0,2,00:2,00:19eb:2,
dbfe,WRAM,0,0,2,00:2,00:19eb:2,
dc08,WRAM,1,2,0,00:2 05:1,00:1ba4:1 00:3339:1 05:5a00:1,01:2
dc09,WRAM,1,2,0,00:2 05:1,00:1ba4:1 00:3339:1 05:5a00:1,
dc0a,WRAM,1,2,0,00:2 05:1,00:1ba4:1 00:3339:1 05:5a00:1,e4:2
dc0b,WRAM,2,0,0,00:2,00:19eb:2,
dc0c,WRAM,1,4,0,00:5,00:19eb:4 00:1bfb:1,
dc0d,WRAM,9,9,0,00:18,00:18a3:3 00:17d2:2 00:196f:2 00:19eb:2,00:2 07:1
dc0e,WRAM,3,5,0,00:8,00:196f:2 00:18a3:1 00:1954:1 00:19a2:1,00:1
dc0f,WRAM,1,2,0,00:3,00:176f:1 00:17ad:1 00:1931:1,00:1
dc10,WRAM,2,1,1,00:4,00:176f:1 00:17d2:1 00:1931:1 00:3515:1,
dc11,WRAM,2,1,2,00:5,00:17d2:2 00:176f:1 00:1931:1 00:3515:1,
dc12,WRAM,1,1,1,00:3,00:176f:1 00:188c:1 00:1931:1,
dc13,WRAM,1,3,0,00:4,00:17d2:2 00:1873:1 00:1b1e:1,
dc14,WRAM,1,3,0,00:4,00:17d2:2 00:1873:1 00:1b1e:1,
dc15,WRAM,1,1,0,00:2,00:1873:1 00:1b1e:1,
dc16,WRAM,1,1,0,00:2,00:1873:1 00:1b1e:1,
dc17,WRAM,1,1,0,00:2,00:17d2:1 00:1bfb:1,
dc18,WRAM,1,1,0,00:2,00:17d2:1 00:1bfb:1,
dc19,WRAM,2,4,3,00:9,00:17d2:4 00:17ad:3 00:1931:1 00:1c56:1,00:2 01:1
dc1a,WRAM,1,2,0,00:3,00:17d2:2 00:1931:1,
dc1b,WRAM,1,3,0,00:4,00:17d2:2 00:1873:1 00:1b1e:1,
dc1c,WRAM,1,3,0,00:4,00:17d2:2 00:1873:1 00:1b1e:1,
dc1d,WRAM,1,1,0,00:2,00:1873:1 00:1b1e:1,
dc1e,WRAM,1,1,0,00:2,00:1873:1 00:1b1e:1,
dc1f,WRAM,3,2,0,00:5,00:19eb:3 00:17d2:1 00:1bfb:1,
dc20,WRAM,3,2,0,00:5,00:19eb:3 00:17d2:1 00:1bfb:1,
dc21,WRAM,0,1,0,00:1,00:19eb:1,
dc22,WRAM,0,1,0,00:1,00:19eb:1,
dc23,WRAM,1,2,1,00:4,00:17d2:2 00:188c:1 00:1931:1,
dc24,WRAM,1,2,0,00:3,00:17d2:2 00:1931:1,
dc25,WRAM,2,5,0,00:7,00:17d2:1 00:18a3:1 00:1927:1 00:196f:1,00:3 01:1
dc26,WRAM,0,1,1,00:2,00:18a3:1 00:1931:1,
dc27,WRAM,16,2,0,00:17 05:1,00:19eb:6 00:18a3:2 00:196f:2 00:33dc:2,
dc28,WRAM,2,3,0,00:5,00:17d2:1 00:18a3:1 00:1914:1 00:30ab:1,
dc29,WRAM,1,1,0,00:2,00:17d2:2,
dc2a,WRAM,0,2,0,00:2,00:0f16:1 00:1927:1,01:1
dc2b,WRAM,3,1,0,00:4,00:1c56:2 00:18a3:1 00:1b1e:1,
dc2c,WRAM,2,2,0,00:4,00:17d2:1 00:18a3:1 00:19eb:1 00:1b1e:1,00:1
dc2d,WRAM,0,1,3,00:4,00:1ba4:2 00:1bfb:2,
dc2e,WRAM,0,1,0,00:1,00:1bfb:1,
dc2f,WRAM,0,1,0,00:1,00:1bfb:1,
dc30,WRAM,0,1,0,00:1,00:1bfb:1,
dc31,WRAM,0,1,0,00:1,00:1ba4:1,
dc32,WRAM,0,1,0,00:1,00:1ba4:1,
dc33,WRAM,0,1,0,00:1,00:1ba4:1,
dc34,WRAM,0,1,0,00:1,00:1ba4:1,
dc35,WRAM,0,1,0,00:1,00:1ba4:1,
dc36,WRAM,0,1,0,00:1,00:1ba4:1,
dc37,WRAM,0,1,0,00:1,00:1ba4:1,00:1
dc38,WRAM,0,1,0,00:1,00:1ba4:1,
dc3b,WRAM,6,5,0,00:11,00:18a3:2 00:19eb:2 00:0f2d:1 00:1927:1,00:2
dc3c,WRAM,1,2,0,00:3,00:176f:1 00:1931:1 00:19eb:1,01:1
dc3d,WRAM,1,2,0,00:2 05:1,00:19eb:1 00:32f2:1 05:59e4:1,
dc3e,WRAM,2,1,1,00:4,00:19eb:4,
dc40,WRAM,1,2,1,00:4,00:3388:2 00:0f2d:1 00:196f:1,00:1 04:1
dc41,WRAM,1,7,0,00:6 05:2,00:0210:2 00:0150:1 00:3031:1 00:345a:1,00:3 01:2
dc42,WRAM,1,3,0,00:4,00:0f2d:1 00:18a3:1 00:1931:1 00:19b2:1,01:1
dc43,WRAM,4,7,0,00:11,00:2ae9:9 00:2d5f:1 00:2e0e:1,00:2
dc44,WRAM,2,5,0,00:5 07:2,00:2ae9:3 00:2d5f:1 00:2e68:1 Bank007_State00:1,00:2 01:1
dc45,WRAM,7,5,0,00:11 07:1,00:2ae9:7 00:2d5f:1 00:2ded:1 00:2e0e:1,01:1
dc46,WRAM,2,5,0,00:7,00:2ae9:2 00:2e0e:2 00:2e41:2 00:2d5f:1,00:1
dc47,WRAM,2,7,0,00:9,00:2ae9:7 00:2d5f:1 00:2dd8:1,10:3 08:2
dc48,WRAM,1,2,0,00:3,00:2ae9:2 00:2d5f:1,c0:1
dc49,WRAM,1,2,0,00:3,00:2ae9:2 00:2d5f:1,00:1
dc4a,WRAM,1,4,0,00:5,00:2ae9:2 00:2d5f:1 00:2e0e:1 00:2e41:1,
dc4b,WRAM,1,4,0,00:5,00:2ae9:2 00:2d5f:1 00:2e0e:1 00:2e41:1,
dc4c,WRAM,2,5,0,00:7,00:2ae9:6 00:2d5f:1,ff:1
dc4d,WRAM,2,5,0,00:6 07:1,00:2ae9:5 00:2d5f:1 Bank007_State07:1,
dc4e,WRAM,2,3,0,00:3 07:2,00:2ae9:2 00:2d5f:1 Bank007_State08:1 Bank007_State16:1,00:1 01:1
dc4f,WRAM,3,4,0,00:3 07:4,00:2ae9:2 00:2d5f:1 Bank007_State07:1 Bank007_State11:1,00:2 01:1
dc50,WRAM,1,5,0,00:5 07:1,00:2ae9:4 00:2d5f:1 Bank007_State01:1,01:1 03:1 02:1 04:1
dc51,WRAM,4,7,0,00:11,00:2ae9:8 00:2d5f:1 00:2dd8:1 00:2ded:1,01:1 00:1
dc52,WRAM,2,4,0,00:4 07:2,00:2ae9:3 00:2d5f:1 Bank007_State01:1 07:4ce6:1,00:2 01:1
dc53,WRAM,2,2,0,00:3 07:1,00:2d5f:1 00:2ded:1 00:2e68:1 Bank007_State01:1,
dc54,WRAM,3,3,0,00:6,00:2ae9:2 00:2e68:2 00:2d5f:1 00:2ded:1,
dc55,WRAM,5,3,1,00:6 07:3,00:2ae9:3 Bank007_State01:2 00:2d5f:1 00:2ded:1,
dc56,WRAM,3,6,0,00:8 07:1,00:2ae9:4 00:2e0e:2 00:2d5f:1 00:2e41:1,ef:1
dc57,WRAM,2,2,0,00:4,00:2ae9:3 00:2d5f:1,
dc58,WRAM,2,3,0,00:4 07:1,00:2ae9:3 00:2d5f:1 07:4ce6:1,
dc59,WRAM,5,5,0,00:8 07:2,00:2ae9:7 00:2d5f:1 Bank007_State11:1 07:4cfc:1,00:1
dc5a,WRAM,2,7,0,00:6 07:3,00:2ae9:3 Bank007_State06:2 00:2d5f:1 00:2e0e:1,
dc5b,WRAM,2,6,0,00:4 07:4,00:2ae9:3 00:2d5f:1 Bank007_State06:1 Bank007_State11:1,01:3 ef:1
dc5c,WRAM,1,3,0,00:4,00:2ae9:3 00:2d5f:1,
dc5d,WRAM,0,3,0,00:3,00:2ae9:2 00:2d5f:1,01:1
dc5e,WRAM,1,3,0,00:4,00:2ae9:3 00:2d5f:1,
dd00,WRAM,0,0,1,1f:1,1f:5318:1,
dd01,WRAM,1,1,1,1f:3,1f:5420:1 1f:54da:1 1f:55b2:1,
dd02,WRAM,0,1,1,1f:2,1f:54da:1 1f:55b2:1,
dd03,WRAM,0,2,2,00:1 1f:3,00:16f4:1 1f:474d:1 1f:4769:1 1f:54da:1,
dd04,WRAM,0,1,0,00:1,00:16f4:1,
dd05,WRAM,0,1,0,00:1,00:16f4:1,
dd06,WRAM,0,1,0,00:1,00:16f4:1,
dd08,WRAM,0,2,1,1f:3,1f:48ae:1 1f:4a44:1 1f:5293:1,00:1
dd09,WRAM,0,1,0,1f:1,1f:5293:1,
dd0a,WRAM,0,1,0,1f:1,1f:5293:1,
dd0d,WRAM,1,1,0,1f:2,1f:4fbc:1 1f:5420:1,01:1
dd0e,WRAM,0,1,0,1f:1,1f:5293:1,
dd10,WRAM,0,0,3,1f:3,1f:5420:2 1f:55b2:1,
dd12,WRAM,0,0,1,1f:1,1f:5420:1,
dd14,WRAM,0,0,1,1f:1,1f:5420:1,
dd1e,WRAM,0,1,1,1f:2,1f:5420:1 1f:55b2:1,00:1
dd1f,WRAM,0,1,2,1f:3,1f:4791:1 1f:5191:1 1f:52ac:1,
dd20,WRAM,0,0,2,1f:2,1f:5420:2,
dd24,WRAM,0,0,1,1f:1,1f:5420:1,
dd2e,WRAM,0,1,1,1f:2,1f:5420:1 1f:55b2:1,
dd2f,WRAM,0,1,0,1f:1,1f:52ac:1,
dd30,WRAM,0,0,2,1f:2,1f:5420:2,
dd34,WRAM,0,0,1,1f:1,1f:5420:1,
dd36,WRAM,1,0,0,1f:1,1f:5127:1,
dd37,WRAM,1,0,0,1f:1,1f:5127:1,
dd38,WRAM,1,0,0,1f:1,1f:54da:1,
dd3e,WRAM,0,1,1,1f:2,1f:5420:1 1f:55b2:1,
dd3f,WRAM,1,1,3,1f:5,1f:5191:2 1f:5127:1 1f:52ac:1 1f:55b2:1,
dd40,WRAM,0,0,2,1f:2,1f:5420:2,
dd44,WRAM,0,0,2,1f:2,1f:5420:1 1f:55b2:1,
dd46,WRAM,0,0,1,1f:1,1f:55b2:1,
dd4f,WRAM,0,1,2,1f:3,1f:4f56:1 1f:5191:1 1f:52ac:1,
dd50,WRAM,4,1,2,1f:7,1f:55b2:4 1f:5420:1 1f:54da:1 1f:570d:1,01:1
dd51,WRAM,3,2,0,1f:5,1f:5191:2 1f:570d:2 1f:5266:1,
dd55,WRAM,0,2,2,1f:4,1f:5293:1 1f:5356:1 1f:53b9:1 1f:53e7:1,01:2
dd5e,WRAM,0,1,0,1f:1,1f:5356:1,00:1
dd60,WRAM,0,4,1,00:2 1f:3,1f:5356:2 00:2a4b:1 00:2a7c:1 1f:52f8:1,00:2
dd61,WRAM,1,2,0,1f:3,1f:4370:1 1f:4791:1 1f:52ac:1,00:2
dd63,WRAM,0,1,0,1f:1,1f:4590:1,
dd64,WRAM,0,2,24,1f:26,1f:491b:2 1f:49c6:2 1f:43a3:1 1f:43ca:1,00:2
dd66,WRAM,2,7,7,1f:16,1f:49c6:2 1f:4c6f:2 1f:4464:1 1f:4475:1,60:2 01:1 40:1 85:1 b0:1
dd67,WRAM,4,11,0,1f:15,1f:491b:3 1f:4511:1 1f:4530:1 1f:4554:1,87:6 83:1 85:1 f0:1 86:1
dd68,WRAM,0,3,1,00:2 1f:2,1f:5356:2 00:2a4b:1 00:2a88:1,
dd69,WRAM,2,1,2,1f:5,1f:55b2:2 1f:5293:1 1f:53b9:1 1f:54da:1,00:1
dd70,WRAM,0,3,1,00:2 1f:2,00:2a4b:1 00:2a80:1 1f:52d8:1 1f:5356:1,
dd71,WRAM,0,2,1,1f:3,1f:5127:1 1f:5191:1 1f:52ac:1,00:1
dd74,WRAM,0,1,9,1f:10,1f:4f89:1 1f:4fcb:1 1f:4ff5:1 1f:502c:1,00:1
dd75,WRAM,1,8,0,1f:9,1f:4f72:1 1f:4f89:1 1f:4f98:1 1f:5046:1,f0:1 e0:1 60:1 10:1 80:1
dd76,WRAM,1,4,0,1f:5,1f:4f72:1 1f:4f89:1 1f:4f98:1 1f:5115:1,23:1
dd78,WRAM,0,7,1,00:2 1f:6,00:2a4b:1 00:2a84:1 1f:4384:1 1f:4409:1,06:1 03:1 02:1 04:1
dd79,WRAM,0,2,0,1f:2,1f:4f56:1 1f:52ac:1,00:1
dd7c,WRAM,0,0,10,1f:10,1f:4ce7:1 1f:4d47:1 1f:4d8e:1 1f:4df9:1,
dd7d,WRAM,0,0,2,1f:2,1f:4d47:2,
dfff,WRAM,0,0,2,00:2,00:0150:1 00:0210:1,
ff00,OAM/IO,21,8,0,00:29,00:1cea:17 00:0a0e:12,30:4 20:2 10:2
ff01,OAM/IO,8,19,0,00:27,00:2ae9:13 00:18a3:3 00:17d2:2 00:0210:1,00:4 12:2 29:1
ff02,OAM/IO,1,25,0,00:26,00:2ae9:6 00:17ad:2 00:17d2:2 00:188c:2,81:9 01:5 80:5 00:2
ff04,OAM/IO,12,0,0,1f:12,1f:4894:2 1f:48ae:2 1f:48ec:2 1f:4780:1,
ff05,OAM/IO,0,2,0,00:2,00:2ae9:1 00:2d5f:1,ee:1
ff06,OAM/IO,0,1,0,00:1,00:2d5f:1,ee:1
ff07,OAM/IO,0,3,0,00:3,00:2ae9:2 00:2d5f:1,02:2 06:1
ff0f,OAM/IO,0,2,0,00:2,00:0150:1 00:0210:1,00:2
ff10,OAM/IO,0,2,0,1f:2,1f:4791:1 1f:52ac:1,00:1
ff11,OAM/IO,0,1,0,1f:1,1f:491b:1,b8:1
ff12,OAM/IO,2,5,0,05:2 1f:5,05:5177:1 05:51c9:1 1f:4590:1 1f:4791:1,08:2 d2:1
ff13,OAM/IO,0,16,0,1f:16,1f:4475:1 1f:4590:1 1f:4646:1 1f:4780:1,
ff14,OAM/IO,0,11,0,1f:11,1f:4590:1 1f:4646:1 1f:4791:1 1f:47f4:1,c7:4 80:2 87:2
ff16,OAM/IO,0,1,0,00:1,00:1017:1,
ff17,OAM/IO,0,2,0,00:1 1f:1,00:1017:1 1f:52ac:1,
ff18,OAM/IO,0,2,0,00:2,00:1017:1 00:13c9:1,
ff19,OAM/IO,0,3,0,00:2 1f:1,00:1017:1 00:13c9:1 1f:52ac:1,
ff1a,OAM/IO,0,9,0,00:2 1f:7,00:1017:2 1f:4ff5:2 1f:4fcb:1 1f:5127:1,00:2 80:1
ff1b,OAM/IO,0,2,0,00:1 1f:1,00:1017:1 1f:4ff5:1,f6:1
ff1c,OAM/IO,0,2,0,00:1 1f:1,00:1017:1 1f:54da:1,40:1
ff1d,OAM/IO,0,9,0,00:2 1f:7,00:1017:1 00:13c9:1 1f:4f98:1 1f:4ff5:1,
ff1e,OAM/IO,0,4,0,00:2 1f:2,00:1017:1 00:13c9:1 1f:4f98:1 1f:4ff5:1,c7:1
ff1f,OAM/IO,0,0,1,05:1,05:6abd:1,
ff20,OAM/IO,0,1,0,00:1,00:1017:1,
ff21,OAM/IO,0,3,0,00:1 1f:2,00:1017:1 1f:4f56:1 1f:52ac:1,08:1
ff22,OAM/IO,0,5,0,00:1 1f:4,00:1017:1 1f:4ce7:1 1f:4d47:1 1f:4e29:1,
ff23,OAM/IO,0,5,0,00:1 1f:4,00:1017:1 1f:4ce7:1 1f:4f0d:1 1f:4f56:1,80:3
ff24,OAM/IO,0,5,0,05:4 1f:1,Bank005_State03:2 Bank005_State04:2 1f:5318:1,00:2 ff:2 77:1
ff25,OAM/IO,0,12,0,00:2 05:5 1f:5,Bank005_State03:2 Bank005_State04:2 00:1017:1 00:13c9:1,ff:3 00:1
ff26,OAM/IO,2,4,0,00:1 05:4 1f:1,00:0210:1 Bank005_State03:1 Bank005_State04:1 05:5177:1,80:3
ff40,OAM/IO,6,14,6,00:18 02:1 05:2 06:4 09:1,00:0150:3 00:03ad:2 00:0b86:2 00:1d45:2,80:1 81:1
ff41,OAM/IO,23,0,13,00:30 03:3 05:1 09:2,00:04f3:3 00:05f8:3 00:0c3e:3 00:0586:2,
ff42,OAM/IO,0,15,1,00:10 03:3 09:3,00:0c3e:3 00:0b86:2 00:0bf5:2 00:0ca7:2,00:2
ff43,OAM/IO,0,10,0,00:10,00:0c3e:3 00:0b86:2 00:0bf5:2 00:0ca7:2,
ff44,OAM/IO,30,0,0,00:19 03:7 05:1 08:1 09:2,03:6901:4 00:0c3e:3 03:69a3:3 00:0406:2,
ff45,OAM/IO,0,5,0,00:5,00:0c3e:2 00:0b86:1 00:0bf5:1 00:0ca7:1,67:2 4f:1
ff46,OAM/IO,0,1,0,00:1,00:03f0:1,d4:1
ff47,OAM/IO,0,5,0,00:4 09:1,00:1d45:2 00:0150:1 00:0210:1 09:529f:1,00:2 e4:1
ff48,OAM/IO,0,2,0,00:2,00:0150:1 00:0210:1,
ff49,OAM/IO,0,2,0,00:2,00:0150:1 00:0210:1,
ff4a,OAM/IO,1,0,0,05:1,05:588f:1,
ff4b,OAM/IO,0,1,0,00:1,00:0bd7:1,a5:1
ff80,HRAM,0,0,2,00:1 07:1,00:0150:1 07:6950:1,
ff8a,HRAM,111,166,1,00:2 02:3 03:3 04:32 05:18 06:14 07:8 08:5 09:4 0a:189,06:747f:12 0a:6865:7 04:589e:6 Cam_CommitVectorToSRAM:6,07:30 0e:15 00:7 04:5 0a:5 01:3
ff8b,HRAM,79,134,0,02:3 03:3 04:2 05:6 06:17 0a:182,06:747f:12 0a:6865:9 0a:5f39:6 0a:5fb9:6,08:30 10:23 0a:3 55:1 06:1
ff8c,HRAM,29,35,0,05:6 0a:58,0a:6865:24 0a:573c:8 0a:5d27:8 0a:6411:8,a0:5
ff8d,HRAM,67,136,0,05:3 0a:200,0a:6865:18 0a:55fd:6 0a:5695:6 0a:573c:6,08:37 04:24 02:3 82:2 10:2 24:1
ff8e,HRAM,27,10,0,0a:37,Cam_FactoryMeasure2:12 Cam_ThresholdConverge:10 Cam_ThresholdConverge_Up:9 0a:455a:3,80:1
ff8f,HRAM,3,4,0,0a:7,0a:455a:2 Cam_ThresholdConverge:2 Cam_ThresholdConverge_Up:2 Cam_FactoryDiag_AllButtonsExceptB:1,24:1 25:1
ff90,HRAM,2,2,0,0a:4,0a:455a:3 Cam_FactoryDiag_AllButtonsExceptB:1,
ff91,HRAM,1,2,0,0a:3,0a:455a:2 Cam_FactoryDiag_AllButtonsExceptB:1,00:1 ff:1
ff92,HRAM,1,2,0,0a:3,Cam_ORegister_SAR_Search:3,00:1 ff:1
ff9a,HRAM,4,5,0,00:7 04:2,00:08a4:2 00:24af:2 00:253c:2 04:5307:2,00:2
ff9b,HRAM,41,86,0,00:127,00:05f8:5 00:0586:4 00:1100:4 00:11db:4,01:6 1f:5 02:4 27:1 10:1
ff9d,HRAM,21,21,0,00:42,00:0450:2 00:0486:2 00:04f3:2 00:0586:2,
ff9e,HRAM,1,276,0,00:11 02:27 03:23 04:50 05:22 06:32 07:39 08:37 09:32 0a:4,08:45e0:15 09:428d:11 02:452a:5 08:4149:5,ff:3 00:2 01:1
ff9f,HRAM,1,3,0,00:2 03:2,00:0a0e:1 00:2e92:1 03:5fb6:1 03:603f:1,0b:2 16:1
ffa0,HRAM,1,3,0,00:2 03:2,00:0a0e:1 00:2e92:1 03:5fb6:1 03:603f:1,04:2 08:1
ffa1,HRAM,64,3,9,00:10 03:8 04:12 05:26 06:8 07:3 08:6 09:2 0a:1,00:0a0e:7 05:53ef:7 04:5d92:2 04:6454:2,
ffa2,HRAM,237,13,5,00:4 03:36 04:36 05:60 06:35 07:37 08:15 09:32,05:7dcc:9 Bank004_State02:4 05:53ef:4 Bank004_State12:3,10:4 20:4 00:1
ffa3,HRAM,65,6,11,00:3 03:17 04:18 05:14 06:13 07:2 08:7 09:8,05:53ef:5 00:0a0e:3 Bank004_State02:3 Bank004_State12:3,
ffa4,HRAM,4,1,0,00:1 04:1 05:3,05:53ef:3 00:0a0e:1 04:5fe2:1,
ffa5,HRAM,0,1,3,00:4,00:0a0e:4,
ffa6,HRAM,0,2,1,00:3,00:0a0e:3,
ffa7,HRAM,5,0,2,00:2 03:1 04:1 06:1 07:1 08:1,00:0a0e:1 00:0a82:1 03:5c2d:1 04:6efd:1,
ffa8,HRAM,18,2,0,03:3 04:4 05:2 06:4 07:4 08:3,04:6911:2 04:7593:2 05:592d:2 06:5f9e:2,00:2
ffa9,HRAM,6,0,2,03:1 04:1 06:2 07:2 08:2,07:6d44:2 03:5c2d:1 04:7c9d:1 06:5750:1,
ffab,HRAM,17,84,11,00:16 03:12 04:18 05:6 06:8 07:14 08:20 09:16 0a:2,08:4f75:4 08:4fd9:4 00:0210:2 00:03ad:2,43:41 63:10 47:9 41:8 53:2 67:2
ffac,HRAM,0,0,93,03:12 04:29 05:9 06:11 07:11 08:9 09:12,03:60b4:2 03:77bf:2 04:410d:2 Bank004_State04:2,
ffad,HRAM,27,101,0,00:1 03:17 04:26 05:6 06:16 07:20 08:18 09:22 0a:2,04:6972:4 04:7617:4 06:6542:4 07:6d44:4,10:5 00:4 fc:2 f0:1
ffae,HRAM,14,92,0,00:1 03:12 04:26 05:6 06:16 07:12 08:15 09:16 0a:2,04:6972:4 04:7617:4 06:6542:4 04:6ac0:2,00:60 10:12 28:1
ffaf,HRAM,1,52,0,00:1 03:5 04:16 05:3 06:9 07:5 08:8 09:6,04:6972:2 04:7617:2 06:6542:2 08:4329:2,54:18 0f:4 50:3 5c:2 08:2 60:1
ffb0,HRAM,5,24,5,00:10 03:8 04:3 05:2 07:2 08:6 09:3,03:6801:5 00:0d18:3 03:67d5:3 08:731c:3,e4:4 00:3 ff:3 f9:2 fe:2 90:1
ffb1,HRAM,1,8,0,00:2 04:5 05:2,05:7dba:2 00:0210:1 00:0d10:1 04:6dd8:1,e4:3
ffb2,HRAM,1,8,0,00:2 04:5 05:2,05:7dba:2 00:0210:1 00:0d10:1 04:6dd8:1,d2:3 c6:2
ffb3,HRAM,22,37,0,03:24 04:11 05:6 07:8 08:4 09:6,03:50ba:2 03:5f4e:2 03:5f77:2 03:72f9:2,95:5 00:4 94:3 90:3 16:1 9c:1
ffb4,HRAM,0,20,0,03:5 04:3 05:2 07:2 08:6 09:2,08:4f75:2 08:4fd9:2 Bank003_State00:1 Bank003_State19:1,07:12 67:1 77:1 97:1
ffb5,HRAM,0,31,7,00:8 03:2 04:8 05:3 06:5 07:3 08:4 09:5,00:0210:1 00:0b43:1 00:0b66:1 00:0b86:1,
ffb6,HRAM,1,7,0,00:1 03:3 07:1 09:3,00:0210:1 03:5fb6:1 03:611a:1 03:769f:1,5b:1 5a:1
ffb7,HRAM,2,3,2,00:5 09:2,00:0b86:2 00:0ca7:2 00:0210:1 09:614a:1,
ffb8,HRAM,3,12,3,00:3 04:3 05:8 07:1 09:3,05:5125:2 09:6d12:2 00:0210:1 00:0b66:1,b8:1 a0:1
ffb9,HRAM,3,1,0,00:4,00:0210:1 00:0b86:1 00:0c3e:1 00:0ca7:1,
ffba,HRAM,3,11,0,00:3 04:3 05:5 07:1 09:2,00:0210:1 00:0b66:1 00:0bf5:1 04:400a:1,e0:1
ffbb,HRAM,3,1,0,00:4,00:0210:1 00:0b86:1 00:0c3e:1 00:0ca7:1,
ffbc,HRAM,2,6,0,00:2 05:3 09:3,00:0210:1 00:0bf5:1 Bank005_State04:1 05:7774:1,
ffbd,HRAM,3,1,0,00:4,00:0210:1 00:0b86:1 00:0c3e:1 00:0ca7:1,
ffbe,HRAM,2,6,0,00:2 05:4 09:2,00:0210:1 00:0bf5:1 Bank005_State04:1 05:4e84:1,30:1 98:1
ffbf,HRAM,3,1,0,00:4,00:0210:1 00:0b86:1 00:0c3e:1 00:0ca7:1,
ffc3,HRAM,3,1,0,00:4,00:0150:1 00:1d9d:1 00:1e69:1 00:1e84:1,
ffc4,HRAM,2,3,0,00:5,00:1e69:2 00:1e84:2 00:0150:1,ff:1 00:1
ffc5,HRAM,1,36,0,00:3 03:5 04:8 05:3 06:5 07:4 08:4 09:5,00:0210:2 00:0150:1 Bank003_State17:1 03:5fb6:1,01:25 02:4 04:1 06:1 05:1 07:1
ffc6,HRAM,1,5,0,00:4 05:1 07:1,00:0150:1 00:0210:1 00:0367:1 00:3031:1,00:2 01:1
ffc7,HRAM,0,0,2,00:2,00:0008:1 00:0210:1,
ffc8,HRAM,110,0,3,00:4 03:6 04:14 05:40 06:18 07:16 08:3 09:12,00:34c6:2 04:5b4d:2 04:630c:2 04:6454:2,
ffc9,HRAM,9,0,1,00:1 06:9,06:5f9e:2 06:64b3:2 06:71cc:2 00:0210:1,
ffca,HRAM,0,1,0,00:1,00:0210:1,01:1
ffcb,HRAM,1,1,0,00:2,00:0781:1 00:07ec:1,
ffcc,HRAM,1,1,0,00:2,00:0781:1 00:07ec:1,
ffcd,HRAM,1,1,0,00:2,00:0781:1 00:07ec:1,
ffce,HRAM,1,1,0,00:2,00:0781:1 00:07ec:1,
ffcf,HRAM,3,2,2,00:6 0a:1,00:0781:5 00:07ec:1 Cam_MainDispatch:1,20:1
ffd0,HRAM,2,4,1,00:6 0a:1,00:0781:2 00:07ec:2 00:0150:1 00:0210:1,01:1 00:1
ffd1,HRAM,1,1,0,00:2,00:080c:1 00:0868:1,
ffd2,HRAM,1,1,0,00:2,00:080c:1 00:0868:1,
ffd3,HRAM,2,2,1,00:5,00:080c:4 00:0868:1,20:1
ffd4,HRAM,2,4,0,00:6,00:080c:2 00:0868:2 00:0150:1 00:0210:1,01:1 00:1
ffd5,HRAM,2,0,4,00:6,00:1f51:3 00:1ea4:2 00:1f1a:1,
ffd6,HRAM,1,0,0,00:1,00:1f1a:1,
ffd7,HRAM,2,0,0,00:2,00:2026:1 00:209c:1,
ffd8,HRAM,2,0,0,00:2,00:2026:1 00:209c:1,
ffd9,HRAM,2,0,0,00:2,00:2026:1 00:209c:1,
ffda,HRAM,1,0,0,00:1,00:1fb2:1,
ffdb,HRAM,1,0,0,00:1,00:1fb2:1,
ffdc,HRAM,1,0,0,00:1,00:1fb2:1,
ffdd,HRAM,1,1,0,00:2,00:1ea4:2,
ffde,HRAM,1,1,0,00:2,00:1ea4:1 00:1f51:1,
ffdf,HRAM,4,1,1,00:6,00:1f1a:2 00:0e67:1 00:1fb2:1 00:2026:1,
ffe0,HRAM,4,1,1,00:6,00:1f1a:2 00:0e67:1 00:1fb2:1 00:2026:1,
ffe1,HRAM,3,1,1,00:5,00:0e67:1 00:1f51:1 00:1fb2:1 00:2026:1,
ffe2,HRAM,3,2,0,00:5,00:1f51:2 00:1fb2:1 00:2026:1 00:209c:1,f0:1
ffe3,HRAM,4,1,0,00:5,00:209c:2 00:1f51:1 00:1fb2:1 00:2026:1,
ffe4,HRAM,4,4,0,00:8,00:209c:4 00:1fb2:2 00:2026:2,
ffe5,HRAM,2,2,0,00:4,00:209c:4,
ffe6,HRAM,0,1,4,00:5,00:209c:2 00:1f51:1 00:1fb2:1 00:2026:1,
ffe7,HRAM,2,1,4,00:7,00:1fb2:2 00:2026:2 00:209c:2 00:1f51:1,
ffe8,HRAM,0,1,1,00:2,00:1f51:1 00:209c:1,
ffe9,HRAM,0,1,2,00:3,00:1f51:1 00:1fb2:1 00:2026:1,
fff0,HRAM,0,0,1,0a:1,Cam_MainDispatch:1,
fff3,HRAM,0,0,1,1f:1,1f:4f98:1,
fffe,HRAM,0,0,4,00:3 1f:1,00:0210:2 00:0150:1 1f:5743:1,
