bank,start,end,span,bytes_read,bytes_read_organic,first_read_modes(D5CE:D5CF x bytes),call_sites_level0(x bytes),call_sites_level1(x bytes)
0B,4000,416E,367,367,32,00:00 x32; 14:00 x4; 14:01 x2,00:1D30 x16; 00:1CEF x16,00:01E4 x32
0B,41E8,4204,29,2,0,14:00 x1; 14:01 x1,,
0B,426A,426A,1,1,0,14:01 x1,,
0B,4298,4299,2,2,0,14:01 x2,,
0B,4359,4374,28,4,0,14:00 x2,,
0B,4395,43B0,28,2,0,14:00 x1,,
0B,4558,4558,1,1,0,14:01 x1,,
0B,4587,4592,12,2,0,14:00 x2,,
0B,45C3,45C3,1,1,0,,,
0B,468A,46A1,24,3,0,14:01 x2; 14:00 x1,06:6E28 x1,06:6D15 x1
0B,4791,479D,13,3,0,14:01 x2; 14:00 x1,,
0B,4997,4997,1,1,0,14:01 x1,,
0B,4AA4,4AA9,6,2,0,14:01 x1; 14:00 x1,,
0B,4B2E,4B4E,33,3,0,14:00 x1; 14:01 x1,05:781F x1,
0B,4B73,4B7E,12,12,0,,,
0B,4BA2,4BA2,1,1,0,,,
0B,4C02,4C29,40,15,0,14:01 x2,,
0B,4C70,4C72,3,3,0,14:00 x2; 14:01 x1,,
0B,4CFA,4CFA,1,1,0,14:00 x1,,
0B,4E2D,4E2D,1,1,0,,,
0B,4E5C,4E67,12,12,0,14:00 x1,,
0B,4EEB,643D,5459,5304,0,14:00 x12,06:6E28 x1,06:6D15 x1
0B,649D,649F,3,2,0,,,
0B,64D4,64E1,14,13,0,,,
0B,655C,6567,12,12,0,,,
0B,65B6,65C3,14,13,0,,,
0B,65F6,66B1,188,100,0,,,
0B,66DE,6730,83,40,0,,,
0B,6754,6779,38,14,0,,,
0B,679B,67DA,64,17,0,,,
0B,688D,68E8,92,41,0,,,
0B,691D,693E,34,4,0,,,
0B,6973,697E,12,12,0,,,
0B,699F,6A3A,156,75,0,,,
0B,6A68,6A74,13,13,0,,,
0B,6AA1,6B22,130,76,0,,,
0B,6B44,6BA1,94,66,0,,,
0B,6BDD,6C13,55,43,0,,,
0B,6C4F,6C6A,28,25,0,,,
0B,6C90,6EDF,592,372,0,,,
0B,6F0D,6F1B,15,13,0,,,
0B,6F46,6F8B,70,70,0,,,
0B,6FB9,6FC7,15,15,0,,,
0B,7002,707F,126,80,0,,,
0B,70A1,7201,353,244,0,,,
0B,7222,7263,66,49,0,,,
0B,7294,72AD,26,26,0,,,
0B,72DB,7FFF,3365,3073,0,,,
0C,4000,7FFF,16384,16384,13456,12:00 x7012; 09:00 x1812; 12:1D x1536; 12:14 x1062,03:4075 x6289; 04:689C x830; 03:4EEC x821,00:2F2D x11838; 03:4441 x512
0D,4000,7FFF,16384,16375,13952,16:00 x6604; 16:03 x2049; 16:02 x1978; 0F:05 x1842,06:4B35 x4012; 06:4B13 x2725; 06:4520 x2260,00:2F2D x7199; 06:4687 x2049
0E,4000,7FFF,16384,16384,13184,1F:04 x2688; 20:02 x2688; 0E:03 x1252; 1F:06 x896,00:0333 x3247; 04:448F x3219; 05:61E5 x896,05:43C1 x2688; 05:77D4 x2688
0F,4000,7FFF,16384,16384,12800,08:00 x6144; 21:02 x2688; 1F:04 x2688; 08:01 x1792,09:48F7 x2048; 09:4905 x2048; 09:4913 x2048,00:2F2D x6144; 09:61BA x2688
10,4000,7FFF,16384,16331,8960,1F:00 x7128; 21:02 x1792; 07:04 x1186; 1F:09 x1003,05:4069 x6959; 09:71B3 x896; 09:71CA x896,00:2F2D x6959; 09:61BA x1792
11,4000,7FFF,16384,16384,10240,00:02 x5073; 00:01 x4821; 18:00 x4104; 00:00 x981,07:7C7C x2572; 07:7981 x2302; 06:59D2 x2052,07:7260 x4356; 00:2F2D x4103
12,4000,7FFF,16384,16384,16256,21:00 x6203; 06:00 x6199; 03:00 x3968; 0E:00 x10,09:604C x2076; 09:605A x2074; 03:76DD x2071,00:2F2D x16353; 03:773E x9
13,4000,7FFF,16384,16384,16128,02:00 x6173; 11:01 x4359; 08:12 x4096; 1A:01 x339,04:403B x4343; 07:51FB x2076; 07:51DF x2049,00:2F2D x10269; 04:572F x4103
14,4130,414D,30,4,0,14:00 x1; 14:01 x1,,
14,41C9,41C9,1,1,0,14:00 x1,,
14,4267,4267,1,1,0,14:01 x1,,
14,42C5,42C9,5,5,0,,,
14,4384,4384,1,1,0,14:01 x1,,
14,43E4,44C2,223,219,0,14:00 x2; 14:01 x1,,
14,4554,7FFF,15020,15020,14168,0D:00 x6240; 12:09 x3584; 10:05 x1072; 10:03 x1072,00:0333 x5212; 07:6B56 x2096; 07:6B64 x2089,00:2F2D x7072; 02:5117 x1094
15,4000,7FFF,16384,16384,15360,04:00 x6240; 0E:0A x4096; 00:00 x3906; 00:03 x532,03:7AF3 x2084; 03:7AE5 x2079; 03:7AD7 x2062,00:2F2D x12743; 07:71F1 x1688
16,4000,7FFF,16384,16384,14336,0B:00 x6089; 00:02 x3915; 00:00 x2826; 00:01 x2538,07:7C7C x2688; 03:791A x2250; 03:7928 x2230,00:2F2D x6715; 07:73FC x2684
17,4000,7FFF,16384,16369,11312,13:00 x4532; 14:00 x3010; 14:01 x1420; 08:15 x1280,03:5FE3 x2104; 03:5FD5 x2066; 00:0333 x1401,00:2F2D x7930; 06:6D15 x1191
18,4000,7FFF,16384,16384,16048,05:00 x5362; 1B:00 x4355; 1E:00 x4165; 1C:02 x1558,08:4039 x2201; 08:402B x2154; 08:48D3 x2097,00:2F2D x15981; 08:44BC x384
19,4000,7FFF,16384,16368,9704,0E:00 x7414; 08:13 x3168; 02:01 x890; 0E:01 x18,07:4089 x2500; 07:407B x2467; 07:406D x2335,00:2F2D x10470; 07:5238 x890
1A,4000,7FFF,16384,16327,15200,20:00 x4942; 08:03 x4448; 1F:04 x3472; 0A:03 x1792,05:4398 x3456; 05:752F x2219; 05:7521 x2174,00:2F2D x13382; 00:1B3C x834
1B,4000,7FFF,16384,16345,12176,20:09 x4442; 0A:0E x4144; 21:02 x3599; 21:06 x320,05:7984 x4442; 09:6191 x2140; 09:42CC x2048,00:2F2D x8212; 09:7178 x160
1C,4000,511F,4384,4384,4384,01:03 x4096; 1A:02 x288,00:0333 x2970; 04:740F x1126; 03:6A8D x288,04:709D x1210; 00:2F2D x288
1C,51A0,7FFF,11872,11851,11486,1F:08 x3840; 0E:00 x3408; 1A:04 x784; 0F:05 x704,07:4B7D x1878; 05:45BD x1536; 07:4B8B x1530,00:2F2D x7138; 07:48C2 x3679
1D,4000,7FFF,16384,16384,14656,01:00 x4555; 01:0A x3584; 20:02 x3480; 1F:08 x1280,00:0333 x3733; 05:77AB x3480; 09:72CD x2048,00:2F2D x7190; 04:6FCD x1330
1E,4000,7FFF,16384,16373,14944,0D:0A x7204; 01:0A x3584; 17:00 x2422; 11:07 x1264,09:72CD x6189; 09:72E2 x3893; 06:4CFA x1468,00:34AC x10752; 00:2F2D x2405
1F,4000,4400,1025,911,662,1A:05 x87; 19:03 x64; 1F:05 x54; 19:01 x54,00:0333 x825; 00:1024 x25; 09:71EB x25,05:4425 x40; 09:61BA x30
1F,4427,4430,10,10,10,07:02 x10,00:0333 x10,
1F,4452,4463,18,10,10,07:02 x5; 0B:02 x5,00:0333 x10,
1F,448F,4498,10,10,10,17:00 x10,00:0333 x10,
1F,44C0,44C9,10,10,10,00:08 x5; 01:00 x5,00:0333 x10,
1F,44EE,4553,102,35,35,07:02 x11; 1A:05 x7; 08:08 x6; 14:01 x5,00:0333 x30; 00:179D x5,00:0333 x5
1F,4575,4582,14,14,14,1A:05 x9; 08:08 x5,00:0333 x14,
1F,45B7,45C0,10,10,10,06:02 x5; 0E:00 x5,00:0333 x10,
1F,45E8,45F6,15,15,15,00:02 x15,00:0333 x15,
1F,4627,463D,23,21,18,00:02 x18; 18:01 x1,00:0333 x19,
1F,4670,4744,213,136,131,14:01 x60; 14:02 x36; 05:01 x10; 08:07 x5,00:0333 x133,00:01AF x84; 00:0333 x6
1F,477B,477F,5,5,5,1A:05 x5,00:0333 x5,
1F,47AA,47B3,10,10,10,14:01 x5; 14:04 x5,00:0333 x10,
1F,47D9,47EB,19,19,12,00:04 x12; 0C:03 x1; 07:02 x1; 0E:01 x1,00:0333 x15,
1F,481A,481E,5,5,5,1A:05 x5,00:0333 x5,
1F,483F,4843,5,5,5,1A:05 x5,00:0333 x5,
1F,4864,48AD,74,25,20,1A:05 x5; 07:02 x5; 00:04 x5; 1F:05 x5,00:0333 x23,
1F,48DF,490D,47,23,2,1D:0A x11; 1F:05 x8; 07:02 x2; 0C:03 x1,00:0333 x23,
1F,4954,496A,23,15,5,1A:05 x5; 1F:05 x5; 01:01 x1; 18:01 x1,00:0333 x12,
1F,498E,49B5,40,40,0,1F:09 x34; 1B:01 x3; 1F:04 x2; 1F:05 x1,00:0333 x40,
1F,49F3,4A41,79,79,0,1F:09 x79,00:0333 x79,
1F,4A69,4A6D,5,5,0,1F:09 x5,00:0333 x5,
1F,4A90,4A94,5,5,0,18:01 x1,00:0333 x1,
1F,4AB8,4B63,172,79,79,21:06 x16; 08:01 x15; 09:06 x15; 01:02 x13,00:0333 x79,00:0570 x1; 00:011D x1
1F,4B92,4BCD,60,35,35,12:1E x15; 07:04 x9; 07:02 x7; 21:00 x3,00:0333 x35,00:01AF x3
1F,4BF7,4C08,18,18,18,08:02 x8; 12:14 x6; 08:12 x2; 12:15 x2,00:0333 x18,00:011D x1
1F,4C2A,4C3A,17,17,17,0A:01 x17,00:0333 x17,
1F,4C5C,4C60,5,5,5,00:02 x5,00:0333 x5,
1F,4CB1,4CDE,46,46,32,1A:05 x12; 00:02 x11; 00:04 x10; 07:02 x1,00:0333 x36,
1F,4D07,4D27,33,33,17,0F:09 x17; 00:00 x4; 1F:00 x1; 18:01 x1,00:0333 x27,
1F,4D72,4D85,20,12,12,11:04 x8; 1A:05 x4,00:0333 x12,
1F,4DA8,4E20,121,82,82,1A:06 x33; 1A:05 x24; 07:04 x20; 07:02 x5,00:0333 x82,
1F,4E41,4E6D,45,16,8,0E:01 x8; 00:04 x6; 18:01 x1; 0C:01 x1,00:0333 x16,
1F,4E8F,4E96,8,8,8,00:04 x8,00:0333 x8,
1F,4EB8,4F2B,116,33,24,07:02 x9; 14:06 x6; 14:02 x5; 1A:05 x4,00:0333 x28,
1F,4F4D,4F71,37,14,8,1A:05 x8; 0F:02 x5; 0E:03 x1,00:0333 x14,
1F,4FC2,4FF4,51,20,20,1A:0A x20,00:0333 x20,
1F,5027,502B,5,5,5,00:02 x5,00:0333 x5,
1F,5054,5058,5,5,0,0E:01 x3; 0C:03 x1; 00:02 x1,00:0333 x5,
1F,508B,508F,5,5,0,0E:01 x5,00:0333 x5,
1F,50B9,50BD,5,5,5,00:01 x5,00:0333 x5,
1F,50E5,50E9,5,5,5,14:06 x5,00:0333 x5,
1F,5110,5114,5,5,5,14:06 x5,00:0333 x5,
1F,51AA,5209,96,96,80,1A:0A x32; 14:06 x16; 00:00 x16; 19:01 x16,00:0333 x96,
1F,5771,7FFF,10383,10374,9985,1A:05 x912; 13:01 x843; 08:15 x641; 20:04 x520,00:0333 x10368; 00:179D x1,00:011D x36; 03:5B77 x11
20,4000,7FFF,16384,16384,16288,08:14 x3584; 08:0C x3328; 15:01 x2816; 1D:01 x2816,09:4F2E x2048; 09:4C09 x2048; 00:3078 x2048,00:2F2D x15008; 09:4B94 x366
21,4000,7FFF,16384,16384,13984,01:06 x4115; 07:00 x3158; 19:00 x3092; 0A:0E x1808,00:0333 x3854; 07:553B x2090; 08:7285 x1556,00:2F2D x5546; 04:7144 x1181
22,4000,7FFF,16384,16384,16124,08:15 x6752; 20:02 x2081; 08:12 x1136; 08:17 x1136,09:5030 x4546; 00:0333 x2512; 09:4D39 x1136,00:2F2D x13640
23,4000,7FFF,16384,16384,13532,08:15 x2176; 0E:01 x1877; 06:00 x1028; 20:09 x1024,09:5030 x1672; 00:0333 x1208; 03:76F9 x1028,00:2F2D x10509; 07:4135 x1612
24,4000,7FFF,16384,16384,15576,14:01 x1426; 08:15 x1152; 0E:0A x832; 10:04 x768,00:0333 x904; 04:6789 x768; 0A:6B98 x768,00:2F2D x7318; 06:60D2 x1418
25,4000,4AAB,2732,2703,2688,08:15 x1152; 08:14 x832; 14:00 x704,09:4F20 x832; 09:5030 x830; 06:5F15 x704,00:2F2D x2366
25,4AE5,4B00,28,20,0,,,
25,4B36,4B36,1,1,0,,,
25,4B57,4D0F,441,192,0,14:01 x2; 14:00 x2,,
25,4D37,7FFF,13001,12883,11456,00:00 x1824; 11:02 x714; 1D:01 x661; 1B:00 x641,06:4B54 x1226; 04:57B4 x714; 00:3094 x661,00:2F2D x6948; 06:4645 x1802
26,4000,44FF,1280,1280,1280,08:15 x1280,09:5030 x836; 00:0333 x444,00:2F2D x836
26,456A,456A,1,1,0,14:00 x1,,
26,465B,4667,13,12,0,14:01 x1,,
26,46BB,46C2,8,8,0,,,
26,4728,4772,75,19,0,14:01 x1,,
26,479F,479F,1,1,0,,,
26,4843,7FFF,14269,14224,12136,08:17 x1728; 0E:00 x1112; 1A:03 x1024; 00:00 x879,00:0333 x1539; 09:5179 x1494; 07:7890 x879,00:2F2D x6337; 09:5134 x1494
27,4000,4BE0,3041,2803,2578,08:17 x1136; 0A:03 x704; 04:00 x576; 10:03 x96,09:512A x794; 04:7C3E x704; 03:7B01 x576,00:2F2D x1436; 04:75FD x704
27,4C03,7FFF,13309,13248,11200,02:01 x2703; 10:01 x2137; 00:02 x1825; 11:03 x1214,07:53A2 x2703; 07:7CEB x1964; 04:5969 x1196,00:2F2D x2796; 07:5238 x2703
28,4000,51B0,4529,4491,3200,13:07 x1277; 1D:0A x640; 01:0A x640; 0D:0A x640,09:739A x3200,09:7301 x3200
28,5227,5265,63,38,0,,,
28,52CA,52CE,5,5,0,,,
28,5311,5315,5,5,0,,,
28,534D,5351,5,5,0,,,
28,5396,62FF,3946,3878,3840,0E:13 x2560; 01:0A x1280,09:739A x3840,09:7301 x3840
28,6336,6362,45,18,0,,,
28,6391,63E7,87,30,0,,,
28,641F,6448,42,19,0,,,
28,6479,64ED,117,42,0,,,
28,65A3,65A7,5,5,0,,,
28,65F2,664D,92,41,0,,,
28,66A7,66D9,51,26,0,,,
28,66FE,6757,90,45,0,,,
28,677D,678D,17,14,0,,,
28,67D2,67D6,5,5,0,,,
28,6800,6844,69,19,0,,,
28,6868,690E,167,80,0,,,
28,6951,6966,22,14,0,,,
28,69B4,6A17,100,42,0,,,
28,6A56,6A75,32,15,0,,,
28,6AB0,6BDF,304,105,0,,,
28,6C03,6C23,33,10,0,,,
28,6C61,6C8E,46,31,0,,,
28,6CB7,6CFE,72,45,0,,,
28,6D29,6DCB,163,68,0,,,
28,6DFA,6F4E,341,142,0,0D:0A x9,09:739A x9,09:7301 x9
28,6F8A,6FA3,26,17,0,,,
28,6FD8,7FFF,4136,4105,4096,08:15 x4096,00:0333 x2850; 09:5070 x824; 09:507E x422,00:2F2D x1294; 09:7301 x35
29,4000,5D3F,7488,7488,7488,08:15 x7488,09:403E x7488,09:4FDC x7488
29,6000,61BC,445,445,89,1F:03 x445,05:6292 x445,05:4273 x356; 05:427D x89
29,61DD,61DE,2,2,0,,,
29,62B1,62B1,1,1,0,,,
29,65B7,65B7,1,1,0,,,
29,6629,662A,2,2,0,,,
29,66E2,66F1,16,2,0,,,
29,6756,6756,1,1,0,,,
29,6867,6867,1,1,0,,,
29,68A9,68B4,12,12,0,,,
29,68E7,68E7,1,1,0,,,
29,69BF,69BF,1,1,0,,,
29,6AA9,6AA9,1,1,0,,,
29,6B95,6BA4,16,14,0,,,
29,6C25,6C25,1,1,0,,,
29,6CC4,6CC4,1,1,0,,,
29,6D31,6D3C,12,12,0,,,
29,6D9C,6D9C,1,1,0,,,
29,6DCF,6DDA,12,12,0,,,
29,6E08,6E13,12,12,0,,,
29,6E41,6E4C,12,12,0,,,
29,6E7B,6E90,22,22,0,,,
29,6EB4,6EBF,12,12,0,,,
29,6F5A,6F65,12,12,0,,,
29,703C,703C,1,1,0,,,
29,71B1,71B1,1,1,0,,,
29,72DE,72DE,1,1,0,,,
29,73BD,73E3,39,16,0,,,
29,7422,7422,1,1,0,,,
29,748D,74BF,51,19,0,,,
29,7539,7539,1,1,0,,,
29,75E7,75ED,7,3,0,,,
29,7629,7629,1,1,0,,,
29,768E,76A2,21,5,0,,,
29,771B,7774,90,20,0,,,
29,77B8,77C4,13,13,0,,,
29,77F4,77FE,11,4,0,,,
29,787E,787E,1,1,0,,,
29,78A2,78C3,34,5,0,,,
29,7940,798E,79,20,0,,,
29,79FA,7A02,9,4,0,,,
29,7A52,7A52,1,1,0,,,
29,7AA3,7AAE,12,6,0,,,
29,7AD2,7B6F,158,48,0,,,
29,7B9C,7BCF,52,14,0,,,
29,7BFD,7C5E,98,24,0,,,
29,7C95,7CC5,49,11,0,,,
29,7D35,7DB4,128,13,0,1F:03 x1,05:6292 x1,05:4273 x1
29,7DE4,7FFF,540,504,0,,,
2A,4000,527F,4736,4705,4256,08:06 x1952; 08:07 x1600; 0A:0E x896,09:5445 x2402; 09:487F x896; 00:0333 x830,09:4B77 x1446; 09:5C57 x916
2A,52C0,537F,192,192,0,08:07 x192,09:4818 x192,09:5F47 x192
2A,53C0,53DF,32,32,0,08:07 x32,09:4818 x32,09:5F47 x32
2A,5400,5DBD,2494,2494,2112,08:07 x2080; 08:06 x32,09:5445 x1898; 00:0333 x214,09:5C6C x1578; 09:5C57 x288
2A,5EA0,5EBF,32,32,0,,,
2A,5F13,5F4D,59,54,0,,,
2A,5F76,7088,4371,4298,4032,11:03 x2924; 08:03 x704; 09:0C x192; 08:06 x144,04:58DE x2924; 09:4818 x984; 09:5445 x104,09:54CC x736; 09:47C6 x256
2A,70C0,70D0,17,2,0,,,
2A,7115,718B,119,71,0,08:06 x47; 08:07 x1,09:5445 x33; 00:0333 x8; 09:4818 x7,09:4B77 x33; 09:54E5 x6
2A,71D4,72E0,269,100,0,08:06 x53; 08:07 x3,09:5445 x34; 09:4818 x12; 00:0333 x10,09:4B77 x34; 09:54E5 x9
2A,732B,73DA,176,64,0,08:07 x1,09:4818 x1,09:5F47 x1
2A,7406,7431,44,6,0,08:07 x1,09:4818 x1,09:5F47 x1
2A,7459,74B2,90,58,0,08:06 x52,09:5445 x34; 00:0333 x10; 09:4818 x8,09:4B77 x34; 09:54E5 x8
2A,74ED,74ED,1,1,0,,,
2A,7520,7628,265,175,0,08:06 x50; 08:07 x1,09:5445 x34; 00:0333 x10; 09:4818 x7,09:4B77 x34; 09:54E5 x6
2A,765F,76C4,102,72,0,08:06 x50,09:5445 x34; 00:0333 x10; 09:4818 x6,09:4B77 x34; 09:54E5 x6
2A,76F2,7FFF,2318,1365,64,08:06 x543; 0A:0E x32; 08:03 x32; 08:07 x15,09:5445 x361; 09:4818 x153; 00:0333 x108,09:4B77 x361; 09:54E5 x74
2B,4000,7FFF,16384,16384,6960,11:03 x6938; 14:00 x12; 14:01 x10,04:5910 x3694; 04:5A9D x2160; 00:0333 x626,04:5C27 x3584; 04:5A4D x2160
2C,4000,7FFF,16384,16384,16064,11:03 x15265; 11:04 x687; 11:02 x130,04:58DE x7972; 04:58F7 x3997; 04:5902 x3529,04:5C27 x6721; 04:59EA x498
2D,4000,6D04,11525,11521,11520,11:03 x11520,04:58DE x11264; 00:0333 x256,
2D,6E81,6E81,1,1,0,,,
2D,6F17,6F17,1,1,0,,,
2D,6FD4,7FFF,4140,4059,4032,11:03 x3967; 11:02 x65,04:5A9D x4032,04:5A4D x4032
2E,4000,7FFF,16384,16384,15520,11:03 x9760; 0B:17 x6624,04:58DE x7222; 00:0333 x6200; 04:5A9D x2400,04:5A4D x4000; 04:427D x320
2F,4000,567F,5760,5760,5760,11:03 x5758; 14:01 x1; 14:00 x1,04:5A9D x5760,04:5A4D x5760
2F,5800,683F,4160,4160,4160,11:03 x4160,04:58DE x4160,04:633D x320
2F,68BA,68BB,2,2,0,,,
2F,6B0F,6B0F,1,1,0,,,
2F,6C3C,6C3C,1,1,0,,,
2F,6CB1,6CC8,24,2,0,,,
2F,6CF0,6CF0,1,1,0,,,
2F,7000,74FF,1280,1280,1280,11:03 x1280,04:58DE x1280,04:6FFD x320
2F,7524,7536,19,5,0,,,
2F,75D9,75E6,14,6,0,,,
2F,768A,76A8,31,8,0,,,
2F,773E,7748,11,5,0,,,
2F,77EC,7815,42,5,0,,,
2F,7839,7839,1,1,0,,,
2F,788D,789D,17,3,0,,,
2F,7939,7970,56,11,0,,,
2F,79B2,79B2,1,1,0,,,
2F,79F2,7A1A,41,7,0,,,
2F,7A90,7AA6,23,8,0,,,
2F,7B06,7B06,1,1,0,,,
2F,7B3C,7B73,56,13,0,,,
2F,7BE8,7C14,45,17,0,,,
2F,7C93,7CBB,41,24,0,,,
2F,7D3F,7D63,37,12,0,,,
2F,7DB0,7DBC,13,2,0,,,
2F,7DEB,7E1C,50,18,0,,,
2F,7E43,7E58,22,2,0,,,
2F,7E91,7ED9,73,26,0,,,
2F,7F00,7F00,1,1,0,,,
2F,7F41,7FFF,191,57,0,,,
30,4000,7FFF,16384,16384,8224,11:03 x7871; 14:01 x37; 14:00 x34,04:58DE x6080; 04:5A9D x1824,04:5A4D x1824; 04:427D x320
31,4000,6CD5,11478,11478,8960,1C:0D x8960,00:0333 x5202; 08:5400 x3758,08:53D7 x1318; 08:5459 x1044
31,7000,7FFF,4096,4096,4096,1C:0D x4096,00:0333 x2730; 08:5400 x1366,08:53D7 x500; 08:53E0 x448
32,4000,417F,384,384,384,1C:0D x384,08:5400 x384,08:53FB x384
32,41E0,41E0,1,1,0,14:00 x1,,
32,4286,4287,2,2,0,14:01 x2,,
32,456D,456D,1,1,0,14:00 x1,,
32,45B2,45B2,1,1,0,,,
32,4678,4678,1,1,0,,,
32,4800,717F,10624,10624,8960,1C:0D x8960,00:0333 x5412; 08:5400 x3548,08:53D7 x1000; 08:53E0 x896
32,7275,7275,1,1,0,,,
32,73CD,73CD,1,1,0,,,
32,748A,748A,1,1,0,,,
32,7502,752A,41,7,0,,,
32,768A,769C,19,2,0,,,
32,77B7,77B7,1,1,0,,,
32,77E3,7FFF,2077,2050,2048,1C:0D x2048,00:0333 x1100; 08:5400 x948,08:53D7 x500; 08:53E0 x448
33,4000,497F,2432,2432,2432,1C:0D x2432,00:0333 x1594; 08:5400 x838,08:53FB x384; 08:53F2 x350
33,49B3,49B3,1,1,0,,,
33,4A32,4A32,1,1,0,14:01 x1,,
33,4AA2,4AA2,1,1,0,14:00 x1,05:41C5 x1,
33,4BC7,4BCF,9,6,0,14:00 x5,,
33,4C5D,4C68,12,2,0,14:00 x2,,
33,4C93,4C93,1,1,0,14:00 x1,,
33,4E5B,4E8A,48,5,0,14:01 x1,,
33,4EF1,4EF1,1,1,0,14:00 x1,,
33,4F82,4F94,19,2,0,14:00 x1,,
33,4FCA,617F,4534,4534,4480,1C:0D x4480,00:0333 x2694; 08:5400 x1786,08:53D7 x500; 08:53E0 x448
33,6568,6568,1,1,0,,,
33,6800,797F,4480,4480,4480,1C:0D x4480,00:0333 x2694; 08:5400 x1786,08:53D7 x500; 08:53E0 x448
33,79BC,79BC,1,1,0,,,
33,79ED,7A25,57,16,0,,,
33,7A98,7AC4,45,21,0,,,
33,7B26,7B82,93,22,0,,,
33,7BE9,7C56,110,33,0,,,
33,7C94,7CD6,67,31,0,,,
33,7CFE,7D0E,17,5,0,,,
33,7D40,7D74,53,27,0,,,
33,7DA6,7DBA,21,4,0,,,
33,7DEC,7E23,56,30,0,,,
33,7E48,7E60,25,4,0,,,
33,7E98,7F15,126,50,0,,,
33,7F43,7FC3,129,51,0,,,
33,7FE7,7FFF,25,14,0,,,
34,4000,7FFF,16384,16356,15048,12:21 x5016; 09:09 x5016; 0F:05 x3344; 0A:02 x1797,08:5055 x4767; 00:0333 x4712; 08:509D x2496,08:4FDA x3568; 08:4F9E x2732
35,4000,7AD5,15062,15062,15048,1C:0A x5016; 0A:02 x3344; 12:21 x3344; 0A:0B x1672,00:0333 x5430; 08:509D x4938; 08:5055 x3072,08:4248 x5632; 08:4F9E x5496
35,7AFA,7B7E,133,119,0,,,
35,7BC5,7D16,338,325,0,1C:02 x23,08:5055 x21; 08:5079 x2,08:4248 x23
35,7D41,7DB3,115,105,0,,,
35,7DE8,7E1F,56,56,0,,,
35,7E46,7FFF,442,373,0,,,
36,4000,7FFF,16384,16384,15880,1D:03 x7168; 09:00 x4024; 12:01 x3140; 12:02 x736,00:31B4 x7024; 00:0333 x4220; 02:4CC1 x4024,00:021D x7232; 00:314B x7024
37,4000,4FB7,4024,4024,4024,09:01 x3768; 18:01 x224; 1C:01 x32,00:0333 x2642; 02:4CFF x1126; 06:5CFF x200,00:021D x2458; 02:5117 x1126
37,5000,6FD8,8153,8141,8048,09:00 x3768; 09:01 x3768; 18:01 x448; 1C:01 x64,02:4CFF x4835; 00:0333 x2679; 06:5CFF x400,00:021D x6263; 02:5117 x1121
37,7000,7FFF,4096,4058,4024,1C:02 x3768; 18:01 x224; 1C:01 x32,02:4CFF x3768; 06:5CFF x200; 04:4469 x32,02:5117 x3768; 06:5B52 x224
38,4000,7FFF,16384,16384,16096,1D:03 x14336; 18:01 x896; 09:01 x800; 1C:01 x64,00:31B4 x13960; 00:0333 x1208; 06:5CFF x800,00:314B x14044; 00:021D x1026
39,4000,7FFF,16384,16384,16096,1D:03 x10752; 09:01 x4448; 18:01 x896; 00:00 x116,00:31B4 x10498; 00:0333 x3577; 02:4CFF x1125,00:314B x12971; 02:5117 x1125
3A,4000,5FB7,8120,8120,8048,1D:03 x7168; 18:01 x452; 09:01 x428,00:31B4 x7010; 00:0333 x586; 06:5CFF x404,00:314B x7058; 06:5B52 x452
3A,6000,6FB7,4024,4024,4024,09:01 x3800; 18:01 x224,00:0333 x2707; 02:4CFF x1093; 06:5CFF x200,00:314B x2407; 02:5117 x1093
3A,7000,7FB7,4024,4024,4024,1D:03 x3584; 18:01 x224; 0A:02 x184; 0A:01 x32,00:31B4 x3497; 06:5CFF x200; 02:4CFF x184,00:314B x3497; 00:021D x262
3A,7FE4,7FFF,28,8,0,,,
3B,4000,7FFF,16384,16216,16096,00:00 x6463; 1D:03 x6452; 0A:02 x2577; 18:01 x626,00:31B4 x10518; 02:4CFF x4319; 06:5CFF x800,00:314B x10518; 00:021D x4545
3C,4000,4FB7,4024,4024,4024,0A:02 x3500; 18:02 x224; 18:01 x220; 14:00 x33,02:4CFF x3544; 06:5CFF x400; 04:4469 x32,00:021D x3544; 06:5BBB x224
3C,5000,7FFF,12288,12285,12072,12:01 x7168; 0A:02 x3952; 18:01 x224; 12:02 x224,00:0333 x7120; 02:4CFF x3952; 03:5BF4 x328,00:021D x10988; 06:5B52 x280
3D,4000,7FFF,16384,16235,16096,00:00 x4851; 0A:02 x4741; 12:01 x3584; 1D:03 x2151,02:4CFF x7904; 00:0333 x3548; 00:31B4 x3496,00:021D x11265; 00:314B x3496
3E,4000,7FFF,16384,16384,16008,19:01 x11031; 19:03 x5231; 19:02 x119; 0F:05 x3,00:0333 x12552; 08:74CD x2842; 08:74D7 x987,08:7494 x3829
3F,4000,7FFF,16384,16384,15024,19:03 x11595; 19:01 x2509; 0C:02 x1072; 19:00 x1058,00:0333 x9466; 08:74CD x2639; 08:737C x1075,00:2F2D x3711; 08:7494 x3207
