bank,start,length,class
00,0000,4,F
00,0004,4,r
00,0008,31,C
00,0027,17,r
00,0038,8,R
00,0040,3,C
00,0043,5,R
00,0048,3,C
00,004B,5,R
00,0050,3,C
00,0053,5,R
00,0058,3,C
00,005B,5,R
00,0060,3,F
00,0063,157,R
00,0100,4,C
00,0104,76,R
00,0150,13,C
00,015D,4,F
00,0161,502,C
00,0357,16,T
00,0367,1,N
00,0368,29,C
00,0385,4,R
00,0389,1,F
00,038A,74,C
00,03D4,14,N
00,03E2,14,C
00,03F0,10,F
00,03FA,159,C
00,0499,4,F
00,049D,24,C
00,04B5,1,F
00,04B6,22,C
00,04CC,1,F
00,04CD,57,C
00,0506,4,F
00,050A,37,C
00,052F,1,F
00,0530,22,C
00,0546,1,F
00,0547,56,C
00,057F,7,N
00,0586,90,C
00,05E0,24,N
00,05F8,167,C
00,069F,43,N
00,06CA,44,F
00,06F6,9,N
00,06FF,82,C
00,0751,7,F
00,0758,25,N
00,0771,2,F
00,0773,121,N
00,07EC,4,C
00,07F0,28,F
00,080C,4,C
00,0810,15,N
00,081F,24,C
00,0837,4,F
00,083B,38,C
00,0861,7,N
00,0868,271,C
00,0977,54,R
00,09AD,65,C
00,09EE,32,R
00,0A0E,157,C
00,0AAB,14,F
00,0AB9,81,C
00,0B0A,45,F
00,0B37,79,C
00,0B86,81,F
00,0BD7,815,C
00,0F06,16,R
00,0F16,181,C
00,0FCB,64,R
00,100B,46,C
00,1039,24,F
00,1051,12,C
00,105D,35,F
00,1080,12,C
00,108C,20,F
00,10A0,12,C
00,10AC,36,N
00,10D0,48,r
00,1100,21,C
00,1115,3,F
00,1118,31,C
00,1137,1,N
00,1138,41,C
00,1161,8,F
00,1169,35,C
00,118C,76,F
00,11D8,3,r
00,11DB,21,C
00,11F0,3,F
00,11F3,42,C
00,121D,8,F
00,1225,35,C
00,1248,76,F
00,1294,3,r
00,1297,22,C
00,12AD,3,F
00,12B0,22,C
00,12C6,1,F
00,12C7,76,C
00,1313,61,F
00,1350,3,r
00,1353,151,C
00,13EA,1,F
00,13EB,6,C
00,13F1,2,R
00,13F3,4,r
00,13F7,32,R
00,1417,32,r
00,1437,102,C
00,149D,13,F
00,14AA,40,C
00,14D2,14,F
00,14E0,6,C
00,14E6,7,F
00,14ED,44,C
00,1519,13,F
00,1526,40,C
00,154E,14,F
00,155C,6,C
00,1562,7,F
00,1569,124,C
00,15E5,8,R
00,15ED,40,C
00,1615,83,F
00,1668,70,C
00,16AE,8,N
00,16B6,10,C
00,16C0,1,R
00,16C1,3,r
00,16C4,19,C
00,16D7,4,N
00,16DB,560,C
00,190B,3,N
00,190E,1,C
00,190F,5,N
00,1914,128,C
00,1994,12,F
00,19A0,2,C
00,19A2,5,N
00,19A7,52,C
00,19DB,4,F
00,19DF,69,C
00,1A24,36,F
00,1A48,51,C
00,1A7B,87,N
00,1AD2,25,C
00,1AEB,51,N
00,1B1E,7,C
00,1B25,11,N
00,1B30,6,C
00,1B36,4,N
00,1B3A,55,C
00,1B71,22,R
00,1B87,8,r
00,1B8F,8,R
00,1B97,152,C
00,1C2F,13,N
00,1C3C,26,C
00,1C56,1,N
00,1C57,123,C
00,1CD2,5,N
00,1CD7,97,C
00,1D38,101,N
00,1D9D,4,C
00,1DA1,227,N
00,1E84,4,C
00,1E88,10,F
00,1E92,18,N
00,1EA4,58,C
00,1EDE,16,r
00,1EEE,175,C
00,1F9D,5,F
00,1FA2,16,R
00,1FB2,446,C
00,2170,756,R
00,2464,141,C
00,24F1,15,N
00,2500,10,F
00,250A,25,C
00,2523,48,N
00,2553,60,C
00,258F,15,N
00,259E,115,C
00,2611,6,N
00,2617,850,C
00,2969,1,N
00,296A,167,C
00,2A11,18,R
00,2A23,253,C
00,2B20,5,N
00,2B25,861,C
00,2E82,6,N
00,2E88,10,r
00,2E92,173,C
00,2F3F,102,T
00,2FA5,32,R
00,2FC5,32,r
00,2FE5,36,R
00,3009,12,r
00,3015,4,C
00,3019,24,T
00,3031,200,C
00,30F9,1,R
00,30FA,1,r
00,30FB,2,R
00,30FD,1,r
00,30FE,2,R
00,3100,6,r
00,3106,2,R
00,3108,6,r
00,310E,2,R
00,3110,8,r
00,3118,237,C
00,3205,4,F
00,3209,223,C
00,32E8,2,R
00,32EA,2,r
00,32EC,4,R
00,32F0,2,r
00,32F2,88,C
00,334A,12,F
00,3356,38,C
00,337C,147,F
00,340F,19,C
00,3422,4,F
00,3426,4,C
00,342A,4,F
00,342E,11,C
00,3439,2,F
00,343B,72,C
00,3483,10,R
00,348D,38,C
00,34B3,19,F
00,34C6,49,C
00,34F7,30,R
00,3515,56,C
00,354D,31,F
00,356C,388,r
00,36F0,2320,R
01,4000,8,r
01,4008,2,R
01,400A,2,r
01,400C,2,R
01,400E,2,r
01,4010,24,R
01,4028,20,r
01,403C,6,R
01,4042,2,r
01,4044,10,R
01,404E,4,r
01,4052,32,R
01,4072,4,r
01,4076,54,R
01,40AC,20,r
01,40C0,50,R
01,40F2,2,r
01,40F4,70,R
01,413A,6,r
01,4140,12,R
01,414C,44,r
01,4178,48,R
01,41A8,6,r
01,41AE,40,R
01,41D6,6,r
01,41DC,22,R
01,41F2,36,r
01,4216,57,R
01,424F,57,r
01,4288,73,R
01,42D1,57,r
01,430A,500,R
01,44FE,802,r
01,4820,79,R
01,486F,33,r
01,4890,81,R
01,48E1,26,r
01,48FB,176,R
01,49AB,18,r
01,49BD,395,R
01,4B48,290,r
01,4C6A,665,R
01,4F03,9,r
01,4F0C,1051,R
01,5327,67,r
01,536A,70,R
01,53B0,458,r
01,557A,464,R
01,574A,35,r
01,576D,952,R
01,5B25,147,r
01,5BB8,601,R
01,5E11,2,r
01,5E13,4,R
01,5E17,12,r
01,5E23,4,R
01,5E27,6,r
01,5E2D,4,R
01,5E31,4,r
01,5E35,2,R
01,5E37,4,r
01,5E3B,14,R
01,5E49,6,r
01,5E4F,4,R
01,5E53,4,r
01,5E57,6,R
01,5E5D,2,r
01,5E5F,4,R
01,5E63,4,r
01,5E67,4,R
01,5E6B,20,r
01,5E7F,4,R
01,5E83,2,r
01,5E85,4,R
01,5E89,8,r
01,5E91,2,R
01,5E93,2,r
01,5E95,2,R
01,5E97,16,r
01,5EA7,18,R
01,5EB9,6,r
01,5EBF,50,R
01,5EF1,10,r
01,5EFB,16,R
01,5F0B,10,r
01,5F15,4,R
01,5F19,8,r
01,5F21,6,R
01,5F27,12,r
01,5F33,2433,R
01,68B4,113,r
01,6925,226,R
01,6A07,726,r
01,6CDD,10,R
01,6CE7,15,r
01,6CF6,10,R
01,6D00,10,r
01,6D0A,5,R
01,6D0F,10,r
01,6D19,39,R
01,6D40,15,r
01,6D4F,10,R
01,6D59,10,r
01,6D63,15,R
01,6D72,17,r
01,6D83,18,R
01,6D95,10,r
01,6D9F,10,R
01,6DA9,130,r
01,6E2B,26,R
01,6E45,13,r
01,6E52,26,R
01,6E6C,48,r
01,6E9C,25,R
01,6EB5,29,r
01,6ED2,25,R
01,6EEB,68,r
01,6F2F,257,R
01,7030,63,r
01,706F,433,R
01,7220,77,r
01,726D,428,R
01,7419,405,r
01,75AE,150,R
01,7644,164,r
01,76E8,119,R
01,775F,2209,r
02,4000,5,R
02,4005,494,C
02,41F3,90,R
02,424D,415,C
02,43EC,3,N
02,43EF,361,C
02,4558,7,F
02,455F,192,C
02,461F,3,F
02,4622,75,C
02,466D,5,N
02,4672,116,C
02,46E6,3,r
02,46E9,202,C
02,47B3,3,R
02,47B6,72,C
02,47FE,5,N
02,4803,44,C
02,482F,3,R
02,4832,77,C
02,487F,1,N
02,4880,103,C
02,48E7,1,N
02,48E8,83,C
02,493B,1,N
02,493C,92,C
02,4998,1,N
02,4999,210,C
02,4A6B,327,F
02,4BB2,120,C
02,4C2A,1,N
02,4C2B,171,C
02,4CD6,17,F
02,4CE7,153,C
02,4D80,8,R
02,4D88,45,C
02,4DB5,34,F
02,4DD7,56,C
02,4E0F,34,F
02,4E31,91,C
02,4E8C,34,F
02,4EAE,874,C
02,5218,130,R
02,529A,8,r
02,52A2,54,R
02,52D8,4,r
02,52DC,234,R
02,53C6,4,r
02,53CA,14,R
02,53D8,10,r
02,53E2,32,R
02,5402,2,r
02,5404,168,R
02,54AC,36,r
02,54D0,671,R
02,576F,18,r
02,5781,2949,R
02,6306,230,r
02,63EC,203,R
02,64B7,341,r
02,660C,1944,R
02,6DA4,73,r
02,6DED,184,R
02,6EA5,12,r
02,6EB1,4,R
02,6EB5,70,r
02,6EFB,48,R
02,6F2B,2,r
02,6F2D,1167,R
02,73BC,114,r
02,742E,46,R
02,745C,775,r
02,7763,720,R
02,7A33,5,r
02,7A38,125,R
02,7AB5,1355,r
03,4000,4,C
03,4004,70,T
03,404A,402,C
03,41DC,4,F
03,41E0,8,C
03,41E8,1,N
03,41E9,180,C
03,429D,6,R
03,42A3,2,r
03,42A5,239,C
03,4394,8,R
03,439C,257,C
03,449D,5,R
03,44A2,57,C
03,44DB,5,R
03,44E0,685,C
03,478D,167,R
03,4834,739,C
03,4B17,4,N
03,4B1B,385,C
03,4C9C,9,F
03,4CA5,68,C
03,4CE9,2,F
03,4CEB,96,C
03,4D4B,11,N
03,4D56,203,C
03,4E21,1,N
03,4E22,46,C
03,4E50,5,N
03,4E55,684,C
03,5101,6,R
03,5107,69,C
03,514C,6,F
03,5152,296,C
03,527A,6,R
03,5280,2,r
03,5282,361,C
03,53EB,18,R
03,53FD,105,C
03,5466,136,R
03,54EE,6,r
03,54F4,59,C
03,552F,4,N
03,5533,20,C
03,5547,2,F
03,5549,17,C
03,555A,4,N
03,555E,301,C
03,568B,6,r
03,5691,277,C
03,57A6,24,R
03,57BE,129,C
03,583F,8,R
03,5847,177,C
03,58F8,8,R
03,5900,241,C
03,59F1,6,r
03,59F7,257,C
03,5AF8,8,R
03,5B00,176,C
03,5BB0,8,R
03,5BB8,91,C
03,5C13,1,N
03,5C14,477,C
03,5DF1,30,R
03,5E0F,268,C
03,5F1B,16,R
03,5F2B,121,C
03,5FA4,18,T
03,5FB6,415,C
03,6155,11,N
03,6160,157,C
03,61FD,62,R
03,623B,2,r
03,623D,39,C
03,6264,23,N
03,627B,16,C
03,628B,1,N
03,628C,14,C
03,629A,17,N
03,62AB,15,C
03,62BA,5,N
03,62BF,85,C
03,6314,10,T
03,631E,306,C
03,6450,38,F
03,6476,104,C
03,64DE,4,R
03,64E2,4,r
03,64E6,54,C
03,651C,23,F
03,6533,16,N
03,6543,26,F
03,655D,34,T
03,657F,288,N
03,669F,16,r
03,66AF,45,N
03,66DC,249,F
03,67D5,392,N
03,695D,32,r
03,697D,106,N
03,69E7,8,r
03,69EF,6,N
03,69F5,4,C
03,69F9,32,T
03,6A19,1378,C
03,6F7B,1,F
03,6F7C,283,C
03,7097,128,R
03,7117,46,C
03,7145,8,F
03,714D,5,C
03,7152,8,F
03,715A,2,R
03,715C,6,r
03,7162,40,C
03,718A,8,F
03,7192,5,C
03,7197,8,F
03,719F,2,R
03,71A1,6,r
03,71A7,881,C
03,7518,4,F
03,751C,249,C
03,7615,128,R
03,7695,4,C
03,7699,6,T
03,769F,255,C
03,779E,33,R
03,77BF,49,C
03,77F0,12,F
03,77FC,58,C
03,7836,2,R
03,7838,181,C
03,78ED,6,T
03,78F3,187,C
03,79AE,5,N
03,79B3,45,C
03,79E0,3,R
03,79E3,62,C
03,7A21,14,R
03,7A2F,125,C
03,7AAC,6,T
03,7AB2,158,C
03,7B50,11,F
03,7B5B,15,C
03,7B6A,5,F
03,7B6F,20,C
03,7B83,11,F
03,7B8E,2,R
03,7B90,113,C
03,7C01,6,T
03,7C07,196,C
03,7CCB,12,F
03,7CD7,64,C
03,7D17,2,R
03,7D19,85,C
03,7D6E,49,R
03,7D9F,100,C
03,7E03,509,r
04,4000,4,C
04,4004,6,T
04,400A,143,C
04,4099,3,F
04,409C,225,C
04,417D,32,R
04,419D,32,C
04,41BD,16,R
04,41CD,180,C
04,4281,240,R
04,4371,290,C
04,4493,18,R
04,44A5,9,r
04,44AE,3,R
04,44B1,9,r
04,44BA,3,R
04,44BD,31,C
04,44DC,12,R
04,44E8,3,r
04,44EB,6,R
04,44F1,348,C
04,464D,30,T
04,466B,22,C
04,4681,4,F
04,4685,337,C
04,47D6,5,F
04,47DB,30,C
04,47F9,18,F
04,480B,16,C
04,481B,16,F
04,482B,52,C
04,485F,6,F
04,4865,18,N
04,4877,7,C
04,487E,2,F
04,4880,153,C
04,4919,5,F
04,491E,18,N
04,4930,80,C
04,4980,2,F
04,4982,12,C
04,498E,2,F
04,4990,23,C
04,49A7,2,F
04,49A9,6,C
04,49AF,2,F
04,49B1,19,C
04,49C4,2,F
04,49C6,8,C
04,49CE,2,F
04,49D0,825,C
04,4D09,18,r
04,4D1B,288,F
04,4E3B,1,N
04,4E3C,15,F
04,4E4B,147,C
04,4EDE,2,F
04,4EE0,216,C
04,4FB8,5,N
04,4FBD,49,C
04,4FEE,2,F
04,4FF0,25,C
04,5009,2,R
04,500B,2,r
04,500D,4,R
04,5011,8,r
04,5019,134,C
04,509F,16,R
04,50AF,85,C
04,5104,29,F
04,5121,65,C
04,5162,7,F
04,5169,52,C
04,519D,14,R
04,51AB,34,r
04,51CD,96,R
04,522D,183,C
04,52E4,5,N
04,52E9,78,C
04,5337,709,R
04,55FC,1,r
04,55FD,14,R
04,560B,34,T
04,562D,27,C
04,5648,12,R
04,5654,1,r
04,5655,3,R
04,5658,1,r
04,5659,3,R
04,565C,1,r
04,565D,3,R
04,5660,1,r
04,5661,3,R
04,5664,1,r
04,5665,3,R
04,5668,1,r
04,5669,3,R
04,566C,1,r
04,566D,3,R
04,5670,1,r
04,5671,3,R
04,5674,1,r
04,5675,3,R
04,5678,1,r
04,5679,3,R
04,567C,1,r
04,567D,7,R
04,5684,1,r
04,5685,7,R
04,568C,17,r
04,569D,92,R
04,56F9,4,C
04,56FD,18,T
04,570F,214,C
04,57E5,52,F
04,5819,717,C
04,5AE6,1,N
04,5AE7,81,C
04,5B38,1,N
04,5B39,436,C
04,5CED,11,F
04,5CF8,107,C
04,5D63,15,N
04,5D72,212,C
04,5E46,2,N
04,5E48,4,C
04,5E4C,405,N
04,5FE1,1,F
04,5FE2,109,C
04,604F,22,T
04,6065,196,C
04,6129,52,F
04,615D,80,C
04,61AD,11,F
04,61B8,337,C
04,6309,3,R
04,630C,72,C
04,6354,20,R
04,6368,22,C
04,637E,11,F
04,6389,122,C
04,6403,30,N
04,6421,43,C
04,644C,8,R
04,6454,257,C
04,6555,13,F
04,6562,4,C
04,6566,8,F
04,656E,14,C
04,657C,1,r
04,657D,1,R
04,657E,1,r
04,657F,1,R
04,6580,1,r
04,6581,1,R
04,6582,1,r
04,6583,1,R
04,6584,1,r
04,6585,1,R
04,6586,1,r
04,6587,1,R
04,6588,1,r
04,6589,1,R
04,658A,1,r
04,658B,1,R
04,658C,112,r
04,65FC,2,R
04,65FE,74,C
04,6648,9,R
04,6651,3,r
04,6654,1,R
04,6655,1,r
04,6656,3,R
04,6659,3,r
04,665C,1,R
04,665D,3,r
04,6660,8,R
04,6668,15,r
04,6677,8,R
04,667F,2,r
04,6681,21,R
04,6696,15,r
04,66A5,8,R
04,66AD,15,r
04,66BC,233,C
04,67A5,8,R
04,67AD,66,C
04,67EF,2,R
04,67F1,2,r
04,67F3,4,R
04,67F7,66,C
04,6839,6,R
04,683F,4,C
04,6843,28,T
04,685F,1579,C
04,6E8A,31,F
04,6EA9,190,C
04,6F67,3,F
04,6F6A,48,C
04,6F9A,24,T
04,6FB2,113,C
04,7023,10,R
04,702D,87,C
04,7084,10,R
04,708E,77,C
04,70DB,10,R
04,70E5,70,C
04,712B,10,R
04,7135,77,C
04,7182,4,R
04,7186,43,C
04,71B1,4,R
04,71B5,154,C
04,724F,42,R
04,7279,81,C
04,72CA,3,R
04,72CD,1,r
04,72CE,3,R
04,72D1,1,r
04,72D2,3,R
04,72D5,1,r
04,72D6,3,R
04,72D9,1,r
04,72DA,3,R
04,72DD,1,r
04,72DE,3,R
04,72E1,1,r
04,72E2,1,R
04,72E3,62,C
04,7321,31,R
04,7340,50,C
04,7372,4,R
04,7376,44,C
04,73A2,9,R
04,73AB,139,C
04,7436,67,R
04,7479,19,C
04,748C,32,T
04,74AC,240,C
04,759C,41,F
04,75C5,24,N
04,75DD,11,F
04,75E8,647,C
04,786F,8,R
04,7877,2,r
04,7879,219,C
04,7954,8,R
04,795C,2,r
04,795E,208,C
04,7A2E,4,R
04,7A32,2,r
04,7A34,208,C
04,7B04,4,R
04,7B08,2,r
04,7B0A,403,C
04,7C9D,90,N
04,7CF7,64,C
04,7D37,713,r
05,4000,4,C
05,4004,26,T
05,401E,159,C
05,40BD,8,F
05,40C5,45,C
05,40F2,3,F
05,40F5,133,C
05,417A,12,F
05,4186,27,C
05,41A1,3,F
05,41A4,136,C
05,422C,5,F
05,4231,62,C
05,426F,9,F
05,4278,10,C
05,4282,10,F
05,428C,49,C
05,42BD,8,F
05,42C5,143,C
05,4354,17,F
05,4365,235,C
05,4450,29,F
05,446D,71,C
05,44B4,10,F
05,44BE,112,C
05,452E,35,F
05,4551,519,C
05,4758,3,F
05,475B,4,C
05,475F,24,T
05,4777,30,C
05,4795,100,F
05,47F9,13,C
05,4806,20,T
05,481A,170,F
05,48C4,16,T
05,48D4,28,C
05,48F0,112,F
05,4960,6,C
05,4966,7,F
05,496D,13,N
05,497A,4,F
05,497E,11,N
05,4989,18,F
05,499B,7,C
05,49A2,11,F
05,49AD,14,C
05,49BB,7,F
05,49C2,11,N
05,49CD,14,F
05,49DB,104,C
05,4A43,7,F
05,4A4A,7,C
05,4A51,7,F
05,4A58,7,C
05,4A5F,7,F
05,4A66,154,C
05,4B00,6,F
05,4B06,5,C
05,4B0B,4,F
05,4B0F,3,C
05,4B12,11,F
05,4B1D,7,N
05,4B24,18,C
05,4B36,25,F
05,4B4F,30,C
05,4B6D,2,F
05,4B6F,21,C
05,4B84,8,R
05,4B8C,25,C
05,4BA5,1,F
05,4BA6,12,C
05,4BB2,1,r
05,4BB3,1,R
05,4BB4,20,r
05,4BC8,3,R
05,4BCB,1,r
05,4BCC,3,R
05,4BCF,1,r
05,4BD0,3,R
05,4BD3,1,r
05,4BD4,3,R
05,4BD7,65,r
05,4C18,20,F
05,4C2C,25,C
05,4C45,9,F
05,4C4E,3,R
05,4C51,111,r
05,4CC0,11,C
05,4CCB,16,F
05,4CDB,22,C
05,4CF1,46,F
05,4D1F,28,C
05,4D3B,1,r
05,4D3C,6,R
05,4D42,180,C
05,4DF6,31,F
05,4E15,11,C
05,4E20,1,R
05,4E21,4,r
05,4E25,5,R
05,4E2A,35,r
05,4E4D,51,C
05,4E80,4,R
05,4E84,19,C
05,4E97,6,R
05,4E9D,46,C
05,4ECB,11,F
05,4ED6,31,C
05,4EF5,5,R
05,4EFA,10,r
05,4F04,17,C
05,4F15,3,R
05,4F18,50,C
05,4F4A,1,F
05,4F4B,44,C
05,4F77,9,F
05,4F80,30,C
05,4F9E,72,r
05,4FE6,6,R
05,4FEC,26,C
05,5006,5,R
05,500B,26,F
05,5025,5,r
05,502A,26,F
05,5044,5,r
05,5049,26,F
05,5063,5,r
05,5068,26,F
05,5082,5,r
05,5087,18,C
05,5099,20,F
05,50AD,12,C
05,50B9,26,F
05,50D3,5,R
05,50D8,5,r
05,50DD,32,F
05,50FD,5,r
05,5102,30,C
05,5120,5,R
05,5125,88,C
05,517D,31,N
05,519C,7,C
05,51A3,6,F
05,51A9,12,C
05,51B5,10,r
05,51BF,10,R
05,51C9,55,C
05,5200,9,F
05,5209,20,C
05,521D,9,F
05,5226,20,C
05,523A,9,F
05,5243,6,C
05,5249,15,N
05,5258,28,C
05,5274,4,R
05,5278,16,r
05,5288,15,C
05,5297,9,F
05,52A0,101,C
05,5305,1,F
05,5306,10,C
05,5310,1,N
05,5311,8,C
05,5319,1,N
05,531A,103,C
05,5381,38,R
05,53A7,12,r
05,53B3,12,R
05,53BF,24,r
05,53D7,6,R
05,53DD,18,r
05,53EF,17,C
05,5400,11,F
05,540B,6,C
05,5411,52,F
05,5445,34,N
05,5467,16,F
05,5477,85,C
05,54CC,15,F
05,54DB,42,C
05,5505,27,F
05,5520,27,C
05,553B,18,F
05,554D,2,R
05,554F,16,r
05,555F,63,C
05,559E,221,F
05,567B,55,C
05,56B2,14,F
05,56C0,16,C
05,56D0,36,F
05,56F4,94,C
05,5752,13,F
05,575F,10,C
05,5769,2,N
05,576B,3,r
05,576E,3,R
05,5771,9,r
05,577A,23,C
05,5791,4,F
05,5795,40,C
05,57BD,4,F
05,57C1,40,C
05,57E9,4,F
05,57ED,65,C
05,582E,37,F
05,5853,146,C
05,58E5,2,F
05,58E7,26,C
05,5901,8,F
05,5909,18,C
05,591B,8,F
05,5923,54,C
05,5959,32,F
05,5979,1,N
05,597A,32,F
05,599A,5,N
05,599F,95,F
05,59FE,2,N
05,5A00,21,F
05,5A15,4,N
05,5A19,24,F
05,5A31,2,N
05,5A33,20,F
05,5A47,2,N
05,5A49,30,F
05,5A67,78,T
05,5AB5,6,F
05,5ABB,20,r
05,5ACF,6,F
05,5AD5,20,r
05,5AE9,6,F
05,5AEF,20,r
05,5B03,6,F
05,5B09,20,r
05,5B1D,6,F
05,5B23,20,r
05,5B37,6,F
05,5B3D,20,r
05,5B51,6,N
05,5B57,20,r
05,5B6B,6,F
05,5B71,20,r
05,5B85,88,F
05,5BDD,44,N
05,5C09,117,F
05,5C7E,44,r
05,5CAA,38,F
05,5CD0,23,r
05,5CE7,23,F
05,5CFE,23,N
05,5D15,53,F
05,5D4A,20,r
05,5D5E,29,F
05,5D7B,20,r
05,5D8F,89,F
05,5DE8,23,r
05,5DFF,16,F
05,5E0F,8,N
05,5E17,28,F
05,5E33,20,r
05,5E47,29,F
05,5E64,20,r
05,5E78,50,F
05,5EAA,22,r
05,5EC0,361,N
05,6029,20,F
05,603D,67,N
05,6080,27,F
05,609B,5,N
05,60A0,64,F
05,60E0,4,N
05,60E4,194,F
05,61A6,32,r
05,61C6,80,C
05,6216,23,F
05,622D,23,N
05,6244,31,C
05,6263,10,F
05,626D,10,C
05,6277,1,r
05,6278,1,R
05,6279,1,r
05,627A,41,C
05,62A3,3,R
05,62A6,12,r
05,62B2,56,C
05,62EA,519,F
05,64F1,2,N
05,64F3,74,F
05,653D,23,N
05,6554,200,F
05,661C,13,N
05,6629,71,F
05,6670,158,N
05,670E,15,C
05,671D,18,F
05,672F,3,C
05,6732,20,F
05,6746,93,C
05,67A3,13,F
05,67B0,3,C
05,67B3,13,F
05,67C0,37,C
05,67E5,12,F
05,67F1,60,C
05,682D,61,F
05,686A,5,N
05,686F,208,F
05,693F,31,C
05,695E,2,F
05,6960,38,C
05,6986,35,F
05,69A9,16,N
05,69B9,275,F
05,6ACC,1,N
05,6ACD,20,F
05,6AE1,10,N
05,6AEB,13,F
05,6AF8,16,N
05,6B08,538,F
05,6D22,15,C
05,6D31,18,F
05,6D43,3,C
05,6D46,20,F
05,6D5A,93,C
05,6DB7,13,F
05,6DC4,3,C
05,6DC7,13,F
05,6DD4,37,C
05,6DF9,12,F
05,6E05,60,C
05,6E41,61,F
05,6E7E,5,N
05,6E83,208,F
05,6F53,22,C
05,6F69,6,F
05,6F6F,131,C
05,6FF2,8,R
05,6FFA,72,C
05,7042,103,F
05,70A9,10,N
05,70B3,126,F
05,7131,2,N
05,7133,37,F
05,7158,13,N
05,7165,4,F
05,7169,13,N
05,7176,3,F
05,7179,23,N
05,7190,27,F
05,71AB,2,N
05,71AD,22,F
05,71C3,105,N
05,722C,363,F
05,7397,4,N
05,739B,305,F
05,74CC,4,C
05,74D0,24,T
05,74E8,323,C
05,762B,4,R
05,762F,2,r
05,7631,6,R
05,7637,74,C
05,7681,4,R
05,7685,2,r
05,7687,4,R
05,768B,67,C
05,76CE,10,R
05,76D8,55,C
05,770F,16,R
05,771F,252,C
05,781B,4,R
05,781F,94,C
05,787D,9,F
05,7886,499,C
05,7A79,12,R
05,7A85,19,C
05,7A98,6,R
05,7A9E,27,C
05,7AB9,6,R
05,7ABF,174,C
05,7B6D,68,R
05,7BB1,34,r
05,7BD3,3,R
05,7BD6,77,C
05,7C23,72,R
05,7C6B,689,C
05,7F1C,46,N
05,7F4A,28,C
05,7F66,3,R
05,7F69,29,C
05,7F86,1,R
05,7F87,1,r
05,7F88,2,R
05,7F8A,1,r
05,7F8B,2,R
05,7F8D,1,r
05,7F8E,12,R
05,7F9A,12,r
05,7FA6,24,R
05,7FBE,12,r
05,7FCA,9,R
05,7FD3,3,r
05,7FD6,12,R
05,7FE2,30,r
06,4000,4,C
06,4004,20,T
06,4018,625,C
06,4289,30,R
06,42A7,566,C
06,44DD,20,T
06,44F1,274,C
06,4603,4,R
06,4607,51,C
06,463A,8,F
06,4642,23,C
06,4659,12,R
06,4665,114,C
06,46D7,2,R
06,46D9,4,r
06,46DD,45,R
06,470A,113,C
06,477B,2,R
06,477D,4,r
06,4781,35,R
06,47A4,206,C
06,4872,4,R
06,4876,4,r
06,487A,81,C
06,48CB,49,N
06,48FC,34,C
06,491E,4,R
06,4922,2,r
06,4924,375,C
06,4A9B,8,R
06,4AA3,116,C
06,4B17,12,R
06,4B23,68,C
06,4B67,12,R
06,4B73,8,T
06,4B7B,40,C
06,4BA3,1,N
06,4BA4,25,C
06,4BBD,1,N
06,4BBE,57,C
06,4BF7,1,N
06,4BF8,6,C
06,4BFE,1,N
06,4BFF,18,C
06,4C11,1,N
06,4C12,64,C
06,4C52,1,N
06,4C53,33,C
06,4C74,1,N
06,4C75,46,C
06,4CA3,40,T
06,4CCB,132,C
06,4D4F,1,N
06,4D50,6,C
06,4D56,1,N
06,4D57,9,C
06,4D60,1,N
06,4D61,251,C
06,4E5C,6,R
06,4E62,119,C
06,4ED9,4,R
06,4EDD,110,C
06,4F4B,8,R
06,4F53,55,C
06,4F8A,4,R
06,4F8E,16,C
06,4F9E,9,F
06,4FA7,30,C
06,4FC5,4,R
06,4FC9,16,C
06,4FD9,9,F
06,4FE2,30,C
06,5000,4,R
06,5004,16,C
06,5014,9,F
06,501D,30,C
06,503B,4,R
06,503F,412,C
06,51DB,2,R
06,51DD,74,C
06,5227,4,R
06,522B,16,C
06,523B,9,N
06,5244,30,C
06,5262,4,R
06,5266,16,C
06,5276,9,N
06,527F,30,C
06,529D,4,R
06,52A1,1029,C
06,56A6,3,F
06,56A9,5,C
06,56AE,5,F
06,56B3,98,C
06,5715,1,N
06,5716,22,C
06,572C,1,N
06,572D,22,C
06,5743,1,N
06,5744,37,C
06,5769,2,N
06,576B,3,C
06,576E,14,F
06,577C,57,C
06,57B5,14,R
06,57C3,463,C
06,5992,8,T
06,599A,668,C
06,5C36,15,R
06,5C45,55,C
06,5C7C,15,R
06,5C8B,125,C
06,5D08,1,F
06,5D09,6,C
06,5D0F,1,F
06,5D10,14,C
06,5D1E,1,F
06,5D1F,6,C
06,5D25,1,F
06,5D26,14,C
06,5D34,1,F
06,5D35,6,C
06,5D3B,1,N
06,5D3C,8,C
06,5D44,40,R
06,5D6C,126,C
06,5DEA,26,T
06,5E04,727,C
06,60DB,1,R
06,60DC,3,r
06,60DF,1,R
06,60E0,3,r
06,60E3,1,R
06,60E4,3,r
06,60E7,1,R
06,60E8,3,r
06,60EB,1,R
06,60EC,3,r
06,60EF,1,R
06,60F0,3,r
06,60F3,1,R
06,60F4,3,r
06,60F7,1,R
06,60F8,3,r
06,60FB,1,R
06,60FC,3,r
06,60FF,1,R
06,6100,3,r
06,6103,1,R
06,6104,3,r
06,6107,6,R
06,610D,2,r
06,610F,2,R
06,6111,2,r
06,6113,2,R
06,6115,2,r
06,6117,6,R
06,611D,2,r
06,611F,3,R
06,6122,1,r
06,6123,2,R
06,6125,2,r
06,6127,1,R
06,6128,3,r
06,612B,1,R
06,612C,3,r
06,612F,4,R
06,6133,418,C
06,62D5,1,R
06,62D6,1,r
06,62D7,5,R
06,62DC,1,r
06,62DD,2,R
06,62DF,2,r
06,62E1,1,R
06,62E2,1,r
06,62E3,2,R
06,62E5,2,r
06,62E7,1,R
06,62E8,1,r
06,62E9,5,R
06,62EE,1,r
06,62EF,5,R
06,62F4,1,r
06,62F5,2,R
06,62F7,2,r
06,62F9,1,R
06,62FA,1,r
06,62FB,5,R
06,6300,1,r
06,6301,2,R
06,6303,2,r
06,6305,1,R
06,6306,5,r
06,630B,1,R
06,630C,5,r
06,6311,1,R
06,6312,1,r
06,6313,4,R
06,6317,113,C
06,6388,8,T
06,6390,349,C
06,64ED,1,N
06,64EE,13,C
06,64FB,12,F
06,6507,719,C
06,67D6,10,R
06,67E0,2,r
06,67E2,192,C
06,68A2,14,R
06,68B0,2,r
06,68B2,246,C
06,69A8,10,R
06,69B2,2,r
06,69B4,311,C
06,6AEB,12,R
06,6AF7,40,r
06,6B1F,4,R
06,6B23,2,r
06,6B25,37,C
06,6B4A,44,R
06,6B76,162,C
06,6C18,57,F
06,6C51,35,C
06,6C74,30,R
06,6C92,90,r
06,6CEC,326,C
06,6E32,640,R
06,70B2,231,C
06,7199,5,R
06,719E,46,C
06,71CC,24,N
06,71E4,459,C
06,73AF,64,T
06,73EF,40,C
06,7417,8,N
06,741F,8,C
06,7427,8,F
06,742F,40,C
06,7457,8,N
06,745F,8,C
06,7467,8,N
06,746F,16,C
06,747F,1,F
06,7480,169,C
06,7529,1,N
06,752A,96,C
06,758A,1,N
06,758B,186,C
06,7645,1,N
06,7646,108,C
06,76B2,1,N
06,76B3,195,C
06,7776,1,N
06,7777,108,C
06,77E3,1,N
06,77E4,97,C
06,7845,8,R
06,784D,1971,r
07,4000,4,C
07,4004,42,T
07,402E,344,C
07,4186,4,R
07,418A,62,C
07,41C8,6,N
07,41CE,390,C
07,4354,8,R
07,435C,1,r
07,435D,8,R
07,4365,1,r
07,4366,5,R
07,436B,1,r
07,436C,5,R
07,4371,1,r
07,4372,5,R
07,4377,1,r
07,4378,5,R
07,437D,1,r
07,437E,5,R
07,4383,1,r
07,4384,5,R
07,4389,1,r
07,438A,8,R
07,4392,1,r
07,4393,8,R
07,439B,1,r
07,439C,936,C
07,4744,11,F
07,474F,591,C
07,499E,37,R
07,49C3,106,C
07,4A2D,7,N
07,4A34,6,C
07,4A3A,7,N
07,4A41,12,C
07,4A4D,65,N
07,4A8E,309,C
07,4BC3,69,N
07,4C08,4,C
07,4C0C,6,T
07,4C12,123,C
07,4C8D,4,F
07,4C91,287,C
07,4DB0,16,R
07,4DC0,157,C
07,4E5D,20,R
07,4E71,1,r
07,4E72,11,R
07,4E7D,1,r
07,4E7E,1,R
07,4E7F,1,r
07,4E80,1,R
07,4E81,4,r
07,4E85,2,R
07,4E87,1,r
07,4E88,1,R
07,4E89,1,r
07,4E8A,3,R
07,4E8D,4,r
07,4E91,3,R
07,4E94,1,r
07,4E95,1,R
07,4E96,1,r
07,4E97,1,R
07,4E98,61,r
07,4ED5,141,C
07,4F62,11,F
07,4F6D,61,C
07,4FAA,30,r
07,4FC8,3,R
07,4FCB,9,r
07,4FD4,3,R
07,4FD7,31,C
07,4FF6,12,r
07,5002,3,R
07,5005,6,r
07,500B,50,C
07,503D,3,N
07,5040,368,C
07,51B0,6,T
07,51B6,219,C
07,5291,5,N
07,5296,79,C
07,52E5,2,R
07,52E7,89,C
07,5340,8,R
07,5348,29,C
07,5365,4,R
07,5369,61,C
07,53A6,24,R
07,53BE,4,C
07,53C2,6,T
07,53C8,171,C
07,5473,5,N
07,5478,29,C
07,5495,2,R
07,5497,90,C
07,54F1,18,T
07,5503,580,C
07,5747,14,R
07,5755,117,C
07,57CA,24,R
07,57E2,2,r
07,57E4,86,C
07,583A,46,F
07,5868,321,C
07,59A9,24,T
07,59C1,119,C
07,5A38,19,R
07,5A4B,157,C
07,5AE8,2,F
07,5AEA,54,C
07,5B20,22,R
07,5B36,2,r
07,5B38,74,C
07,5B82,1,R
07,5B83,7,r
07,5B8A,222,R
07,5C68,173,C
07,5D15,12,R
07,5D21,74,C
07,5D6B,1,R
07,5D6C,7,r
07,5D73,153,R
07,5E0C,166,C
07,5EB2,2,F
07,5EB4,63,C
07,5EF3,12,R
07,5EFF,86,C
07,5F55,1,R
07,5F56,7,r
07,5F5D,152,R
07,5FF5,186,C
07,60AF,2,F
07,60B1,16,C
07,60C1,16,R
07,60D1,95,C
07,6130,1,R
07,6131,7,r
07,6138,153,R
07,61D1,2,r
07,61D3,55,C
07,620A,5,F
07,620F,35,C
07,6232,25,N
07,624B,19,C
07,625E,24,F
07,6276,1,N
07,6277,4,F
07,627B,46,C
07,62A9,10,R
07,62B3,34,r
07,62D5,164,F
07,6379,14,r
07,6387,149,C
07,641C,3,R
07,641F,5,r
07,6424,689,C
07,66D5,20,F
07,66E9,112,C
07,6759,14,F
07,6767,36,N
07,678B,7,C
07,6792,5,r
07,6797,39,C
07,67BE,14,N
07,67CC,221,C
07,68A9,1,N
07,68AA,8,C
07,68B2,22,R
07,68C8,114,C
07,693A,8,N
07,6942,10,C
07,694C,1,R
07,694D,3,r
07,6950,80,C
07,69A0,12,T
07,69AC,7,C
07,69B3,8,F
07,69BB,157,C
07,6A58,10,N
07,6A62,165,C
07,6B07,24,T
07,6B1F,148,C
07,6BB3,8,R
07,6BBB,192,C
07,6C7B,80,R
07,6CCB,117,C
07,6D40,4,R
07,6D44,402,C
07,6ED6,8,R
07,6EDE,2,r
07,6EE0,27,C
07,6EFB,4,R
07,6EFF,238,C
07,6FED,8,R
07,6FF5,2,r
07,6FF7,31,C
07,7016,4,R
07,701A,409,C
07,71B3,18,T
07,71C5,148,C
07,7259,7,R
07,7260,1381,C
07,77C5,14,F
07,77D3,49,C
07,7804,7,R
07,780B,1,r
07,780C,268,C
07,7918,1,N
07,7919,8,C
07,7921,1,N
07,7922,99,C
07,7985,18,R
07,7997,78,C
07,79E5,18,R
07,79F7,76,C
07,7A43,18,R
07,7A55,9,C
07,7A5E,30,R
07,7A7C,9,C
07,7A85,30,R
07,7AA3,9,C
07,7AAC,30,R
07,7ACA,9,C
07,7AD3,30,R
07,7AF1,83,C
07,7B44,46,R
07,7B72,20,r
07,7B86,86,R
07,7BDC,63,C
07,7C1B,24,R
07,7C33,24,r
07,7C4B,63,C
07,7C8A,48,R
07,7CBA,63,C
07,7CF9,24,R
07,7D11,32,C
07,7D31,719,r
08,4000,4,C
08,4004,6,T
08,400A,139,C
08,4095,5,N
08,409A,23,C
08,40B1,2,R
08,40B3,37,C
08,40D8,4,R
08,40DC,32,C
08,40FC,30,T
08,411A,1129,C
08,4583,8,R
08,458B,2,r
08,458D,95,C
08,45EC,12,F
08,45F8,171,C
08,46A3,220,N
08,477F,173,C
08,482C,9,N
08,4835,86,C
08,488B,12,T
08,4897,689,C
08,4B48,8,R
08,4B50,52,C
08,4B84,9,R
08,4B8D,40,C
08,4BB5,5,F
08,4BBA,37,C
08,4BDF,1,F
08,4BE0,4,C
08,4BE4,1,F
08,4BE5,4,C
08,4BE9,1,F
08,4BEA,4,C
08,4BEE,1,F
08,4BEF,4,C
08,4BF3,1,F
08,4BF4,15,C
08,4C03,2,F
08,4C05,19,C
08,4C18,2,F
08,4C1A,77,C
08,4C67,12,R
08,4C73,82,C
08,4CC5,1,R
08,4CC6,7,r
08,4CCD,62,C
08,4D0B,1,N
08,4D0C,108,C
08,4D78,2,F
08,4D7A,7,C
08,4D81,5,F
08,4D86,112,C
08,4DF6,6,T
08,4DFC,120,C
08,4E74,32,R
08,4E94,304,C
08,4FC4,21,R
08,4FD9,70,C
08,501F,24,R
08,5037,232,C
08,511F,114,R
08,5191,4,C
08,5195,6,T
08,519B,279,C
08,52B2,5,F
08,52B7,144,C
08,5347,30,R
08,5365,50,C
08,5397,30,R
08,53B5,273,C
08,54C6,824,R
08,57FE,1200,r
08,5CAE,560,R
08,5EDE,1680,r
08,656E,640,R
08,67EE,2640,r
08,723E,7,C
08,7245,10,T
08,724F,202,C
08,7319,3,R
08,731C,448,C
08,74DC,21,R
08,74F1,47,C
08,7520,2784,r
09,4000,4,C
09,4004,22,T
09,401A,619,C
09,4285,8,T
09,428D,350,C
09,43EB,8,T
09,43F3,232,C
09,44DB,26,R
09,44F5,506,C
09,46EF,5,F
09,46F4,33,C
09,4715,5,F
09,471A,57,C
09,4753,17,F
09,4764,27,C
09,477F,2,F
09,4781,262,C
09,4887,50,T
09,48B9,274,C
09,49CB,4,R
09,49CF,1462,C
09,4F85,24,R
09,4F9D,44,C
09,4FC9,12,R
09,4FD5,197,C
09,509A,54,R
09,50D0,117,C
09,5145,16,R
09,5155,40,C
09,517D,15,R
09,518C,221,C
09,5269,4,R
09,526D,38,C
09,5293,12,R
09,529F,308,C
09,53D3,25,R
09,53EC,9,C
09,53F5,25,R
09,540E,9,C
09,5417,13,R
09,5424,127,C
09,54A3,25,F
09,54BC,77,C
09,5509,3,R
09,550C,193,C
09,55CD,6,R
09,55D3,2,r
09,55D5,2,R
09,55D7,147,C
09,566A,11,R
09,5675,16,C
09,5685,160,R
09,5725,13,C
09,5732,20,R
09,5746,13,C
09,5753,48,R
09,5783,13,C
09,5790,36,R
09,57B4,35,C
09,57D7,10,R
09,57E1,70,C
09,5827,8,R
09,582F,2,r
09,5831,18,R
09,5843,113,C
09,58B4,14,R
09,58C2,40,C
09,58EA,241,R
09,59DB,13,C
09,59E8,6,R
09,59EE,11,r
09,59F9,5,R
09,59FE,11,r
09,5A09,15,R
09,5A18,11,r
09,5A23,5,R
09,5A28,11,r
09,5A33,13,C
09,5A40,9,R
09,5A49,8,r
09,5A51,8,R
09,5A59,8,r
09,5A61,8,R
09,5A69,8,r
09,5A71,32,R
09,5A91,8,r
09,5A99,8,R
09,5AA1,8,r
09,5AA9,8,R
09,5AB1,8,r
09,5AB9,13,C
09,5AC6,7,R
09,5ACD,10,r
09,5AD7,6,R
09,5ADD,10,r
09,5AE7,6,R
09,5AED,10,r
09,5AF7,24,R
09,5B0F,10,r
09,5B19,6,R
09,5B1F,10,r
09,5B29,6,R
09,5B2F,10,r
09,5B39,213,C
09,5C0E,6,R
09,5C14,105,C
09,5C7D,2,R
09,5C7F,1,r
09,5C80,2,R
09,5C82,1,r
09,5C83,1,R
09,5C84,9,r
09,5C8D,6,C
09,5C93,5,R
09,5C98,1,r
09,5C99,1,R
09,5C9A,21,C
09,5CAF,2,N
09,5CB1,822,C
09,5FE7,30,T
09,6005,160,C
09,60A5,3,R
09,60A8,159,C
09,6147,3,R
09,614A,432,C
09,62FA,6,F
09,6300,10,C
09,630A,10,F
09,6314,128,C
09,6394,106,F
09,63FE,5,N
09,6403,6,F
09,6409,5,N
09,640E,6,F
09,6414,5,N
09,6419,28,F
09,6435,6,N
09,643B,178,F
09,64ED,5,N
09,64F2,59,F
09,652D,19,N
09,6540,7,F
09,6547,19,N
09,655A,60,F
09,6596,12,r
09,65A2,40,F
09,65CA,9,r
09,65D3,40,F
09,65FB,9,r
09,6604,90,F
09,665E,60,N
09,669A,11,F
09,66A5,23,N
09,66BC,37,C
09,66E1,72,R
09,6729,97,C
09,678A,2,R
09,678C,1,r
09,678D,13,R
09,679A,3,r
09,679D,1,R
09,679E,1,r
09,679F,1,R
09,67A0,1,r
09,67A1,1,R
09,67A2,1,r
09,67A3,1,R
09,67A4,1,r
09,67A5,2,R
09,67A7,2,r
09,67A9,1,R
09,67AA,20,r
09,67BE,5,R
09,67C3,2,r
09,67C5,55,C
09,67FC,2,R
09,67FE,1,r
09,67FF,16,R
09,680F,1,r
09,6810,2,R
09,6812,1,r
09,6813,5,R
09,6818,3,r
09,681B,1,R
09,681C,20,r
09,6830,42,C
09,685A,2,R
09,685C,1,r
09,685D,2,R
09,685F,2,r
09,6861,1,R
09,6862,6,r
09,6868,2,R
09,686A,5,r
09,686F,1,R
09,6870,10,r
09,687A,69,C
09,68BF,42,R
09,68E9,10,r
09,68F3,6,R
09,68F9,1,r
09,68FA,13,C
09,6907,15,F
09,6916,88,C
09,696E,13,R
09,697B,1,r
09,697C,6,R
09,6982,1,r
09,6983,1,R
09,6984,10,r
09,698E,10,C
09,6998,3,F
09,699B,16,C
09,69AB,12,R
09,69B7,12,r
09,69C3,28,C
09,69DF,16,R
09,69EF,81,C
09,6A40,46,F
09,6A6E,104,r
09,6AD6,18,C
09,6AE8,24,F
09,6B00,146,C
09,6B92,19,F
09,6BA5,12,C
09,6BB1,35,F
09,6BD4,7,N
09,6BDB,126,F
09,6C59,18,N
09,6C6B,46,F
09,6C99,72,N
09,6CE1,13,r
09,6CEE,18,C
09,6D00,18,N
09,6D12,22,C
09,6D28,5,F
09,6D2D,72,C
09,6D75,10,F
09,6D7F,29,C
09,6D9C,8,R
09,6DA4,4,r
09,6DA8,40,R
09,6DD0,12,r
09,6DDC,12,R
09,6DE8,14,r
09,6DF6,10,R
09,6E00,6,r
09,6E06,46,C
09,6E34,38,R
09,6E5A,60,r
09,6E96,46,C
09,6EC4,40,R
09,6EEC,30,r
09,6F0A,42,C
09,6F34,26,R
09,6F4E,2,r
09,6F50,75,C
09,6F9B,36,R
09,6FBF,20,C
09,6FD3,19,F
09,6FE6,8,r
09,6FEE,18,F
09,7000,8,r
09,7008,65,N
09,7049,36,r
09,706D,15,C
09,707C,54,R
09,70B2,2,r
09,70B4,73,C
09,70FD,4,F
09,7101,94,C
09,715F,8,F
09,7167,136,C
09,71EF,46,F
09,721D,34,N
09,723F,28,C
09,725B,3,R
09,725E,21,F
09,7273,1,N
09,7274,28,F
09,7290,4,C
09,7294,6,T
09,729A,152,C
09,7332,20,R
09,7346,88,C
09,739E,6,R
09,73A4,6,r
09,73AA,9,R
09,73B3,3,r
09,73B6,21,R
09,73CB,3125,r
0A,4000,54,C
0A,4036,1,N
0A,4037,1750,C
0A,470D,23,N
0A,4724,471,C
0A,48FB,24,F
0A,4913,4,C
0A,4917,24,F
0A,492F,804,C
0A,4C53,1,N
0A,4C54,597,C
0A,4EA9,39,F
0A,4ED0,1354,C
0A,541A,26,R
0A,5434,2,r
0A,5436,2,R
0A,5438,2,r
0A,543A,6,R
0A,5440,2,r
0A,5442,2,R
0A,5444,2,r
0A,5446,6,R
0A,544C,14,r
0A,545A,2,R
0A,545C,16,r
0A,546C,8,R
0A,5474,38,r
0A,549A,2,R
0A,549C,62,r
0A,54DA,889,C
0A,5853,87,N
0A,58AA,86,C
0A,5900,12,F
0A,590C,221,C
0A,59E9,12,N
0A,59F5,12,C
0A,5A01,12,N
0A,5A0D,169,C
0A,5AB6,1,N
0A,5AB7,1,F
0A,5AB8,5,N
0A,5ABD,122,C
0A,5B37,753,F
0A,5E28,24,C
0A,5E40,63,N
0A,5E7F,440,F
0A,6037,61,N
0A,6074,61,F
0A,60B1,61,N
0A,60EE,189,F
0A,61AB,1,N
0A,61AC,1,F
0A,61AD,3,N
0A,61B0,1,F
0A,61B1,1,N
0A,61B2,105,C
0A,621B,1257,F
0A,6704,57,N
0A,673D,290,F
0A,685F,1,N
0A,6860,1,F
0A,6861,5,N
0A,6866,324,C
0A,69AA,168,F
0A,6A52,395,C
0A,6BDD,1827,r
0A,7300,1024,R
0A,7700,512,r
0A,7900,512,R
0A,7B00,15,r
0A,7B0F,24,R
0A,7B27,1,r
0A,7B28,5,R
0A,7B2D,3,r
0A,7B30,6,R
0A,7B36,6,r
0A,7B3C,8,R
0A,7B44,12,r
0A,7B50,10,R
0A,7B5A,30,r
0A,7B78,15,R
0A,7B87,24,r
0A,7B9F,1,R
0A,7BA0,32,r
0A,7BC0,1,R
0A,7BC1,15,r
0A,7BD0,1,R
0A,7BD1,7,r
0A,7BD8,1,R
0A,7BD9,3,r
0A,7BDC,1,R
0A,7BDD,1,r
0A,7BDE,2,R
0A,7BE0,16,r
0A,7BF0,1,R
0A,7BF1,7,r
0A,7BF8,1,R
0A,7BF9,3,r
0A,7BFC,1,R
0A,7BFD,1,r
0A,7BFE,3,R
0A,7C01,31,r
0A,7C20,128,R
0A,7CA0,64,r
0A,7CE0,6,C
0A,7CE6,12,N
0A,7CF2,36,C
0A,7D16,746,r
0B,4000,32,R
0B,4020,335,r
0B,416F,121,U
0B,41E8,1,r
0B,41E9,27,U
0B,4204,1,r
0B,4205,101,U
0B,426A,1,r
0B,426B,45,U
0B,4298,2,r
0B,429A,191,U
0B,4359,1,r
0B,435A,1,U
0B,435B,1,r
0B,435C,3,U
0B,435F,1,r
0B,4360,20,U
0B,4374,1,r
0B,4375,32,U
0B,4395,1,r
0B,4396,26,U
0B,43B0,1,r
0B,43B1,423,U
0B,4558,1,r
0B,4559,46,U
0B,4587,1,r
0B,4588,10,U
0B,4592,1,r
0B,4593,48,U
0B,45C3,1,r
0B,45C4,198,U
0B,468A,1,r
0B,468B,21,U
0B,46A0,2,r
0B,46A2,239,U
0B,4791,1,r
0B,4792,10,U
0B,479C,2,r
0B,479E,505,U
0B,4997,1,r
0B,4998,268,U
0B,4AA4,1,r
0B,4AA5,4,U
0B,4AA9,1,r
0B,4AAA,132,U
0B,4B2E,1,r
0B,4B2F,7,U
0B,4B36,1,r
0B,4B37,23,U
0B,4B4E,1,r
0B,4B4F,36,U
0B,4B73,12,r
0B,4B7F,35,U
0B,4BA2,1,r
0B,4BA3,95,U
0B,4C02,13,r
0B,4C0F,25,U
0B,4C28,2,r
0B,4C2A,70,U
0B,4C70,3,r
0B,4C73,135,U
0B,4CFA,1,r
0B,4CFB,306,U
0B,4E2D,1,r
0B,4E2E,46,U
0B,4E5C,12,r
0B,4E68,131,U
0B,4EEB,12,r
0B,4EF7,3,U
0B,4EFA,12,r
0B,4F06,20,U
0B,4F1A,1,r
0B,4F1B,12,U
0B,4F27,3,r
0B,4F2A,9,U
0B,4F33,12,r
0B,4F3F,24,U
0B,4F57,1,r
0B,4F58,6,U
0B,4F5E,3,r
0B,4F61,6,U
0B,4F67,1,r
0B,4F68,1,U
0B,4F69,1,r
0B,4F6A,4,U
0B,4F6E,1,r
0B,4F6F,1,U
0B,4F70,1,r
0B,4F71,1,U
0B,4F72,1,r
0B,4F73,6,U
0B,4F79,1,r
0B,4F7A,1,U
0B,4F7B,2,r
0B,4F7D,7,U
0B,4F84,1,r
0B,4F85,4,U
0B,4F89,12,r
0B,4F95,1,U
0B,4F96,1,r
0B,4F97,13,U
0B,4FA4,1,r
0B,4FA5,15,U
0B,4FB4,12,r
0B,4FC0,21,U
0B,4FD5,5225,r
0B,643E,95,U
0B,649D,1,r
0B,649E,1,U
0B,649F,1,r
0B,64A0,52,U
0B,64D4,12,r
0B,64E0,1,U
0B,64E1,1,r
0B,64E2,122,U
0B,655C,12,r
0B,6568,78,U
0B,65B6,12,r
0B,65C2,1,U
0B,65C3,1,r
0B,65C4,50,U
0B,65F6,16,r
0B,6606,5,U
0B,660B,2,r
0B,660D,25,U
0B,6626,26,r
0B,6640,2,U
0B,6642,1,r
0B,6643,4,U
0B,6647,12,r
0B,6653,25,U
0B,666C,16,r
0B,667C,24,U
0B,6694,14,r
0B,66A2,3,U
0B,66A5,13,r
0B,66B2,44,U
0B,66DE,13,r
0B,66EB,19,U
0B,66FE,13,r
0B,670B,2,U
0B,670D,13,r
0B,671A,22,U
0B,6730,1,r
0B,6731,35,U
0B,6754,13,r
0B,6761,24,U
0B,6779,1,r
0B,677A,33,U
0B,679B,13,r
0B,67A8,4,U
0B,67AC,2,r
0B,67AE,27,U
0B,67C9,1,r
0B,67CA,16,U
0B,67DA,1,r
0B,67DB,178,U
0B,688D,15,r
0B,689C,2,U
0B,689E,12,r
0B,68AA,1,U
0B,68AB,1,r
0B,68AC,25,U
0B,68C5,1,r
0B,68C6,23,U
0B,68DD,12,r
0B,68E9,52,U
0B,691D,1,r
0B,691E,19,U
0B,6931,1,r
0B,6932,2,U
0B,6934,1,r
0B,6935,9,U
0B,693E,1,r
0B,693F,52,U
0B,6973,12,r
0B,697F,32,U
0B,699F,13,r
0B,69AC,21,U
0B,69C1,13,r
0B,69CE,25,U
0B,69E7,12,r
0B,69F3,3,U
0B,69F6,12,r
0B,6A02,1,U
0B,6A03,13,r
0B,6A10,31,U
0B,6A2F,12,r
0B,6A3B,45,U
0B,6A68,13,r
0B,6A75,44,U
0B,6AA1,18,r
0B,6AB3,5,U
0B,6AB8,12,r
0B,6AC4,23,U
0B,6ADB,12,r
0B,6AE7,5,U
0B,6AEC,20,r
0B,6B00,21,U
0B,6B15,14,r
0B,6B23,33,U
0B,6B44,22,r
0B,6B5A,7,U
0B,6B61,18,r
0B,6B73,1,U
0B,6B74,1,r
0B,6B75,18,U
0B,6B87,12,r
0B,6B93,2,U
0B,6B95,13,r
0B,6BA2,59,U
0B,6BDD,17,r
0B,6BEE,5,U
0B,6BF3,14,r
0B,6C01,7,U
0B,6C08,12,r
0B,6C14,59,U
0B,6C4F,12,r
0B,6C5B,3,U
0B,6C5E,13,r
0B,6C6B,37,U
0B,6C90,12,r
0B,6C9C,2,U
0B,6C9E,12,r
0B,6CAA,23,U
0B,6CC1,13,r
0B,6CCE,2,U
0B,6CD0,12,r
0B,6CDC,2,U
0B,6CDE,13,r
0B,6CEB,1,U
0B,6CEC,14,r
0B,6CFA,25,U
0B,6D13,17,r
0B,6D24,16,U
0B,6D34,27,r
0B,6D4F,2,U
0B,6D51,12,r
0B,6D5D,18,U
0B,6D6F,12,r
0B,6D7B,1,U
0B,6D7C,12,r
0B,6D88,2,U
0B,6D8A,13,r
0B,6D97,9,U
0B,6DA0,12,r
0B,6DAC,23,U
0B,6DC3,28,r
0B,6DDF,2,U
0B,6DE1,26,r
0B,6DFB,16,U
0B,6E0B,13,r
0B,6E18,17,U
0B,6E29,12,r
0B,6E35,1,U
0B,6E36,27,r
0B,6E51,16,U
0B,6E61,28,r
0B,6E7D,1,U
0B,6E7E,12,r
0B,6E8A,3,U
0B,6E8D,12,r
0B,6E99,30,U
0B,6EB7,21,r
0B,6ECC,8,U
0B,6ED4,12,r
0B,6EE0,45,U
0B,6F0D,12,r
0B,6F19,2,U
0B,6F1B,1,r
0B,6F1C,42,U
0B,6F46,70,r
0B,6F8C,45,U
0B,6FB9,15,r
0B,6FC8,58,U
0B,7002,23,r
0B,7019,24,U
0B,7031,21,r
0B,7046,20,U
0B,705A,23,r
0B,7071,2,U
0B,7073,13,r
0B,7080,33,U
0B,70A1,33,r
0B,70C2,7,U
0B,70C9,13,r
0B,70D6,1,U
0B,70D7,15,r
0B,70E6,14,U
0B,70F4,16,r
0B,7104,6,U
0B,710A,22,r
0B,7120,17,U
0B,7131,23,r
0B,7148,2,U
0B,714A,15,r
0B,7159,7,U
0B,7160,19,r
0B,7173,16,U
0B,7183,20,r
0B,7197,6,U
0B,719D,44,r
0B,71C9,5,U
0B,71CE,12,r
0B,71DA,28,U
0B,71F6,12,r
0B,7202,32,U
0B,7222,12,r
0B,722E,1,U
0B,722F,20,r
0B,7243,16,U
0B,7253,17,r
0B,7264,48,U
0B,7294,26,r
0B,72AE,45,U
0B,72DB,12,r
0B,72E7,2,U
0B,72E9,12,r
0B,72F5,2,U
0B,72F7,16,r
0B,7307,26,U
0B,7321,641,r
0B,75A2,4,U
0B,75A6,13,r
0B,75B3,18,U
0B,75C5,35,r
0B,75E8,20,U
0B,75FC,23,r
0B,7613,6,U
0B,7619,12,r
0B,7625,18,U
0B,7637,41,r
0B,7660,1,U
0B,7661,1,r
0B,7662,16,U
0B,7672,64,r
0B,76B2,4,U
0B,76B6,12,r
0B,76C2,15,U
0B,76D1,12,r
0B,76DD,1,U
0B,76DE,55,r
0B,7715,2,U
0B,7717,53,r
0B,774C,4,U
0B,7750,13,r
0B,775D,3,U
0B,7760,12,r
0B,776C,5,U
0B,7771,43,r
0B,779C,1,U
0B,779D,23,r
0B,77B4,6,U
0B,77BA,37,r
0B,77DF,2,U
0B,77E1,12,r
0B,77ED,1,U
0B,77EE,1,r
0B,77EF,6,U
0B,77F5,25,r
0B,780E,1,U
0B,780F,12,r
0B,781B,1,U
0B,781C,56,r
0B,7854,3,U
0B,7857,13,r
0B,7864,1,U
0B,7865,41,r
0B,788E,1,U
0B,788F,14,r
0B,789D,1,U
0B,789E,28,r
0B,78BA,1,U
0B,78BB,12,r
0B,78C7,1,U
0B,78C8,14,r
0B,78D6,1,U
0B,78D7,13,r
0B,78E4,16,U
0B,78F4,14,r
0B,7902,1,U
0B,7903,27,r
0B,791E,4,U
0B,7922,12,r
0B,792E,11,U
0B,7939,1,r
0B,793A,1,U
0B,793B,32,r
0B,795B,3,U
0B,795E,22,r
0B,7974,1,U
0B,7975,12,r
0B,7981,2,U
0B,7983,27,r
0B,799E,1,U
0B,799F,28,r
0B,79BB,28,U
0B,79D7,30,r
0B,79F5,2,U
0B,79F7,12,r
0B,7A03,3,U
0B,7A06,1,r
0B,7A07,2,U
0B,7A09,151,r
0B,7AA0,3,U
0B,7AA3,1,r
0B,7AA4,4,U
0B,7AA8,36,r
0B,7ACC,1,U
0B,7ACD,216,r
0B,7BA5,2,U
0B,7BA7,56,r
0B,7BDF,8,U
0B,7BE7,45,r
0B,7C14,4,U
0B,7C18,37,r
0B,7C3D,4,U
0B,7C41,674,r
0B,7EE3,11,U
0B,7EEE,108,r
0B,7F5A,2,U
0B,7F5C,3,r
0B,7F5F,2,U
0B,7F61,144,r
0B,7FF1,2,U
0B,7FF3,13,r
0C,4000,6144,R
0C,5800,576,r
0C,5A40,656,R
0C,5CD0,112,r
0C,5D40,192,R
0C,5E00,96,r
0C,5E60,544,R
0C,6080,128,r
0C,6100,2480,R
0C,6AB0,384,r
0C,6C30,1536,R
0C,7230,1488,r
0C,7800,1536,R
0C,7E00,64,r
0C,7E40,320,R
0C,7F80,80,r
0C,7FD0,48,R
0D,4000,8064,R
0D,5F80,53,r
0D,5FB5,5,U
0D,5FBA,9,r
0D,5FC3,4,U
0D,5FC7,57,r
0D,6000,4096,R
0D,7000,2304,r
0D,7900,1792,R
0E,4000,3840,R
0E,4F00,1920,r
0E,5680,1280,R
0E,5B80,1280,r
0E,6080,8064,R
0F,4000,11520,R
0F,6D00,3584,r
0F,7B00,1280,R
10,4000,3584,r
10,4E00,2688,R
10,5880,896,r
10,5C00,6272,R
10,7480,32,r
10,74A0,3,U
10,74A3,192,r
10,7563,1,U
10,7564,2,r
10,7566,1,U
10,7567,4,r
10,756B,1,U
10,756C,5,r
10,7571,1,U
10,7572,3,r
10,7575,2,U
10,7577,1,r
10,7578,27,U
10,7593,789,r
10,78A8,16,U
10,78B8,1177,r
10,7D51,1,U
10,7D52,686,r
11,4000,6144,R
11,5800,6144,r
11,7000,4096,R
12,4000,16256,R
12,7F80,128,r
13,4000,12032,R
13,6F00,256,r
13,7000,4096,R
14,4000,304,U
14,4130,1,r
14,4131,11,U
14,413C,1,r
14,413D,15,U
14,414C,2,r
14,414E,123,U
14,41C9,1,r
14,41CA,157,U
14,4267,1,r
14,4268,93,U
14,42C5,5,r
14,42CA,186,U
14,4384,1,r
14,4385,95,U
14,43E4,9,r
14,43ED,1,U
14,43EE,28,r
14,440A,1,U
14,440B,13,r
14,4418,1,U
14,4419,143,r
14,44A8,1,U
14,44A9,26,r
14,44C3,145,U
14,4554,4024,R
14,550C,756,r
14,5800,10144,R
14,7FA0,96,r
15,4000,4608,R
15,5200,512,r
15,5400,256,R
15,5500,256,r
15,5600,9472,R
15,7B00,256,r
15,7C00,1024,R
16,4000,13184,R
16,7380,2048,r
16,7B80,1152,R
17,4000,3056,R
17,4BF0,16,r
17,4C00,2304,R
17,5500,4273,r
17,65B1,3,U
17,65B4,14,r
17,65C2,4,U
17,65C6,3,r
17,65C9,7,U
17,65D0,175,r
17,667F,1,U
17,6680,384,r
17,6800,4672,R
17,7A40,192,r
17,7B00,1280,R
18,4000,15744,R
18,7D80,256,r
18,7E80,304,R
18,7FB0,80,r
19,4000,9312,R
19,6460,3341,r
19,716D,4,U
19,7171,149,r
19,7206,1,U
19,7207,269,r
19,7314,3,U
19,7317,33,r
19,7338,8,U
19,7340,2848,r
19,7E60,384,R
19,7FE0,8,r
19,7FE8,8,R
19,7FF0,16,r
1A,4000,3472,R
1A,4D90,96,r
1A,4DF0,880,R
1A,5160,3,r
1A,5163,31,U
1A,5182,115,r
1A,51F5,7,U
1A,51FC,4,r
1A,5200,4448,R
1A,6360,42,r
1A,638A,19,U
1A,639D,99,r
1A,6400,6400,R
1A,7D00,768,r
1B,4000,4144,R
1B,5030,208,r
1B,5100,8032,R
1B,7060,5,U
1B,7065,4,r
1B,7069,11,U
1B,7074,3,r
1B,7077,11,U
1B,7082,4,r
1B,7086,11,U
1B,7091,3879,r
1B,7FB8,1,U
1B,7FB9,71,r
1C,4000,4384,R
1C,5120,128,U
1C,51A0,1152,R
1C,5620,2,r
1C,5622,1,U
1C,5623,42,r
1C,564D,1,U
1C,564E,18,r
1C,5660,174,R
1C,570E,2,U
1C,5710,16,R
1C,5720,64,r
1C,5760,960,R
1C,5B20,23,r
1C,5B37,1,U
1C,5B38,9,r
1C,5B41,3,U
1C,5B44,14,r
1C,5B52,3,U
1C,5B55,11,r
1C,5B60,96,R
1C,5BC0,26,r
1C,5BDA,1,U
1C,5BDB,4,r
1C,5BDF,1,U
1C,5BE0,64,R
1C,5C20,64,r
1C,5C60,96,R
1C,5CC0,11,r
1C,5CCB,1,U
1C,5CCC,1,r
1C,5CCD,6,U
1C,5CD3,13,r
1C,5CE0,64,R
1C,5D20,39,r
1C,5D47,1,U
1C,5D48,24,r
1C,5D60,8864,R
1D,4000,2560,R
1D,4A00,1280,r
1D,4F00,7040,R
1D,6A80,128,r
1D,6B00,4128,R
1D,7B20,96,r
1D,7B80,96,R
1D,7BE0,96,r
1D,7C40,96,R
1D,7CA0,96,r
1D,7D00,672,R
1D,7FA0,32,r
1D,7FC0,64,R
1E,4000,9408,R
1E,64C0,16,r
1E,64D0,112,R
1E,6540,48,r
1E,6570,32,R
1E,6590,8,r
1E,6598,8,R
1E,65A0,8,r
1E,65A8,8,R
1E,65B0,8,r
1E,65B8,8,R
1E,65C0,8,r
1E,65C8,8,R
1E,65D0,94,r
1E,662E,11,U
1E,6639,967,r
1E,6A00,4848,R
1E,7CF0,272,r
1E,7E00,512,R
1F,4000,41,r
1F,4029,1,R
1F,402A,3,r
1F,402D,1,R
1F,402E,11,r
1F,4039,138,R
1F,40C3,2,r
1F,40C5,141,R
1F,4152,26,r
1F,416C,8,R
1F,4174,2,r
1F,4176,9,R
1F,417F,1,r
1F,4180,1,R
1F,4181,1,r
1F,4182,23,R
1F,4199,3,r
1F,419C,10,R
1F,41A6,9,r
1F,41AF,1,R
1F,41B0,4,r
1F,41B4,5,R
1F,41B9,1,r
1F,41BA,1,R
1F,41BB,63,r
1F,41FA,70,R
1F,4240,2,r
1F,4242,2,R
1F,4244,2,r
1F,4246,8,R
1F,424E,2,r
1F,4250,2,R
1F,4252,2,r
1F,4254,2,R
1F,4256,12,r
1F,4262,16,R
1F,4272,4,r
1F,4276,70,R
1F,42BC,2,r
1F,42BE,2,R
1F,42C0,2,r
1F,42C2,8,R
1F,42CA,2,r
1F,42CC,2,R
1F,42CE,2,r
1F,42D0,2,R
1F,42D2,12,r
1F,42DE,16,R
1F,42EE,4,r
1F,42F2,6,R
1F,42F8,2,r
1F,42FA,4,R
1F,42FE,2,r
1F,4300,4,R
1F,4304,1,r
1F,4305,1,U
1F,4306,6,R
1F,430C,2,r
1F,430E,4,R
1F,4312,2,r
1F,4314,4,R
1F,4318,2,r
1F,431A,8,R
1F,4322,2,r
1F,4324,22,R
1F,433A,4,r
1F,433E,8,R
1F,4346,2,r
1F,4348,22,R
1F,435E,5,r
1F,4363,5,R
1F,4368,15,C
1F,4377,5,R
1F,437C,21,C
1F,4391,10,R
1F,439B,29,C
1F,43B8,10,R
1F,43C2,29,C
1F,43DF,5,r
1F,43E4,19,F
1F,43F7,5,R
1F,43FC,5,r
1F,4401,8,C
1F,4409,30,F
1F,4427,10,R
1F,4431,33,C
1F,4452,5,R
1F,4457,8,C
1F,445F,5,R
1F,4464,43,C
1F,448F,10,R
1F,4499,39,C
1F,44C0,10,R
1F,44CA,36,C
1F,44EE,5,R
1F,44F3,9,C
1F,44FC,5,R
1F,4501,8,C
1F,4509,8,R
1F,4511,25,C
1F,452A,6,R
1F,4530,25,C
1F,4549,11,R
1F,4554,33,C
1F,4575,14,R
1F,4583,52,C
1F,45B7,10,R
1F,45C1,39,C
1F,45E8,15,R
1F,45F7,44,C
1F,4623,1,F
1F,4624,3,C
1F,4627,10,R
1F,4631,2,r
1F,4633,2,U
1F,4635,1,r
1F,4636,8,R
1F,463E,50,C
1F,4670,10,R
1F,467A,29,C
1F,4697,5,R
1F,469C,8,C
1F,46A4,5,R
1F,46A9,8,C
1F,46B1,5,R
1F,46B6,8,C
1F,46BE,5,R
1F,46C3,8,C
1F,46CB,5,R
1F,46D0,8,C
1F,46D8,5,r
1F,46DD,8,N
1F,46E5,96,R
1F,4745,54,C
1F,477B,5,R
1F,4780,42,C
1F,47AA,10,R
1F,47B4,30,C
1F,47D2,1,F
1F,47D3,6,C
1F,47D9,12,R
1F,47E5,7,r
1F,47EC,46,C
1F,481A,5,R
1F,481F,32,C
1F,483F,5,R
1F,4844,32,C
1F,4864,5,R
1F,4869,16,C
1F,4879,5,r
1F,487E,5,R
1F,4883,12,C
1F,488F,5,R
1F,4894,21,C
1F,48A9,5,R
1F,48AE,49,C
1F,48DF,2,r
1F,48E1,1,R
1F,48E2,4,r
1F,48E6,1,R
1F,48E7,5,r
1F,48EC,24,F
1F,4904,10,r
1F,490E,50,F
1F,4940,20,N
1F,4954,5,r
1F,4959,5,R
1F,495E,8,C
1F,4966,5,r
1F,496B,35,F
1F,498E,40,r
1F,49B6,45,F
1F,49E3,16,N
1F,49F3,79,r
1F,4A42,2,N
1F,4A44,29,F
1F,4A61,8,N
1F,4A69,5,r
1F,4A6E,34,F
1F,4A90,5,r
1F,4A95,35,F
1F,4AB8,15,R
1F,4AC7,24,C
1F,4ADF,15,R
1F,4AEE,23,C
1F,4B05,18,R
1F,4B17,23,C
1F,4B2E,15,R
1F,4B3D,23,C
1F,4B54,16,R
1F,4B64,46,C
1F,4B92,20,R
1F,4BA6,25,C
1F,4BBF,15,R
1F,4BCE,41,C
1F,4BF7,18,R
1F,4C09,33,C
1F,4C2A,17,R
1F,4C3B,33,C
1F,4C5C,5,R
1F,4C61,80,C
1F,4CB1,20,R
1F,4CC5,14,r
1F,4CD3,12,R
1F,4CDF,40,C
1F,4D07,17,R
1F,4D18,16,r
1F,4D28,23,F
1F,4D3F,51,C
1F,4D72,8,R
1F,4D7A,8,C
1F,4D82,4,R
1F,4D86,34,C
1F,4DA8,4,R
1F,4DAC,8,C
1F,4DB4,4,R
1F,4DB8,8,C
1F,4DC0,49,R
1F,4DF1,23,C
1F,4E08,25,R
1F,4E21,32,C
1F,4E41,8,R
1F,4E49,29,C
1F,4E66,8,r
1F,4E6E,33,F
1F,4E8F,8,R
1F,4E97,33,C
1F,4EB8,4,r
1F,4EBC,29,N
1F,4ED9,4,R
1F,4EDD,11,C
1F,4EE8,4,R
1F,4EEC,8,C
1F,4EF4,4,R
1F,4EF8,8,C
1F,4F00,12,R
1F,4F0C,1,r
1F,4F0D,27,C
1F,4F28,4,r
1F,4F2C,33,C
1F,4F4D,8,R
1F,4F55,1,r
1F,4F56,23,C
1F,4F6D,5,r
1F,4F72,74,F
1F,4FBC,6,N
1F,4FC2,9,R
1F,4FCB,31,C
1F,4FEA,11,R
1F,4FF5,50,C
1F,5027,5,R
1F,502C,40,C
1F,5054,5,r
1F,5059,50,C
1F,508B,5,r
1F,5090,20,F
1F,50A4,7,C
1F,50AB,14,F
1F,50B9,5,R
1F,50BE,39,C
1F,50E5,5,R
1F,50EA,38,C
1F,5110,5,R
1F,5115,115,C
1F,5188,6,F
1F,518E,28,C
1F,51AA,16,r
1F,51BA,80,R
1F,520A,32,C
1F,522A,2,N
1F,522C,8,C
1F,5234,8,N
1F,523C,15,C
1F,524B,7,N
1F,5252,359,C
1F,53B9,71,N
1F,5400,15,F
1F,540F,820,C
1F,5743,9,N
1F,574C,37,C
1F,5771,72,R
1F,57B9,13,r
1F,57C6,14,R
1F,57D4,2,r
1F,57D6,60,R
1F,5812,2,r
1F,5814,20,R
1F,5828,2,r
1F,582A,40,R
1F,5852,4,r
1F,5856,168,R
1F,58FE,4,r
1F,5902,38,R
1F,5928,1,r
1F,5929,314,R
1F,5A63,1,r
1F,5A64,63,R
1F,5AA3,6,r
1F,5AA9,2,R
1F,5AAB,4,r
1F,5AAF,58,R
1F,5AE9,1,r
1F,5AEA,52,R
1F,5B1E,1,r
1F,5B1F,606,R
1F,5D7D,1,r
1F,5D7E,2223,R
1F,662D,2,r
1F,662F,28,R
1F,664B,1,r
1F,664C,22,R
1F,6662,1,r
1F,6663,35,R
1F,6686,1,r
1F,6687,12,R
1F,6693,1,r
1F,6694,250,R
1F,678E,1,r
1F,678F,10,R
1F,6799,1,r
1F,679A,16,R
1F,67AA,1,r
1F,67AB,297,R
1F,68D4,1,r
1F,68D5,875,R
1F,6C40,6,r
1F,6C46,192,R
1F,6D06,40,r
1F,6D2E,534,R
1F,6F44,3,r
1F,6F47,172,R
1F,6FF3,1,r
1F,6FF4,354,R
1F,7156,68,r
1F,719A,201,R
1F,7263,1,r
1F,7264,51,R
1F,7297,1,r
1F,7298,42,R
1F,72C2,1,r
1F,72C3,91,R
1F,731E,1,r
1F,731F,54,R
1F,7355,1,r
1F,7356,61,R
1F,7393,1,r
1F,7394,35,R
1F,73B7,29,r
1F,73D4,417,R
1F,7575,43,r
1F,75A0,388,R
1F,7724,6,r
1F,772A,151,R
1F,77C1,8,r
1F,77C9,1602,R
1F,7E0B,31,r
1F,7E2A,244,R
1F,7F1E,18,r
1F,7F30,121,R
1F,7FA9,71,r
1F,7FF0,3,C
1F,7FF3,3,N
1F,7FF6,3,C
1F,7FF9,7,r
20,4000,13456,R
20,7490,96,r
20,74F0,2832,R
21,4000,3264,R
21,4CC0,64,r
21,4D00,640,R
21,4F80,64,r
21,4FC0,128,R
21,5040,64,r
21,5080,16,R
21,5090,144,r
21,5120,32,R
21,5140,288,r
21,5260,32,R
21,5280,608,r
21,54E0,64,R
21,5520,256,r
21,5620,64,R
21,5660,32,r
21,5680,16,R
21,5690,16,r
21,56A0,464,R
21,5870,400,r
21,5A00,4272,R
21,6AB0,272,r
21,6BC0,4160,R
21,7C00,192,r
21,7CC0,832,R
22,4000,10944,R
22,6AC0,128,r
22,6B40,5130,R
22,7F4A,22,r
22,7F60,10,R
22,7F6A,22,r
22,7F80,10,R
22,7F8A,22,r
22,7FA0,10,R
22,7FAA,22,r
22,7FC0,10,R
22,7FCA,22,r
22,7FE0,10,R
22,7FEA,22,r
23,4000,2912,R
23,4B60,352,r
23,4CC0,2000,R
23,5490,48,r
23,54C0,1024,R
23,58C0,2048,r
23,60C0,2752,R
23,6B80,256,r
23,6C80,1332,R
23,71B4,12,r
23,71C0,20,R
23,71D4,12,r
23,71E0,20,R
23,71F4,12,r
23,7200,20,R
23,7214,12,r
23,7220,20,R
23,7234,12,r
23,7240,20,R
23,7254,12,r
23,7260,20,R
23,7274,12,r
23,7280,1248,R
23,7760,32,r
23,7780,1472,R
23,7D40,32,r
23,7D60,672,R
24,4000,3648,R
24,4E40,32,r
24,4E60,192,R
24,4F20,224,r
24,5000,1792,R
24,5700,224,r
24,57E0,1824,R
24,5F00,64,r
24,5F40,320,R
24,6080,32,r
24,60A0,20,R
24,60B4,12,r
24,60C0,20,R
24,60D4,12,r
24,60E0,20,R
24,60F4,12,r
24,6100,20,R
24,6114,12,r
24,6120,20,R
24,6134,12,r
24,6140,84,R
24,6194,12,r
24,61A0,20,R
24,61B4,12,r
24,61C0,84,R
24,6214,12,r
24,6220,20,R
24,6234,12,r
24,6240,20,R
24,6254,12,r
24,6260,20,R
24,6274,12,r
24,6280,20,R
24,6294,12,r
24,62A0,20,R
24,62B4,12,r
24,62C0,20,R
24,62D4,12,r
24,62E0,128,R
24,6360,64,r
24,63A0,7264,R
25,4000,2688,R
25,4A80,12,U
25,4A8C,7,r
25,4A93,17,U
25,4AA4,8,r
25,4AAC,57,U
25,4AE5,10,r
25,4AEF,8,U
25,4AF7,10,r
25,4B01,53,U
25,4B36,1,r
25,4B37,32,U
25,4B57,15,r
25,4B66,26,U
25,4B80,8,r
25,4B88,16,U
25,4B98,3,r
25,4B9B,8,U
25,4BA3,7,r
25,4BAA,11,U
25,4BB5,11,r
25,4BC0,4,U
25,4BC4,13,r
25,4BD1,17,U
25,4BE2,8,r
25,4BEA,9,U
25,4BF3,10,r
25,4BFD,18,U
25,4C0F,8,r
25,4C17,10,U
25,4C21,7,r
25,4C28,8,U
25,4C30,8,r
25,4C38,1,U
25,4C39,7,r
25,4C40,14,U
25,4C4E,8,r
25,4C56,17,U
25,4C67,1,r
25,4C68,4,U
25,4C6C,21,r
25,4C81,4,U
25,4C85,10,r
25,4C8F,10,U
25,4C99,8,r
25,4CA1,24,U
25,4CB9,4,r
25,4CBD,20,U
25,4CD1,11,r
25,4CDC,2,U
25,4CDE,8,r
25,4CE6,10,U
25,4CF0,8,r
25,4CF8,16,U
25,4D08,8,r
25,4D10,39,U
25,4D37,20,r
25,4D4B,7,U
25,4D52,12,r
25,4D5E,22,U
25,4D74,1,r
25,4D75,5,U
25,4D7A,12,r
25,4D86,8,U
25,4D8E,10,r
25,4D98,1,U
25,4D99,5,r
25,4D9E,4,U
25,4DA2,2,r
25,4DA4,10,U
25,4DAE,17,r
25,4DBF,1,U
25,4DC0,704,R
25,5080,4,r
25,5084,3,U
25,5087,15,r
25,5096,10,U
25,50A0,3,r
25,50A3,7,U
25,50AA,8,r
25,50B2,14,U
25,50C0,608,R
25,5320,8,r
25,5328,2,U
25,532A,15,r
25,5339,24,U
25,5351,15,r
25,5360,1184,R
25,5800,64,r
25,5840,6432,R
25,7160,64,r
25,71A0,1088,R
25,75E0,1152,r
25,7A60,1440,R
26,4000,1280,R
26,4500,106,U
26,456A,1,r
26,456B,240,U
26,465B,11,r
26,4666,1,U
26,4667,1,r
26,4668,83,U
26,46BB,8,r
26,46C3,101,U
26,4728,8,r
26,4730,25,U
26,4749,9,r
26,4752,31,U
26,4771,2,r
26,4773,44,U
26,479F,1,r
26,47A0,163,U
26,4843,8,r
26,484B,26,U
26,4865,8,r
26,486D,19,U
26,4880,5056,R
26,5C40,576,r
26,5E80,3456,R
26,6C00,576,r
26,6E40,576,R
26,7080,576,r
26,72C0,2324,R
26,7BD4,12,r
26,7BE0,20,R
26,7BF4,12,r
26,7C00,20,R
26,7C14,12,r
26,7C20,20,R
26,7C34,12,r
26,7C40,20,R
26,7C54,12,r
26,7C60,20,R
26,7C74,12,r
26,7C80,20,R
26,7C94,12,r
26,7CA0,20,R
26,7CB4,12,r
26,7CC0,20,R
26,7CD4,12,r
26,7CE0,20,R
26,7CF4,12,r
26,7D00,20,R
26,7D14,12,r
26,7D20,20,R
26,7D34,12,r
26,7D40,20,R
26,7D54,12,r
26,7D60,20,R
26,7D74,12,r
26,7D80,20,R
26,7D94,12,r
26,7DA0,20,R
26,7DB4,12,r
26,7DC0,20,R
26,7DD4,12,r
26,7DE0,20,R
26,7DF4,12,r
26,7E00,384,R
26,7F80,128,r
27,4000,1906,R
27,4772,20,U
27,4786,8,r
27,478E,10,U
27,4798,1,r
27,4799,7,U
27,47A0,9,r
27,47A9,3,U
27,47AC,1,r
27,47AD,25,U
27,47C6,10,r
27,47D0,9,U
27,47D9,9,r
27,47E2,31,U
27,4801,22,r
27,4817,3,U
27,481A,10,r
27,4824,19,U
27,4837,16,r
27,4847,20,U
27,485B,9,r
27,4864,9,U
27,486D,3,r
27,4870,576,R
27,4AB0,10,r
27,4ABA,13,U
27,4AC7,9,r
27,4AD0,16,R
27,4AE0,16,U
27,4AF0,16,R
27,4B00,9,r
27,4B09,4,U
27,4B0D,3,r
27,4B10,32,R
27,4B30,2,r
27,4B32,7,U
27,4B39,1,r
27,4B3A,1,U
27,4B3B,21,r
27,4B50,16,R
27,4B60,14,r
27,4B6E,2,U
27,4B70,10,r
27,4B7A,7,U
27,4B81,9,r
27,4B8A,3,U
27,4B8D,3,r
27,4B90,16,R
27,4BA0,5,r
27,4BA5,1,U
27,4BA6,8,r
27,4BAE,17,U
27,4BBF,8,r
27,4BC7,11,U
27,4BD2,15,r
27,4BE1,34,U
27,4C03,17,r
27,4C14,5,U
27,4C19,8,r
27,4C21,18,U
27,4C33,7,r
27,4C3A,3,U
27,4C3D,14,r
27,4C4B,1,U
27,4C4C,12,r
27,4C58,14,U
27,4C66,1,r
27,4C67,2,U
27,4C69,11,r
27,4C74,2,U
27,4C76,11,r
27,4C81,5,U
27,4C86,16,r
27,4C96,3,U
27,4C99,7,r
27,4CA0,5,U
27,4CA5,8,r
27,4CAD,3,U
27,4CB0,7114,R
27,687A,22,r
27,6890,10,R
27,689A,22,r
27,68B0,10,R
27,68BA,22,r
27,68D0,10,R
27,68DA,22,r
27,68F0,10,R
27,68FA,86,r
27,6950,10,R
27,695A,22,r
27,6970,10,R
27,697A,22,r
27,6990,10,R
27,699A,22,r
27,69B0,10,R
27,69BA,22,r
27,69D0,10,R
27,69DA,22,r
27,69F0,10,R
27,69FA,22,r
27,6A10,10,R
27,6A1A,22,r
27,6A30,10,R
27,6A3A,86,r
27,6A90,10,R
27,6A9A,22,r
27,6AB0,10,R
27,6ABA,22,r
27,6AD0,10,R
27,6ADA,22,r
27,6AF0,3936,R
27,7A50,1456,r
28,4000,1280,R
28,4500,1280,r
28,4A00,1920,R
28,5180,29,U
28,519D,5,r
28,51A2,9,U
28,51AB,6,r
28,51B1,118,U
28,5227,5,r
28,522C,1,U
28,522D,5,r
28,5232,12,U
28,523E,12,r
28,524A,12,U
28,5256,16,r
28,5266,100,U
28,52CA,5,r
28,52CF,66,U
28,5311,5,r
28,5316,55,U
28,534D,5,r
28,5352,68,U
28,5396,5,r
28,539B,3,U
28,539E,5,r
28,53A3,12,U
28,53AF,8,r
28,53B7,19,U
28,53CA,9,r
28,53D3,2,U
28,53D5,5,r
28,53DA,5,U
28,53DF,6,r
28,53E5,27,U
28,5400,3840,R
28,6300,54,U
28,6336,9,r
28,633F,27,U
28,635A,9,r
28,6363,46,U
28,6391,5,r
28,6396,27,U
28,63B1,5,r
28,63B6,16,U
28,63C6,5,r
28,63CB,10,U
28,63D5,6,r
28,63DB,4,U
28,63DF,9,r
28,63E8,55,U
28,641F,5,r
28,6424,2,U
28,6426,5,r
28,642B,21,U
28,6440,9,r
28,6449,48,U
28,6479,8,r
28,6481,11,U
28,648C,9,r
28,6495,26,U
28,64AF,5,r
28,64B4,19,U
28,64C7,8,r
28,64CF,1,U
28,64D0,5,r
28,64D5,18,U
28,64E7,7,r
28,64EE,181,U
28,65A3,5,r
28,65A8,74,U
28,65F2,8,r
28,65FA,1,U
28,65FB,17,r
28,660C,17,U
28,661D,5,r
28,6622,9,U
28,662B,1,r
28,662C,2,U
28,662E,5,r
28,6633,22,U
28,6649,5,r
28,664E,89,U
28,66A7,6,r
28,66AD,1,U
28,66AE,6,r
28,66B4,23,U
28,66CB,5,r
28,66D0,1,U
28,66D1,9,r
28,66DA,36,U
28,66FE,8,r
28,6706,6,U
28,670C,16,r
28,671C,13,U
28,6729,11,r
28,6734,20,U
28,6748,1,r
28,6749,6,U
28,674F,9,r
28,6758,37,U
28,677D,5,r
28,6782,3,U
28,6785,9,r
28,678E,68,U
28,67D2,5,r
28,67D7,41,U
28,6800,5,r
28,6805,15,U
28,6814,11,r
28,681F,17,U
28,6830,2,r
28,6832,18,U
28,6844,1,r
28,6845,35,U
28,6868,9,r
28,6871,10,U
28,687B,5,r
28,6880,4,U
28,6884,8,r
28,688C,4,U
28,6890,5,r
28,6895,10,U
28,689F,6,r
28,68A5,5,U
28,68AA,5,r
28,68AF,2,U
28,68B1,5,r
28,68B6,7,U
28,68BD,9,r
28,68C6,14,U
28,68D4,5,r
28,68D9,2,U
28,68DB,9,r
28,68E4,8,U
28,68EC,5,r
28,68F1,21,U
28,6906,9,r
28,690F,66,U
28,6951,9,r
28,695A,8,U
28,6962,5,r
28,6967,77,U
28,69B4,5,r
28,69B9,21,U
28,69CE,9,r
28,69D7,6,U
28,69DD,9,r
28,69E6,16,U
28,69F6,5,r
28,69FB,10,U
28,6A05,5,r
28,6A0A,5,U
28,6A0F,9,r
28,6A18,62,U
28,6A56,5,r
28,6A5B,10,U
28,6A65,1,r
28,6A66,7,U
28,6A6D,9,r
28,6A76,58,U
28,6AB0,5,r
28,6AB5,31,U
28,6AD4,1,r
28,6AD5,10,U
28,6ADF,1,r
28,6AE0,19,U
28,6AF3,9,r
28,6AFC,2,U
28,6AFE,6,r
28,6B04,3,U
28,6B07,5,r
28,6B0C,1,U
28,6B0D,1,r
28,6B0E,31,U
28,6B2D,5,r
28,6B32,9,U
28,6B3B,5,r
28,6B40,18,U
28,6B52,9,r
28,6B5B,26,U
28,6B75,5,r
28,6B7A,1,U
28,6B7B,5,r
28,6B80,1,U
28,6B81,18,r
28,6B93,30,U
28,6BB1,5,r
28,6BB6,3,U
28,6BB9,5,r
28,6BBE,10,U
28,6BC8,11,r
28,6BD3,4,U
28,6BD7,9,r
28,6BE0,35,U
28,6C03,5,r
28,6C08,23,U
28,6C1F,5,r
28,6C24,61,U
28,6C61,14,r
28,6C6F,11,U
28,6C7A,12,r
28,6C86,4,U
28,6C8A,5,r
28,6C8F,40,U
28,6CB7,14,r
28,6CC5,2,U
28,6CC7,14,r
28,6CD5,8,U
28,6CDD,8,r
28,6CE5,17,U
28,6CF6,9,r
28,6CFF,42,U
28,6D29,5,r
28,6D2E,1,U
28,6D2F,9,r
28,6D38,2,U
28,6D3A,11,r
28,6D45,31,U
28,6D64,5,r
28,6D69,17,U
28,6D7A,16,r
28,6D8A,1,U
28,6D8B,5,r
28,6D90,12,U
28,6D9C,12,r
28,6DA8,31,U
28,6DC7,5,r
28,6DCC,46,U
28,6DFA,8,r
28,6E02,10,U
28,6E0C,5,r
28,6E11,8,U
28,6E19,5,r
28,6E1E,16,U
28,6E2E,10,r
28,6E38,25,U
28,6E51,5,r
28,6E56,25,U
28,6E6F,9,r
28,6E78,2,U
28,6E7A,5,r
28,6E7F,22,U
28,6E95,31,r
28,6EB4,1,U
28,6EB5,9,r
28,6EBE,20,U
28,6ED2,5,r
28,6ED7,12,U
28,6EE3,5,r
28,6EE8,18,U
28,6EFA,8,r
28,6F02,5,U
28,6F07,18,r
28,6F19,4,U
28,6F1D,9,r
28,6F26,27,U
28,6F41,5,r
28,6F46,4,U
28,6F4A,5,r
28,6F4F,59,U
28,6F8A,5,r
28,6F8F,9,U
28,6F98,12,r
28,6FA4,52,U
28,6FD8,9,r
28,6FE1,31,U
28,7000,4096,R
29,4000,7488,R
29,5D40,704,U
29,6000,89,R
29,6059,356,r
29,61BD,32,U
29,61DD,2,r
29,61DF,210,U
29,62B1,1,r
29,62B2,773,U
29,65B7,1,r
29,65B8,113,U
29,6629,2,r
29,662B,183,U
29,66E2,1,r
29,66E3,14,U
29,66F1,1,r
29,66F2,100,U
29,6756,1,r
29,6757,272,U
29,6867,1,r
29,6868,65,U
29,68A9,12,r
29,68B5,50,U
29,68E7,1,r
29,68E8,215,U
29,69BF,1,r
29,69C0,233,U
29,6AA9,1,r
29,6AAA,235,U
29,6B95,13,r
29,6BA2,2,U
29,6BA4,1,r
29,6BA5,128,U
29,6C25,1,r
29,6C26,158,U
29,6CC4,1,r
29,6CC5,108,U
29,6D31,12,r
29,6D3D,95,U
29,6D9C,1,r
29,6D9D,50,U
29,6DCF,12,r
29,6DDB,45,U
29,6E08,12,r
29,6E14,45,U
29,6E41,12,r
29,6E4D,46,U
29,6E7B,22,r
29,6E91,35,U
29,6EB4,12,r
29,6EC0,154,U
29,6F5A,12,r
29,6F66,214,U
29,703C,1,r
29,703D,372,U
29,71B1,1,r
29,71B2,300,U
29,72DE,1,r
29,72DF,222,U
29,73BD,13,r
29,73CA,4,U
29,73CE,1,r
29,73CF,17,U
29,73E0,1,r
29,73E1,2,U
29,73E3,1,r
29,73E4,62,U
29,7422,1,r
29,7423,106,U
29,748D,1,r
29,748E,2,U
29,7490,1,r
29,7491,2,U
29,7493,3,r
29,7496,28,U
29,74B2,14,r
29,74C0,121,U
29,7539,1,r
29,753A,173,U
29,75E7,2,r
29,75E9,4,U
29,75ED,1,r
29,75EE,59,U
29,7629,1,r
29,762A,100,U
29,768E,1,r
29,768F,12,U
29,769B,1,r
29,769C,3,U
29,769F,2,r
29,76A1,1,U
29,76A2,1,r
29,76A3,120,U
29,771B,13,r
29,7728,15,U
29,7737,1,r
29,7738,5,U
29,773D,1,r
29,773E,11,U
29,7749,1,r
29,774A,2,U
29,774C,1,r
29,774D,5,U
29,7752,1,r
29,7753,7,U
29,775A,1,r
29,775B,25,U
29,7774,1,r
29,7775,67,U
29,77B8,13,r
29,77C5,47,U
29,77F4,1,r
29,77F5,1,U
29,77F6,1,r
29,77F7,2,U
29,77F9,1,r
29,77FA,4,U
29,77FE,1,r
29,77FF,127,U
29,787E,1,r
29,787F,35,U
29,78A2,4,r
29,78A6,29,U
29,78C3,1,r
29,78C4,124,U
29,7940,1,r
29,7941,13,U
29,794E,2,r
29,7950,1,U
29,7951,1,r
29,7952,1,U
29,7953,1,r
29,7954,1,U
29,7955,1,r
29,7956,21,U
29,796B,1,r
29,796C,22,U
29,7982,13,r
29,798F,107,U
29,79FA,2,r
29,79FC,4,U
29,7A00,1,r
29,7A01,1,U
29,7A02,1,r
29,7A03,79,U
29,7A52,1,r
29,7A53,80,U
29,7AA3,3,r
29,7AA6,1,U
29,7AA7,2,r
29,7AA9,5,U
29,7AAE,1,r
29,7AAF,35,U
29,7AD2,1,r
29,7AD3,20,U
29,7AE7,12,r
29,7AF3,16,U
29,7B03,1,r
29,7B04,8,U
29,7B0C,1,r
29,7B0D,6,U
29,7B13,13,r
29,7B20,30,U
29,7B3E,13,r
29,7B4B,4,U
29,7B4F,1,r
29,7B50,1,U
29,7B51,1,r
29,7B52,1,U
29,7B53,2,r
29,7B55,4,U
29,7B59,1,r
29,7B5A,13,U
29,7B67,1,r
29,7B68,7,U
29,7B6F,1,r
29,7B70,44,U
29,7B9C,1,r
29,7B9D,18,U
29,7BAF,12,r
29,7BBB,20,U
29,7BCF,1,r
29,7BD0,45,U
29,7BFD,4,r
29,7C01,2,U
29,7C03,2,r
29,7C05,8,U
29,7C0D,1,r
29,7C0E,3,U
29,7C11,1,r
29,7C12,1,U
29,7C13,13,r
29,7C20,31,U
29,7C3F,1,r
29,7C40,21,U
29,7C55,1,r
29,7C56,8,U
29,7C5E,1,r
29,7C5F,54,U
29,7C95,1,r
29,7C96,5,U
29,7C9B,1,r
29,7C9C,11,U
29,7CA7,1,r
29,7CA8,1,U
29,7CA9,2,r
29,7CAB,4,U
29,7CAF,2,r
29,7CB1,4,U
29,7CB5,2,r
29,7CB7,6,U
29,7CBD,1,r
29,7CBE,7,U
29,7CC5,1,r
29,7CC6,111,U
29,7D35,1,r
29,7D36,28,U
29,7D52,1,r
29,7D53,1,U
29,7D54,1,r
29,7D55,2,U
29,7D57,1,r
29,7D58,2,U
29,7D5A,1,r
29,7D5B,2,U
29,7D5D,1,r
29,7D5E,4,U
29,7D62,2,r
29,7D64,15,U
29,7D73,1,r
29,7D74,11,U
29,7D7F,2,r
29,7D81,26,U
29,7D9B,1,r
29,7D9C,24,U
29,7DB4,1,r
29,7DB5,47,U
29,7DE4,1,r
29,7DE5,8,U
29,7DED,13,r
29,7DFA,6,U
29,7E00,1,r
29,7E01,1,U
29,7E02,2,r
29,7E04,2,U
29,7E06,1,r
29,7E07,1,U
29,7E08,1,r
29,7E09,4,U
29,7E0D,6,r
29,7E13,11,U
29,7E1E,2,r
29,7E20,3,U
29,7E23,477,r
2A,4000,4256,R
2A,50A0,192,r
2A,5160,29,U
2A,517D,1,r
2A,517E,2,U
2A,5180,256,r
2A,5280,64,U
2A,52C0,192,r
2A,5380,64,U
2A,53C0,32,r
2A,53E0,32,U
2A,5400,2112,R
2A,5C40,382,r
2A,5DBE,226,U
2A,5EA0,32,r
2A,5EC0,83,U
2A,5F13,14,r
2A,5F21,4,U
2A,5F25,39,r
2A,5F4C,1,U
2A,5F4D,1,r
2A,5F4E,40,U
2A,5F76,106,r
2A,5FE0,4032,R
2A,6FA0,32,r
2A,6FC0,13,U
2A,6FCD,1,r
2A,6FCE,11,U
2A,6FD9,69,r
2A,701E,1,U
2A,701F,1,r
2A,7020,1,U
2A,7021,1,r
2A,7022,5,U
2A,7027,14,r
2A,7035,4,U
2A,7039,39,r
2A,7060,1,U
2A,7061,1,r
2A,7062,7,U
2A,7069,1,r
2A,706A,30,U
2A,7088,1,r
2A,7089,55,U
2A,70C0,1,r
2A,70C1,15,U
2A,70D0,1,r
2A,70D1,68,U
2A,7115,28,r
2A,7131,1,U
2A,7132,28,r
2A,714E,1,U
2A,714F,4,r
2A,7153,1,U
2A,7154,8,r
2A,715C,1,U
2A,715D,1,r
2A,715E,29,U
2A,717B,1,r
2A,717C,15,U
2A,718B,1,r
2A,718C,72,U
2A,71D4,1,r
2A,71D5,13,U
2A,71E2,1,r
2A,71E3,14,U
2A,71F1,2,r
2A,71F3,16,U
2A,7203,1,r
2A,7204,10,U
2A,720E,1,r
2A,720F,27,U
2A,722A,1,r
2A,722B,23,U
2A,7242,1,r
2A,7243,5,U
2A,7248,1,r
2A,7249,10,U
2A,7253,1,r
2A,7254,1,U
2A,7255,1,r
2A,7256,13,U
2A,7263,2,r
2A,7265,10,U
2A,726F,71,r
2A,72B6,1,U
2A,72B7,13,r
2A,72C4,1,U
2A,72C5,1,r
2A,72C6,3,U
2A,72C9,1,r
2A,72CA,22,U
2A,72E0,1,r
2A,72E1,74,U
2A,732B,2,r
2A,732D,29,U
2A,734A,1,r
2A,734B,11,U
2A,7356,13,r
2A,7363,4,U
2A,7367,25,r
2A,7380,1,U
2A,7381,16,r
2A,7391,16,U
2A,73A1,1,r
2A,73A2,2,U
2A,73A4,1,r
2A,73A5,9,U
2A,73AE,2,r
2A,73B0,14,U
2A,73BE,1,r
2A,73BF,25,U
2A,73D8,1,r
2A,73D9,1,U
2A,73DA,1,r
2A,73DB,43,U
2A,7406,1,r
2A,7407,13,U
2A,7414,1,r
2A,7415,13,U
2A,7422,1,r
2A,7423,10,U
2A,742D,2,r
2A,742F,2,U
2A,7431,1,r
2A,7432,39,U
2A,7459,1,r
2A,745A,6,U
2A,7460,14,r
2A,746E,3,U
2A,7471,42,r
2A,749B,23,U
2A,74B2,1,r
2A,74B3,58,U
2A,74ED,1,r
2A,74EE,50,U
2A,7520,32,r
2A,7540,2,U
2A,7542,1,r
2A,7543,3,U
2A,7546,57,r
2A,757F,1,U
2A,7580,16,r
2A,7590,4,U
2A,7594,61,r
2A,75D1,1,U
2A,75D2,1,r
2A,75D3,9,U
2A,75DC,2,r
2A,75DE,3,U
2A,75E1,1,r
2A,75E2,25,U
2A,75FB,1,r
2A,75FC,1,U
2A,75FD,1,r
2A,75FE,23,U
2A,7615,1,r
2A,7616,18,U
2A,7628,1,r
2A,7629,54,U
2A,765F,1,r
2A,7660,6,U
2A,7666,57,r
2A,769F,1,U
2A,76A0,6,r
2A,76A6,1,U
2A,76A7,6,r
2A,76AD,9,U
2A,76B6,1,r
2A,76B7,13,U
2A,76C4,1,r
2A,76C5,45,U
2A,76F2,1,r
2A,76F3,21,U
2A,7708,1,r
2A,7709,13,U
2A,7716,1,r
2A,7717,6,U
2A,771D,1,r
2A,771E,4,U
2A,7722,85,r
2A,7777,1,U
2A,7778,28,r
2A,7794,1,U
2A,7795,13,r
2A,77A2,1,U
2A,77A3,21,r
2A,77B8,1,U
2A,77B9,6,r
2A,77BF,1,U
2A,77C0,1,r
2A,77C1,11,U
2A,77CC,1,r
2A,77CD,19,U
2A,77E0,32,r
2A,7800,28,U
2A,781C,1,r
2A,781D,3,U
2A,7820,1,r
2A,7821,1,U
2A,7822,1,r
2A,7823,7,U
2A,782A,15,r
2A,7839,2,U
2A,783B,37,r
2A,7860,32,R
2A,7880,1,r
2A,7881,1,U
2A,7882,1,r
2A,7883,4,U
2A,7887,2,r
2A,7889,6,U
2A,788F,1,r
2A,7890,1,U
2A,7891,1,r
2A,7892,6,U
2A,7898,1,r
2A,7899,2,U
2A,789B,1,r
2A,789C,2,U
2A,789E,1,r
2A,789F,10,U
2A,78A9,1,r
2A,78AA,1,U
2A,78AB,1,r
2A,78AC,9,U
2A,78B5,1,r
2A,78B6,1,U
2A,78B7,1,r
2A,78B8,11,U
2A,78C3,1,r
2A,78C4,3,U
2A,78C7,2,r
2A,78C9,23,U
2A,78E0,1,r
2A,78E1,24,U
2A,78F9,1,r
2A,78FA,14,U
2A,7908,1,r
2A,7909,12,U
2A,7915,1,r
2A,7916,11,U
2A,7921,1,r
2A,7922,2,U
2A,7924,1,r
2A,7925,13,U
2A,7932,1,r
2A,7933,6,U
2A,7939,1,r
2A,793A,6,U
2A,7940,1,r
2A,7941,3,U
2A,7944,1,r
2A,7945,1,U
2A,7946,1,r
2A,7947,3,U
2A,794A,1,r
2A,794B,1,U
2A,794C,1,r
2A,794D,8,U
2A,7955,1,r
2A,7956,3,U
2A,7959,1,r
2A,795A,3,U
2A,795D,1,r
2A,795E,19,U
2A,7971,1,r
2A,7972,20,U
2A,7986,1,r
2A,7987,11,U
2A,7992,1,r
2A,7993,13,U
2A,79A0,1,r
2A,79A1,14,U
2A,79AF,1,r
2A,79B0,30,U
2A,79CE,1,r
2A,79CF,2,U
2A,79D1,1,r
2A,79D2,4,U
2A,79D6,1,r
2A,79D7,3,U
2A,79DA,1,r
2A,79DB,4,U
2A,79DF,1,r
2A,79E0,8,U
2A,79E8,1,r
2A,79E9,2,U
2A,79EB,1,r
2A,79EC,2,U
2A,79EE,1,r
2A,79EF,1,U
2A,79F0,3,r
2A,79F3,2,U
2A,79F5,2,r
2A,79F7,5,U
2A,79FC,1,r
2A,79FD,7,U
2A,7A04,1,r
2A,7A05,5,U
2A,7A0A,1,r
2A,7A0B,8,U
2A,7A13,1,r
2A,7A14,2,U
2A,7A16,2,r
2A,7A18,2,U
2A,7A1A,1,r
2A,7A1B,10,U
2A,7A25,13,r
2A,7A32,2,U
2A,7A34,117,r
2A,7AA9,1,U
2A,7AAA,3,r
2A,7AAD,8,U
2A,7AB5,1,r
2A,7AB6,15,U
2A,7AC5,2,r
2A,7AC7,10,U
2A,7AD1,1,r
2A,7AD2,1,U
2A,7AD3,1,r
2A,7AD4,12,U
2A,7AE0,32,r
2A,7B00,3,U
2A,7B03,2,r
2A,7B05,17,U
2A,7B16,3,r
2A,7B19,3,U
2A,7B1C,1,r
2A,7B1D,2,U
2A,7B1F,1,r
2A,7B20,7,U
2A,7B27,1,r
2A,7B28,1,U
2A,7B29,14,r
2A,7B37,1,U
2A,7B38,117,r
2A,7BAD,1,U
2A,7BAE,16,r
2A,7BBE,8,U
2A,7BC6,1,r
2A,7BC7,4,U
2A,7BCB,1,r
2A,7BCC,9,U
2A,7BD5,1,r
2A,7BD6,10,U
2A,7BE0,1,r
2A,7BE1,2,U
2A,7BE3,1,r
2A,7BE4,4,U
2A,7BE8,1,r
2A,7BE9,10,U
2A,7BF3,3,r
2A,7BF6,1,U
2A,7BF7,1,r
2A,7BF8,1,U
2A,7BF9,1,r
2A,7BFA,1,U
2A,7BFB,1,r
2A,7BFC,2,U
2A,7BFE,1,r
2A,7BFF,2,U
2A,7C01,2,r
2A,7C03,2,U
2A,7C05,1,r
2A,7C06,1,U
2A,7C07,1,r
2A,7C08,2,U
2A,7C0A,14,r
2A,7C18,3,U
2A,7C1B,79,r
2A,7C6A,1,U
2A,7C6B,5,r
2A,7C70,1,U
2A,7C71,6,r
2A,7C77,1,U
2A,7C78,1,r
2A,7C79,8,U
2A,7C81,1,r
2A,7C82,1,U
2A,7C83,1,r
2A,7C84,11,U
2A,7C8F,1,r
2A,7C90,3,U
2A,7C93,2,r
2A,7C95,6,U
2A,7C9B,1,r
2A,7C9C,2,U
2A,7C9E,4,r
2A,7CA2,3,U
2A,7CA5,2,r
2A,7CA7,3,U
2A,7CAA,1,r
2A,7CAB,2,U
2A,7CAD,1,r
2A,7CAE,3,U
2A,7CB1,1,r
2A,7CB2,1,U
2A,7CB3,1,r
2A,7CB4,1,U
2A,7CB5,1,r
2A,7CB6,2,U
2A,7CB8,1,r
2A,7CB9,2,U
2A,7CBB,2,r
2A,7CBD,10,U
2A,7CC7,1,r
2A,7CC8,1,U
2A,7CC9,1,r
2A,7CCA,1,U
2A,7CCB,1,r
2A,7CCC,1,U
2A,7CCD,302,r
2A,7DFB,1,U
2A,7DFC,1,r
2A,7DFD,1,U
2A,7DFE,1,r
2A,7DFF,1,U
2A,7E00,1,r
2A,7E01,4,U
2A,7E05,2,r
2A,7E07,1,U
2A,7E08,1,r
2A,7E09,2,U
2A,7E0B,3,r
2A,7E0E,5,U
2A,7E13,3,r
2A,7E16,1,U
2A,7E17,1,r
2A,7E18,2,U
2A,7E1A,1,r
2A,7E1B,10,U
2A,7E25,1,r
2A,7E26,6,U
2A,7E2C,1,r
2A,7E2D,2,U
2A,7E2F,1,r
2A,7E30,11,U
2A,7E3B,1,r
2A,7E3C,4,U
2A,7E40,1,r
2A,7E41,12,U
2A,7E4D,2,r
2A,7E4F,1,U
2A,7E50,2,r
2A,7E52,8,U
2A,7E5A,3,r
2A,7E5D,2,U
2A,7E5F,1,r
2A,7E60,1,U
2A,7E61,1,r
2A,7E62,12,U
2A,7E6E,1,r
2A,7E6F,8,U
2A,7E77,1,r
2A,7E78,1,U
2A,7E79,1,r
2A,7E7A,22,U
2A,7E90,1,r
2A,7E91,3,U
2A,7E94,1,r
2A,7E95,2,U
2A,7E97,1,r
2A,7E98,1,U
2A,7E99,1,r
2A,7E9A,7,U
2A,7EA1,5,r
2A,7EA6,1,U
2A,7EA7,2,r
2A,7EA9,1,U
2A,7EAA,2,r
2A,7EAC,4,U
2A,7EB0,4,r
2A,7EB4,2,U
2A,7EB6,1,r
2A,7EB7,1,U
2A,7EB8,1,r
2A,7EB9,5,U
2A,7EBE,2,r
2A,7EC0,1,U
2A,7EC1,1,r
2A,7EC2,4,U
2A,7EC6,1,r
2A,7EC7,11,U
2A,7ED2,2,r
2A,7ED4,4,U
2A,7ED8,1,r
2A,7ED9,5,U
2A,7EDE,1,r
2A,7EDF,5,U
2A,7EE4,1,r
2A,7EE5,1,U
2A,7EE6,1,r
2A,7EE7,9,U
2A,7EF0,58,r
2A,7F2A,1,U
2A,7F2B,5,r
2A,7F30,1,U
2A,7F31,7,r
2A,7F38,14,U
2A,7F46,1,r
2A,7F47,4,U
2A,7F4B,1,r
2A,7F4C,1,U
2A,7F4D,5,r
2A,7F52,1,U
2A,7F53,4,r
2A,7F57,5,U
2A,7F5C,1,r
2A,7F5D,1,U
2A,7F5E,2,r
2A,7F60,2,U
2A,7F62,3,r
2A,7F65,5,U
2A,7F6A,1,r
2A,7F6B,1,U
2A,7F6C,1,r
2A,7F6D,1,U
2A,7F6E,1,r
2A,7F6F,1,U
2A,7F70,1,r
2A,7F71,2,U
2A,7F73,1,r
2A,7F74,2,U
2A,7F76,1,r
2A,7F77,2,U
2A,7F79,2,r
2A,7F7B,5,U
2A,7F80,2,r
2A,7F82,2,U
2A,7F84,1,r
2A,7F85,9,U
2A,7F8E,1,r
2A,7F8F,2,U
2A,7F91,1,r
2A,7F92,7,U
2A,7F99,1,r
2A,7F9A,5,U
2A,7F9F,65,r
2A,7FE0,32,R
2B,4000,4800,R
2B,52C0,1344,r
2B,5800,720,R
2B,5AD0,240,r
2B,5BC0,1440,R
2B,6160,7840,r
2C,4000,8064,R
2C,5F80,128,r
2C,6000,8000,R
2C,7F40,192,r
2D,4000,11520,R
2D,6D00,4,U
2D,6D04,1,r
2D,6D05,380,U
2D,6E81,1,r
2D,6E82,149,U
2D,6F17,1,r
2D,6F18,188,U
2D,6FD4,1,r
2D,6FD5,9,U
2D,6FDE,1,r
2D,6FDF,13,U
2D,6FEC,1,r
2D,6FED,19,U
2D,7000,4032,R
2D,7FC0,5,U
2D,7FC5,13,r
2D,7FD2,1,U
2D,7FD3,2,r
2D,7FD5,24,U
2D,7FED,1,r
2D,7FEE,8,U
2D,7FF6,1,r
2D,7FF7,1,U
2D,7FF8,3,r
2D,7FFB,1,U
2D,7FFC,4,r
2E,4000,5760,R
2E,5680,384,r
2E,5800,5760,R
2E,6E80,384,r
2E,7000,4000,R
2E,7FA0,96,r
2F,4000,5760,R
2F,5680,384,U
2F,5800,4160,R
2F,6840,122,U
2F,68BA,2,r
2F,68BC,595,U
2F,6B0F,1,r
2F,6B10,300,U
2F,6C3C,1,r
2F,6C3D,116,U
2F,6CB1,1,r
2F,6CB2,22,U
2F,6CC8,1,r
2F,6CC9,39,U
2F,6CF0,1,r
2F,6CF1,783,U
2F,7000,1280,R
2F,7500,36,U
2F,7524,1,r
2F,7525,5,U
2F,752A,1,r
2F,752B,5,U
2F,7530,2,r
2F,7532,4,U
2F,7536,1,r
2F,7537,162,U
2F,75D9,1,r
2F,75DA,1,U
2F,75DB,2,r
2F,75DD,3,U
2F,75E0,1,r
2F,75E1,1,U
2F,75E2,1,r
2F,75E3,3,U
2F,75E6,1,r
2F,75E7,163,U
2F,768A,1,r
2F,768B,10,U
2F,7695,3,r
2F,7698,2,U
2F,769A,1,r
2F,769B,1,U
2F,769C,1,r
2F,769D,3,U
2F,76A0,1,r
2F,76A1,7,U
2F,76A8,1,r
2F,76A9,149,U
2F,773E,1,r
2F,773F,2,U
2F,7741,2,r
2F,7743,3,U
2F,7746,1,r
2F,7747,1,U
2F,7748,1,r
2F,7749,163,U
2F,77EC,2,r
2F,77EE,3,U
2F,77F1,1,r
2F,77F2,14,U
2F,7800,1,r
2F,7801,20,U
2F,7815,1,r
2F,7816,35,U
2F,7839,1,r
2F,783A,83,U
2F,788D,1,r
2F,788E,5,U
2F,7893,1,r
2F,7894,9,U
2F,789D,1,r
2F,789E,155,U
2F,7939,1,r
2F,793A,10,U
2F,7944,3,r
2F,7947,1,U
2F,7948,2,r
2F,794A,1,U
2F,794B,1,r
2F,794C,3,U
2F,794F,1,r
2F,7950,16,U
2F,7960,1,r
2F,7961,14,U
2F,796F,2,r
2F,7971,65,U
2F,79B2,1,r
2F,79B3,63,U
2F,79F2,1,r
2F,79F3,1,U
2F,79F4,2,r
2F,79F6,1,U
2F,79F7,1,r
2F,79F8,1,U
2F,79F9,1,r
2F,79FA,21,U
2F,7A0F,1,r
2F,7A10,10,U
2F,7A1A,1,r
2F,7A1B,117,U
2F,7A90,1,r
2F,7A91,10,U
2F,7A9B,2,r
2F,7A9D,3,U
2F,7AA0,3,r
2F,7AA3,1,U
2F,7AA4,1,r
2F,7AA5,1,U
2F,7AA6,1,r
2F,7AA7,95,U
2F,7B06,1,r
2F,7B07,53,U
2F,7B3C,1,r
2F,7B3D,5,U
2F,7B42,1,r
2F,7B43,4,U
2F,7B47,3,r
2F,7B4A,2,U
2F,7B4C,4,r
2F,7B50,2,U
2F,7B52,1,r
2F,7B53,4,U
2F,7B57,1,r
2F,7B58,8,U
2F,7B60,1,r
2F,7B61,18,U
2F,7B73,1,r
2F,7B74,116,U
2F,7BE8,1,r
2F,7BE9,5,U
2F,7BEE,1,r
2F,7BEF,4,U
2F,7BF3,3,r
2F,7BF6,1,U
2F,7BF7,5,r
2F,7BFC,5,U
2F,7C01,1,r
2F,7C02,2,U
2F,7C04,1,r
2F,7C05,1,U
2F,7C06,1,r
2F,7C07,1,U
2F,7C08,2,r
2F,7C0A,8,U
2F,7C12,1,r
2F,7C13,1,U
2F,7C14,1,r
2F,7C15,126,U
2F,7C93,2,r
2F,7C95,7,U
2F,7C9C,1,r
2F,7C9D,1,U
2F,7C9E,7,r
2F,7CA5,1,U
2F,7CA6,1,r
2F,7CA7,1,U
2F,7CA8,4,r
2F,7CAC,1,U
2F,7CAD,4,r
2F,7CB1,2,U
2F,7CB3,3,r
2F,7CB6,1,U
2F,7CB7,1,r
2F,7CB8,3,U
2F,7CBB,1,r
2F,7CBC,131,U
2F,7D3F,2,r
2F,7D41,4,U
2F,7D45,1,r
2F,7D46,4,U
2F,7D4A,2,r
2F,7D4C,3,U
2F,7D4F,4,r
2F,7D53,3,U
2F,7D56,1,r
2F,7D57,5,U
2F,7D5C,1,r
2F,7D5D,6,U
2F,7D63,1,r
2F,7D64,76,U
2F,7DB0,1,r
2F,7DB1,11,U
2F,7DBC,1,r
2F,7DBD,46,U
2F,7DEB,1,r
2F,7DEC,10,U
2F,7DF6,3,r
2F,7DF9,2,U
2F,7DFB,3,r
2F,7DFE,3,U
2F,7E01,2,r
2F,7E03,2,U
2F,7E05,1,r
2F,7E06,1,U
2F,7E07,1,r
2F,7E08,1,U
2F,7E09,1,r
2F,7E0A,5,U
2F,7E0F,2,r
2F,7E11,1,U
2F,7E12,1,r
2F,7E13,4,U
2F,7E17,1,r
2F,7E18,3,U
2F,7E1B,2,r
2F,7E1D,38,U
2F,7E43,1,r
2F,7E44,20,U
2F,7E58,1,r
2F,7E59,56,U
2F,7E91,1,r
2F,7E92,3,U
2F,7E95,1,r
2F,7E96,1,U
2F,7E97,2,r
2F,7E99,4,U
2F,7E9D,1,r
2F,7E9E,1,U
2F,7E9F,1,r
2F,7EA0,1,U
2F,7EA1,10,r
2F,7EAB,1,U
2F,7EAC,2,r
2F,7EAE,2,U
2F,7EB0,2,r
2F,7EB2,3,U
2F,7EB5,2,r
2F,7EB7,4,U
2F,7EBB,2,r
2F,7EBD,2,U
2F,7EBF,1,r
2F,7EC0,25,U
2F,7ED9,1,r
2F,7EDA,38,U
2F,7F00,1,r
2F,7F01,64,U
2F,7F41,1,r
2F,7F42,1,U
2F,7F43,1,r
2F,7F44,6,U
2F,7F4A,2,r
2F,7F4C,1,U
2F,7F4D,7,r
2F,7F54,1,U
2F,7F55,16,r
2F,7F65,5,U
2F,7F6A,6,r
2F,7F70,8,U
2F,7F78,3,r
2F,7F7B,6,U
2F,7F81,2,r
2F,7F83,20,U
2F,7F97,2,r
2F,7F99,7,U
2F,7FA0,3,r
2F,7FA3,2,U
2F,7FA5,1,r
2F,7FA6,8,U
2F,7FAE,1,r
2F,7FAF,9,U
2F,7FB8,1,r
2F,7FB9,6,U
2F,7FBF,1,r
2F,7FC0,31,U
2F,7FDF,1,r
2F,7FE0,14,U
2F,7FEE,1,r
2F,7FEF,1,U
2F,7FF0,1,r
2F,7FF1,3,U
2F,7FF4,1,r
2F,7FF5,4,U
2F,7FF9,2,r
2F,7FFB,1,U
2F,7FFC,4,r
30,4000,2560,R
30,4A00,5632,r
30,6000,3840,R
30,6F00,256,r
30,7000,512,R
30,7200,32,r
30,7220,32,R
30,7240,32,r
30,7260,32,R
30,7280,32,r
30,72A0,160,R
30,7340,32,r
30,7360,224,R
30,7440,32,r
30,7460,416,R
30,7600,32,r
30,7620,32,R
30,7640,32,r
30,7660,352,R
30,77C0,32,r
30,77E0,64,R
30,7820,2016,r
31,4000,4480,R
31,5180,1664,r
31,5800,4480,R
31,6980,854,r
31,6CD6,810,U
31,7000,4096,R
32,4000,384,R
32,4180,96,U
32,41E0,1,r
32,41E1,165,U
32,4286,2,r
32,4288,741,U
32,456D,1,r
32,456E,68,U
32,45B2,1,r
32,45B3,197,U
32,4678,1,r
32,4679,391,U
32,4800,4480,R
32,5980,1664,r
32,6000,4480,R
32,7180,245,U
32,7275,1,r
32,7276,343,U
32,73CD,1,r
32,73CE,188,U
32,748A,1,r
32,748B,119,U
32,7502,1,r
32,7503,1,U
32,7504,1,r
32,7505,1,U
32,7506,1,r
32,7507,1,U
32,7508,1,r
32,7509,1,U
32,750A,1,r
32,750B,25,U
32,7524,1,r
32,7525,5,U
32,752A,1,r
32,752B,351,U
32,768A,1,r
32,768B,17,U
32,769C,1,r
32,769D,282,U
32,77B7,1,r
32,77B8,43,U
32,77E3,1,r
32,77E4,9,U
32,77ED,1,r
32,77EE,18,U
32,7800,2048,R
33,4000,2432,R
33,4980,51,U
33,49B3,1,r
33,49B4,126,U
33,4A32,1,r
33,4A33,111,U
33,4AA2,1,r
33,4AA3,292,U
33,4BC7,3,r
33,4BCA,1,U
33,4BCB,1,r
33,4BCC,1,U
33,4BCD,1,r
33,4BCE,1,U
33,4BCF,1,r
33,4BD0,141,U
33,4C5D,1,r
33,4C5E,10,U
33,4C68,1,r
33,4C69,42,U
33,4C93,1,r
33,4C94,455,U
33,4E5B,2,r
33,4E5D,2,U
33,4E5F,1,r
33,4E60,21,U
33,4E75,1,r
33,4E76,20,U
33,4E8A,1,r
33,4E8B,102,U
33,4EF1,1,r
33,4EF2,144,U
33,4F82,1,r
33,4F83,17,U
33,4F94,1,r
33,4F95,53,U
33,4FCA,54,r
33,5000,4480,R
33,6180,1000,U
33,6568,1,r
33,6569,663,U
33,6800,4480,R
33,7980,60,U
33,79BC,1,r
33,79BD,48,U
33,79ED,6,r
33,79F3,1,U
33,79F4,1,r
33,79F5,1,U
33,79F6,1,r
33,79F7,1,U
33,79F8,2,r
33,79FA,2,U
33,79FC,1,r
33,79FD,4,U
33,7A01,1,r
33,7A02,1,U
33,7A03,1,r
33,7A04,5,U
33,7A09,1,r
33,7A0A,4,U
33,7A0E,1,r
33,7A0F,22,U
33,7A25,1,r
33,7A26,114,U
33,7A98,2,r
33,7A9A,2,U
33,7A9C,6,r
33,7AA2,1,U
33,7AA3,4,r
33,7AA7,1,U
33,7AA8,1,r
33,7AA9,2,U
33,7AAB,1,r
33,7AAC,3,U
33,7AAF,1,r
33,7AB0,2,U
33,7AB2,1,r
33,7AB3,4,U
33,7AB7,2,r
33,7AB9,7,U
33,7AC0,1,r
33,7AC1,2,U
33,7AC3,2,r
33,7AC5,97,U
33,7B26,1,r
33,7B27,29,U
33,7B44,2,r
33,7B46,1,U
33,7B47,6,r
33,7B4D,1,U
33,7B4E,1,r
33,7B4F,1,U
33,7B50,3,r
33,7B53,1,U
33,7B54,1,r
33,7B55,2,U
33,7B57,1,r
33,7B58,6,U
33,7B5E,1,r
33,7B5F,4,U
33,7B63,1,r
33,7B64,1,U
33,7B65,1,r
33,7B66,5,U
33,7B6B,3,r
33,7B6E,20,U
33,7B82,1,r
33,7B83,102,U
33,7BE9,1,r
33,7BEA,6,U
33,7BF0,2,r
33,7BF2,1,U
33,7BF3,6,r
33,7BF9,1,U
33,7BFA,6,r
33,7C00,1,U
33,7C01,2,r
33,7C03,1,U
33,7C04,2,r
33,7C06,3,U
33,7C09,4,r
33,7C0D,1,U
33,7C0E,1,r
33,7C0F,1,U
33,7C10,3,r
33,7C13,1,U
33,7C14,1,r
33,7C15,3,U
33,7C18,1,r
33,7C19,9,U
33,7C22,1,r
33,7C23,22,U
33,7C39,1,r
33,7C3A,25,U
33,7C53,1,r
33,7C54,2,U
33,7C56,1,r
33,7C57,61,U
33,7C94,2,r
33,7C96,5,U
33,7C9B,3,r
33,7C9E,1,U
33,7C9F,5,r
33,7CA4,1,U
33,7CA5,1,r
33,7CA6,1,U
33,7CA7,6,r
33,7CAD,1,U
33,7CAE,5,r
33,7CB3,1,U
33,7CB4,4,r
33,7CB8,1,U
33,7CB9,1,r
33,7CBA,2,U
33,7CBC,3,r
33,7CBF,23,U
33,7CD6,1,r
33,7CD7,39,U
33,7CFE,1,r
33,7CFF,7,U
33,7D06,2,r
33,7D08,5,U
33,7D0D,2,r
33,7D0F,49,U
33,7D40,1,r
33,7D41,6,U
33,7D47,2,r
33,7D49,2,U
33,7D4B,6,r
33,7D51,1,U
33,7D52,4,r
33,7D56,1,U
33,7D57,5,r
33,7D5C,3,U
33,7D5F,1,r
33,7D60,1,U
33,7D61,1,r
33,7D62,2,U
33,7D64,2,r
33,7D66,1,U
33,7D67,3,r
33,7D6A,5,U
33,7D6F,1,r
33,7D70,4,U
33,7D74,1,r
33,7D75,49,U
33,7DA6,2,r
33,7DA8,16,U
33,7DB8,1,r
33,7DB9,1,U
33,7DBA,1,r
33,7DBB,49,U
33,7DEC,1,r
33,7DED,5,U
33,7DF2,4,r
33,7DF6,1,U
33,7DF7,5,r
33,7DFC,1,U
33,7DFD,4,r
33,7E01,1,U
33,7E02,2,r
33,7E04,1,U
33,7E05,4,r
33,7E09,3,U
33,7E0C,5,r
33,7E11,3,U
33,7E14,2,r
33,7E16,5,U
33,7E1B,1,r
33,7E1C,5,U
33,7E21,1,r
33,7E22,1,U
33,7E23,1,r
33,7E24,36,U
33,7E48,1,r
33,7E49,4,U
33,7E4D,1,r
33,7E4E,11,U
33,7E59,1,r
33,7E5A,6,U
33,7E60,1,r
33,7E61,55,U
33,7E98,1,r
33,7E99,5,U
33,7E9E,10,r
33,7EA8,1,U
33,7EA9,13,r
33,7EB6,1,U
33,7EB7,7,r
33,7EBE,1,U
33,7EBF,3,r
33,7EC2,4,U
33,7EC6,3,r
33,7EC9,2,U
33,7ECB,1,r
33,7ECC,7,U
33,7ED3,3,r
33,7ED6,1,U
33,7ED7,1,r
33,7ED8,1,U
33,7ED9,2,r
33,7EDB,25,U
33,7EF4,1,r
33,7EF5,13,U
33,7F02,2,r
33,7F04,5,U
33,7F09,2,r
33,7F0B,10,U
33,7F15,1,r
33,7F16,45,U
33,7F43,1,r
33,7F44,4,U
33,7F48,1,r
33,7F49,2,U
33,7F4B,8,r
33,7F53,1,U
33,7F54,1,r
33,7F55,1,U
33,7F56,11,r
33,7F61,2,U
33,7F63,8,r
33,7F6B,1,U
33,7F6C,2,r
33,7F6E,6,U
33,7F74,1,r
33,7F75,1,U
33,7F76,2,r
33,7F78,10,U
33,7F82,1,r
33,7F83,1,U
33,7F84,2,r
33,7F86,6,U
33,7F8C,1,r
33,7F8D,13,U
33,7F9A,1,r
33,7F9B,2,U
33,7F9D,1,r
33,7F9E,9,U
33,7FA7,1,r
33,7FA8,1,U
33,7FA9,2,r
33,7FAB,3,U
33,7FAE,1,r
33,7FAF,2,U
33,7FB1,1,r
33,7FB2,2,U
33,7FB4,1,r
33,7FB5,5,U
33,7FBA,1,r
33,7FBB,1,U
33,7FBC,2,r
33,7FBE,5,U
33,7FC3,1,r
33,7FC4,35,U
33,7FE7,2,r
33,7FE9,2,U
33,7FEB,1,r
33,7FEC,3,U
33,7FEF,1,r
33,7FF0,1,U
33,7FF1,1,r
33,7FF2,4,U
33,7FF6,2,r
33,7FF8,1,U
33,7FF9,7,r
34,4000,15048,R
34,7AC8,19,r
34,7ADB,1,U
34,7ADC,26,r
34,7AF6,2,U
34,7AF8,173,r
34,7BA5,1,U
34,7BA6,55,r
34,7BDD,21,U
34,7BF2,2,r
34,7BF4,2,U
34,7BF6,48,r
34,7C26,1,U
34,7C27,985,r
35,4000,15048,R
35,7AC8,14,r
35,7AD6,36,U
35,7AFA,1,r
35,7AFB,3,U
35,7AFE,117,r
35,7B73,11,U
35,7B7E,1,r
35,7B7F,70,U
35,7BC5,55,r
35,7BFC,1,U
35,7BFD,2,r
35,7BFF,1,U
35,7C00,54,r
35,7C36,1,U
35,7C37,28,r
35,7C53,1,U
35,7C54,8,r
35,7C5C,6,U
35,7C62,28,r
35,7C7E,1,U
35,7C7F,149,r
35,7D14,2,U
35,7D16,1,r
35,7D17,42,U
35,7D41,3,r
35,7D44,2,U
35,7D46,2,r
35,7D48,2,U
35,7D4A,3,r
35,7D4D,1,U
35,7D4E,3,r
35,7D51,1,U
35,7D52,92,r
35,7DAE,1,U
35,7DAF,1,r
35,7DB0,3,U
35,7DB3,1,r
35,7DB4,52,U
35,7DE8,56,r
35,7E20,38,U
35,7E46,1,r
35,7E47,9,U
35,7E50,1,r
35,7E51,4,U
35,7E55,1,r
35,7E56,13,U
35,7E63,1,r
35,7E64,14,U
35,7E72,26,r
35,7E8C,1,U
35,7E8D,186,r
35,7F47,2,U
35,7F49,3,r
35,7F4C,1,U
35,7F4D,3,r
35,7F50,1,U
35,7F51,1,r
35,7F52,1,U
35,7F53,3,r
35,7F56,1,U
35,7F57,3,r
35,7F5A,1,U
35,7F5B,2,r
35,7F5D,1,U
35,7F5E,1,r
35,7F5F,1,U
35,7F60,4,r
35,7F64,2,U
35,7F66,2,r
35,7F68,1,U
35,7F69,2,r
35,7F6B,2,U
35,7F6D,3,r
35,7F70,1,U
35,7F71,1,r
35,7F72,1,U
35,7F73,2,r
35,7F75,2,U
35,7F77,2,r
35,7F79,5,U
35,7F7E,1,r
35,7F7F,1,U
35,7F80,104,r
35,7FE8,4,U
35,7FEC,20,r
36,4000,3784,R
36,4EC8,8,r
36,4ED0,8,R
36,4ED8,8,r
36,4EE0,8,R
36,4EE8,8,r
36,4EF0,8,R
36,4EF8,264,r
36,5000,4024,R
36,5FB8,72,r
36,6000,4024,R
36,6FB8,72,r
36,7000,4024,R
36,7FB8,72,r
37,4000,4024,R
37,4FB8,72,U
37,5000,4024,R
37,5FB8,72,r
37,6000,4024,R
37,6FB8,8,U
37,6FC0,3,r
37,6FC3,1,U
37,6FC4,13,r
37,6FD1,3,U
37,6FD4,5,r
37,6FD9,39,U
37,7000,4024,R
37,7FB8,4,U
37,7FBC,1,r
37,7FBD,5,U
37,7FC2,1,r
37,7FC3,10,U
37,7FCD,3,r
37,7FD0,4,U
37,7FD4,2,r
37,7FD6,1,U
37,7FD7,17,r
37,7FE8,11,U
37,7FF3,9,r
37,7FFC,3,U
37,7FFF,1,r
38,4000,4024,R
38,4FB8,72,r
38,5000,4024,R
38,5FB8,72,r
38,6000,4024,R
38,6FB8,72,r
38,7000,4024,R
38,7FB8,72,r
39,4000,4024,R
39,4FB8,72,r
39,5000,4024,R
39,5FB8,72,r
39,6000,4024,R
39,6FB8,72,r
39,7000,4024,R
39,7FB8,72,r
3A,4000,4024,R
3A,4FB8,72,r
3A,5000,4024,R
3A,5FB8,72,U
3A,6000,4024,R
3A,6FB8,72,U
3A,7000,4024,R
3A,7FB8,44,U
3A,7FE4,1,r
3A,7FE5,9,U
3A,7FEE,1,r
3A,7FEF,4,U
3A,7FF3,1,r
3A,7FF4,1,U
3A,7FF5,1,r
3A,7FF6,3,U
3A,7FF9,1,r
3A,7FFA,1,U
3A,7FFB,1,r
3A,7FFC,1,U
3A,7FFD,1,r
3A,7FFE,1,U
3A,7FFF,1,r
3B,4000,4024,R
3B,4FB8,2,U
3B,4FBA,2,r
3B,4FBC,3,U
3B,4FBF,2,r
3B,4FC1,3,U
3B,4FC4,2,r
3B,4FC6,3,U
3B,4FC9,2,r
3B,4FCB,3,U
3B,4FCE,2,r
3B,4FD0,3,U
3B,4FD3,2,r
3B,4FD5,3,U
3B,4FD8,2,r
3B,4FDA,3,U
3B,4FDD,2,r
3B,4FDF,3,U
3B,4FE2,2,r
3B,4FE4,3,U
3B,4FE7,2,r
3B,4FE9,3,U
3B,4FEC,2,r
3B,4FEE,3,U
3B,4FF1,2,r
3B,4FF3,3,U
3B,4FF6,2,r
3B,4FF8,3,U
3B,4FFB,2,r
3B,4FFD,3,U
3B,5000,4024,R
3B,5FB8,1,U
3B,5FB9,2,r
3B,5FBB,3,U
3B,5FBE,2,r
3B,5FC0,3,U
3B,5FC3,2,r
3B,5FC5,3,U
3B,5FC8,2,r
3B,5FCA,3,U
3B,5FCD,2,r
3B,5FCF,3,U
3B,5FD2,2,r
3B,5FD4,3,U
3B,5FD7,2,r
3B,5FD9,3,U
3B,5FDC,2,r
3B,5FDE,3,U
3B,5FE1,2,r
3B,5FE3,3,U
3B,5FE6,2,r
3B,5FE8,3,U
3B,5FEB,2,r
3B,5FED,3,U
3B,5FF0,2,r
3B,5FF2,3,U
3B,5FF5,2,r
3B,5FF7,3,U
3B,5FFA,2,r
3B,5FFC,3,U
3B,5FFF,1,r
3B,6000,4024,R
3B,6FB8,2,r
3B,6FBA,3,U
3B,6FBD,2,r
3B,6FBF,3,U
3B,6FC2,2,r
3B,6FC4,3,U
3B,6FC7,2,r
3B,6FC9,3,U
3B,6FCC,2,r
3B,6FCE,3,U
3B,6FD1,2,r
3B,6FD3,3,U
3B,6FD6,2,r
3B,6FD8,3,U
3B,6FDB,2,r
3B,6FDD,3,U
3B,6FE0,2,r
3B,6FE2,3,U
3B,6FE5,2,r
3B,6FE7,3,U
3B,6FEA,2,r
3B,6FEC,3,U
3B,6FEF,2,r
3B,6FF1,3,U
3B,6FF4,2,r
3B,6FF6,3,U
3B,6FF9,2,r
3B,6FFB,3,U
3B,6FFE,2,r
3B,7000,4024,R
3B,7FB8,1,r
3B,7FB9,3,U
3B,7FBC,3,r
3B,7FBF,1,U
3B,7FC0,3,r
3B,7FC3,3,U
3B,7FC6,2,r
3B,7FC8,3,U
3B,7FCB,2,r
3B,7FCD,3,U
3B,7FD0,2,r
3B,7FD2,3,U
3B,7FD5,2,r
3B,7FD7,3,U
3B,7FDA,2,r
3B,7FDC,3,U
3B,7FDF,2,r
3B,7FE1,3,U
3B,7FE4,2,r
3B,7FE6,3,U
3B,7FE9,2,r
3B,7FEB,3,U
3B,7FEE,2,r
3B,7FF0,3,U
3B,7FF3,2,r
3B,7FF5,3,U
3B,7FF8,2,r
3B,7FFA,2,U
3B,7FFC,4,r
3C,4000,4024,R
3C,4FB8,72,U
3C,5000,4024,R
3C,5FB8,72,r
3C,6000,4024,R
3C,6FB8,15,r
3C,6FC7,1,U
3C,6FC8,28,r
3C,6FE4,1,U
3C,6FE5,13,r
3C,6FF2,1,U
3C,6FF3,13,r
3C,7000,4024,R
3C,7FB8,72,r
3D,4000,4024,R
3D,4FB8,3,U
3D,4FBB,2,r
3D,4FBD,3,U
3D,4FC0,2,r
3D,4FC2,3,U
3D,4FC5,2,r
3D,4FC7,3,U
3D,4FCA,2,r
3D,4FCC,3,U
3D,4FCF,2,r
3D,4FD1,3,U
3D,4FD4,2,r
3D,4FD6,3,U
3D,4FD9,2,r
3D,4FDB,3,U
3D,4FDE,2,r
3D,4FE0,3,U
3D,4FE3,2,r
3D,4FE5,3,U
3D,4FE8,2,r
3D,4FEA,3,U
3D,4FED,2,r
3D,4FEF,3,U
3D,4FF2,2,r
3D,4FF4,3,U
3D,4FF7,2,r
3D,4FF9,3,U
3D,4FFC,2,r
3D,4FFE,2,U
3D,5000,4024,R
3D,5FB8,2,U
3D,5FBA,2,r
3D,5FBC,3,U
3D,5FBF,2,r
3D,5FC1,3,U
3D,5FC4,2,r
3D,5FC6,3,U
3D,5FC9,2,r
3D,5FCB,3,U
3D,5FCE,2,r
3D,5FD0,3,U
3D,5FD3,2,r
3D,5FD5,3,U
3D,5FD8,2,r
3D,5FDA,3,U
3D,5FDD,2,r
3D,5FDF,3,U
3D,5FE2,2,r
3D,5FE4,3,U
3D,5FE7,2,r
3D,5FE9,3,U
3D,5FEC,2,r
3D,5FEE,3,U
3D,5FF1,2,r
3D,5FF3,3,U
3D,5FF6,2,r
3D,5FF8,3,U
3D,5FFB,2,r
3D,5FFD,3,U
3D,6000,4024,R
3D,6FB8,1,U
3D,6FB9,2,r
3D,6FBB,3,U
3D,6FBE,2,r
3D,6FC0,3,U
3D,6FC3,2,r
3D,6FC5,3,U
3D,6FC8,2,r
3D,6FCA,3,U
3D,6FCD,2,r
3D,6FCF,3,U
3D,6FD2,2,r
3D,6FD4,3,U
3D,6FD7,2,r
3D,6FD9,3,U
3D,6FDC,2,r
3D,6FDE,1,U
3D,6FDF,9,r
3D,6FE8,3,U
3D,6FEB,2,r
3D,6FED,3,U
3D,6FF0,2,r
3D,6FF2,3,U
3D,6FF5,2,r
3D,6FF7,3,U
3D,6FFA,2,r
3D,6FFC,3,U
3D,6FFF,1,r
3D,7000,4024,R
3D,7FB8,23,r
3D,7FCF,2,U
3D,7FD1,2,r
3D,7FD3,3,U
3D,7FD6,2,r
3D,7FD8,3,U
3D,7FDB,2,r
3D,7FDD,3,U
3D,7FE0,2,r
3D,7FE2,3,U
3D,7FE5,2,r
3D,7FE7,3,U
3D,7FEA,2,r
3D,7FEC,3,U
3D,7FEF,2,r
3D,7FF1,3,U
3D,7FF4,12,r
3E,4000,16008,R
3E,7E88,376,r
3F,4000,13952,R
3F,7680,128,r
3F,7700,496,R
3F,78F0,1040,r
3F,7D00,576,R
3F,7F40,192,r
