bank,state,handler,symbol,executed,static_writers
0,0,00:3031,,1,00:2EAA
0,1,00:3059,,1,00:3400
0,2,00:30AB,,1,-
0,3,00:3118,,1,-
0,4,00:32F2,,1,-
0,5,00:3339,,1,-
0,6,00:3388,,1,-
0,7,00:33DC,,1,-
0,8,00:345A,,1,00:3456
0,9,00:348D,,1,00:3448
0,10,00:34A5,,1,-
0,11,00:34B0,,1,-
3,0,03:404A,Bank003_State00,1,"03:43B0, 03:43BB, 03:60D2, 03:62F0, 03:634D, 03:647E, 03:6A48, 03:6F8E, 03:77CD, 03:7800, 03:7995, 03:79B7, 03:7B4C, 03:7B7F, 03:7CB2, 03:7CDB"
3,1,03:40C4,Bank003_State01,1,"03:41AC, 03:4211, 03:432E, 03:448A, 03:45B2, 03:4C40, 03:4D16, 03:4D33, 03:4EDA, 03:4FC3, 03:5036, 03:519D, 03:603B, 03:7B57"
3,2,03:415C,Bank003_State02,1,"03:4131, 03:7B8A"
3,3,03:41B5,Bank003_State03,1,"03:40F6, 03:4513, 03:521D, 03:644C, 03:6472, 03:6CE4, 03:6DEB, 03:6EA0, 03:6F13, 03:6F24, 03:6F3A, 03:6FBF"
3,4,03:42A5,Bank003_State04,1,"03:40FC, 03:4519, 03:6CDD"
3,5,03:439C,Bank003_State05,1,"03:4146, 03:425C, 03:4353, 03:4FBD, 03:5239, 03:6E54"
3,6,03:43BF,Bank003_State06,1,"03:4158, 03:4224, 03:4341, 03:45A2, 03:5227, 03:613D"
3,7,03:43D9,Bank003_State07,1,-
3,8,03:4407,Bank003_State08,1,-
3,9,03:44E0,Bank003_State09,1,"03:4217, 03:4334, 03:48BD, 03:4BB1, 03:4BDC, 03:6BAB"
3,10,03:45B6,Bank003_State10,1,"03:4565, 03:4596, 03:6E94"
3,11,03:4834,Bank003_State11,1,03:4ADD
3,12,03:4A35,Bank003_State12,1,"03:6BBD, 03:6FB9"
3,13,03:4B3E,Bank003_State13,1,"03:4A7E, 03:6BB7"
3,14,03:4BC5,Bank003_State14,1,03:4875
3,15,03:4BE5,Bank003_State15,1,03:5030
3,16,03:4C44,Bank003_State16,1,-
3,17,03:4D1A,Bank003_State17,1,-
3,18,03:4DDA,Bank003_State18,1,-
3,19,03:4E68,Bank003_State19,1,-
3,20,03:4EDE,Bank003_State20,1,"03:414C, 03:4262, 03:4359, 03:523F"
3,21,03:4F0F,Bank003_State21,1,-
3,22,03:4F1C,Bank003_State22,1,-
3,23,03:4F54,Bank003_State23,1,-
3,24,03:4F85,Bank003_State24,1,-
3,25,03:4F92,Bank003_State25,1,-
3,26,03:4FC7,Bank003_State26,1,-
3,27,03:4FF8,Bank003_State27,1,-
3,28,03:5005,Bank003_State28,1,-
3,29,03:503A,Bank003_State29,1,-
3,30,03:507C,Bank003_State30,1,-
3,31,03:5107,Bank003_State31,1,-
3,32,03:51D7,Bank003_State32,1,"03:424A, 03:531A"
3,33,03:5282,Bank003_State33,1,-
3,34,03:528D,Bank003_State34,1,-
3,0,03:5FB6,,1,"03:43B0, 03:43BB, 03:60D2, 03:62F0, 03:634D, 03:647E, 03:6A48, 03:6F8E, 03:77CD, 03:7800, 03:7995, 03:79B7, 03:7B4C, 03:7B7F, 03:7CB2, 03:7CDB"
3,1,03:603F,,1,"03:41AC, 03:4211, 03:432E, 03:448A, 03:45B2, 03:4C40, 03:4D16, 03:4D33, 03:4EDA, 03:4FC3, 03:5036, 03:519D, 03:603B, 03:7B57"
3,2,03:60B4,,1,"03:4131, 03:7B8A"
3,3,03:611A,,1,"03:40F6, 03:4513, 03:521D, 03:644C, 03:6472, 03:6CE4, 03:6DEB, 03:6EA0, 03:6F13, 03:6F24, 03:6F3A, 03:6FBF"
3,4,03:623D,,1,"03:40FC, 03:4519, 03:6CDD"
3,5,03:62DE,,1,"03:4146, 03:425C, 03:4353, 03:4FBD, 03:5239, 03:6E54"
3,6,03:62F4,,1,"03:4158, 03:4224, 03:4341, 03:45A2, 03:5227, 03:613D"
3,7,03:6302,,1,-
3,8,03:630D,,1,-
3,0,03:631E,,1,"03:43B0, 03:43BB, 03:60D2, 03:62F0, 03:634D, 03:647E, 03:6A48, 03:6F8E, 03:77CD, 03:7800, 03:7995, 03:79B7, 03:7B4C, 03:7B7F, 03:7CB2, 03:7CDB"
3,1,03:6334,,1,"03:41AC, 03:4211, 03:432E, 03:448A, 03:45B2, 03:4C40, 03:4D16, 03:4D33, 03:4EDA, 03:4FC3, 03:5036, 03:519D, 03:603B, 03:7B57"
3,2,03:633F,,1,"03:4131, 03:7B8A"
3,3,03:6422,,1,"03:40F6, 03:4513, 03:521D, 03:644C, 03:6472, 03:6CE4, 03:6DEB, 03:6EA0, 03:6F13, 03:6F24, 03:6F3A, 03:6FBF"
3,4,03:6435,,1,"03:40FC, 03:4519, 03:6CDD"
3,0,03:6A19,,1,"03:43B0, 03:43BB, 03:60D2, 03:62F0, 03:634D, 03:647E, 03:6A48, 03:6F8E, 03:77CD, 03:7800, 03:7995, 03:79B7, 03:7B4C, 03:7B7F, 03:7CB2, 03:7CDB"
3,1,03:6A2F,,1,"03:41AC, 03:4211, 03:432E, 03:448A, 03:45B2, 03:4C40, 03:4D16, 03:4D33, 03:4EDA, 03:4FC3, 03:5036, 03:519D, 03:603B, 03:7B57"
3,2,03:6A3A,,1,"03:4131, 03:7B8A"
3,3,03:6B23,,1,"03:40F6, 03:4513, 03:521D, 03:644C, 03:6472, 03:6CE4, 03:6DEB, 03:6EA0, 03:6F13, 03:6F24, 03:6F3A, 03:6FBF"
3,4,03:6C2D,,1,"03:40FC, 03:4519, 03:6CDD"
3,5,03:6C96,,1,"03:4146, 03:425C, 03:4353, 03:4FBD, 03:5239, 03:6E54"
3,6,03:6D0E,,1,"03:4158, 03:4224, 03:4341, 03:45A2, 03:5227, 03:613D"
3,7,03:6D5A,,1,-
3,8,03:6DAD,,1,-
3,9,03:6E04,,1,"03:4217, 03:4334, 03:48BD, 03:4BB1, 03:4BDC, 03:6BAB"
3,10,03:6EE1,,1,"03:4565, 03:4596, 03:6E94"
3,11,03:6F7B,,1,03:4ADD
3,12,03:6F7C,,1,"03:6BBD, 03:6FB9"
3,13,03:6F92,,1,"03:4A7E, 03:6BB7"
3,14,03:6FA6,,1,03:4875
3,15,03:6FB1,,1,03:5030
3,0,03:769F,,1,"03:43B0, 03:43BB, 03:60D2, 03:62F0, 03:634D, 03:647E, 03:6A48, 03:6F8E, 03:77CD, 03:7800, 03:7995, 03:79B7, 03:7B4C, 03:7B7F, 03:7CB2, 03:7CDB"
3,1,03:7749,,1,"03:41AC, 03:4211, 03:432E, 03:448A, 03:45B2, 03:4C40, 03:4D16, 03:4D33, 03:4EDA, 03:4FC3, 03:5036, 03:519D, 03:603B, 03:7B57"
3,2,03:77BF,,1,"03:4131, 03:7B8A"
3,0,03:78F3,,1,"03:43B0, 03:43BB, 03:60D2, 03:62F0, 03:634D, 03:647E, 03:6A48, 03:6F8E, 03:77CD, 03:7800, 03:7995, 03:79B7, 03:7B4C, 03:7B7F, 03:7CB2, 03:7CDB"
3,1,03:7962,,1,"03:41AC, 03:4211, 03:432E, 03:448A, 03:45B2, 03:4C40, 03:4D16, 03:4D33, 03:4EDA, 03:4FC3, 03:5036, 03:519D, 03:603B, 03:7B57"
3,2,03:7987,,1,"03:4131, 03:7B8A"
3,0,03:7AB2,,1,"03:43B0, 03:43BB, 03:60D2, 03:62F0, 03:634D, 03:647E, 03:6A48, 03:6F8E, 03:77CD, 03:7800, 03:7995, 03:79B7, 03:7B4C, 03:7B7F, 03:7CB2, 03:7CDB"
3,1,03:7B1C,,1,"03:41AC, 03:4211, 03:432E, 03:448A, 03:45B2, 03:4C40, 03:4D16, 03:4D33, 03:4EDA, 03:4FC3, 03:5036, 03:519D, 03:603B, 03:7B57"
3,2,03:7B32,,1,"03:4131, 03:7B8A"
3,0,03:7C07,,1,"03:43B0, 03:43BB, 03:60D2, 03:62F0, 03:634D, 03:647E, 03:6A48, 03:6F8E, 03:77CD, 03:7800, 03:7995, 03:79B7, 03:7B4C, 03:7B7F, 03:7CB2, 03:7CDB"
3,1,03:7C7C,,1,"03:41AC, 03:4211, 03:432E, 03:448A, 03:45B2, 03:4C40, 03:4D16, 03:4D33, 03:4EDA, 03:4FC3, 03:5036, 03:519D, 03:603B, 03:7B57"
3,2,03:7CA4,,1,"03:4131, 03:7B8A"
4,0,04:466B,Bank004_State00,1,"04:490A, 04:4A72, 04:4C68, 04:4F36, 04:5741, 04:5CF4, 04:5D00, 04:5D0F, 04:6097, 04:6385, 04:6391, 04:63A0, 04:6D4A, 04:7055, 04:70FC, 04:7192, 04:71E9, 04:7209, 04:74DD, 04:7B1C"
4,1,04:4730,Bank004_State11,1,"04:4C22, 04:690D"
4,2,04:47EC,Bank004_State02,1,"04:4C78, 04:4D05, 04:4DF5, 04:5D1F, 04:63B0, 04:6B2E, 04:6B63, 04:6B6E, 04:6BDF, 04:6C5B, 04:6C90, 04:6CFA, 04:7808, 04:7813, 04:79F9"
4,3,04:48B1,Bank004_State13,1,"04:472C, 04:4A48, 04:5C97, 04:5D6E (never), 04:620F, 04:6244, 04:6279, 04:63FF, 04:69FF, 04:6FBB, 04:758F"
4,4,04:4A54,Bank004_State04,1,"04:4842, 04:4855, 04:5866, 04:5A11, 04:5D7C, 04:672E, 04:6A3B, 04:77D3, 04:78E6, 04:79C4, 04:7A9A"
4,5,04:4AA5,Bank004_State05,1,"04:5CA8, 04:5D4A, 04:6749, 04:6A7C, 04:6D2F, 04:76A4, 04:7ACF"
4,6,04:4BA8,Bank004_State06,1,"04:5CBD, 04:6760, 04:6ABC, 04:76E0"
4,7,04:4C0B,Bank004_State07,1,"04:61D4, 04:63EB, 04:696E, 04:7721"
4,8,04:4730,Bank004_State11,1,"04:61DA, 04:6BEB, 04:7761"
4,9,04:4C8D,Bank004_State09,1,04:7613
4,10,04:4D1B,Bank004_State10,1,"04:4873 (never), 04:492C (never), 04:7203, 04:78F2"
4,11,04:4730,Bank004_State11,1,04:6BF1
4,12,04:4E4B,Bank004_State12,1,04:4F9F
4,13,04:48B1,Bank004_State13,1,"04:4A0D, 04:78F8"
4,14,04:4F18,Bank004_State14,1,"04:4EBD, 04:4ED3"
4,0,04:570F,,1,"04:490A, 04:4A72, 04:4C68, 04:4F36, 04:5741, 04:5CF4, 04:5D00, 04:5D0F, 04:6097, 04:6385, 04:6391, 04:63A0, 04:6D4A, 04:7055, 04:70FC, 04:7192, 04:71E9, 04:7209, 04:74DD, 04:7B1C"
4,1,04:5728,,1,"04:4C22, 04:690D"
4,2,04:5733,,1,"04:4C78, 04:4D05, 04:4DF5, 04:5D1F, 04:63B0, 04:6B2E, 04:6B63, 04:6B6E, 04:6BDF, 04:6C5B, 04:6C90, 04:6CFA, 04:7808, 04:7813, 04:79F9"
4,3,04:596D,,1,"04:472C, 04:4A48, 04:5C97, 04:5D6E (never), 04:620F, 04:6244, 04:6279, 04:63FF, 04:69FF, 04:6FBB, 04:758F"
4,4,04:5C47,,1,"04:4842, 04:4855, 04:5866, 04:5A11, 04:5D7C, 04:672E, 04:6A3B, 04:77D3, 04:78E6, 04:79C4, 04:7A9A"
4,5,04:5CC1,,1,"04:5CA8, 04:5D4A, 04:6749, 04:6A7C, 04:6D2F, 04:76A4, 04:7ACF"
4,6,04:5D23,,1,"04:5CBD, 04:6760, 04:6ABC, 04:76E0"
4,7,04:5D37,,1,"04:61D4, 04:63EB, 04:696E, 04:7721"
4,8,04:5D42,,1,"04:61DA, 04:6BEB, 04:7761"
4,0,04:6065,,1,"04:490A, 04:4A72, 04:4C68, 04:4F36, 04:5741, 04:5CF4, 04:5D00, 04:5D0F, 04:6097, 04:6385, 04:6391, 04:63A0, 04:6D4A, 04:7055, 04:70FC, 04:7192, 04:71E9, 04:7209, 04:74DD, 04:7B1C"
4,1,04:607E,,1,"04:4C22, 04:690D"
4,2,04:6089,,1,"04:4C78, 04:4D05, 04:4DF5, 04:5D1F, 04:63B0, 04:6B2E, 04:6B63, 04:6B6E, 04:6BDF, 04:6C5B, 04:6C90, 04:6CFA, 04:7808, 04:7813, 04:79F9"
4,3,04:618D,,1,"04:472C, 04:4A48, 04:5C97, 04:5D6E (never), 04:620F, 04:6244, 04:6279, 04:63FF, 04:69FF, 04:6FBB, 04:758F"
4,4,04:61DE,,1,"04:4842, 04:4855, 04:5866, 04:5A11, 04:5D7C, 04:672E, 04:6A3B, 04:77D3, 04:78E6, 04:79C4, 04:7A9A"
4,5,04:6213,,1,"04:5CA8, 04:5D4A, 04:6749, 04:6A7C, 04:6D2F, 04:76A4, 04:7ACF"
4,6,04:6248,,1,"04:5CBD, 04:6760, 04:6ABC, 04:76E0"
4,7,04:6368,,1,"04:61D4, 04:63EB, 04:696E, 04:7721"
4,8,04:63B4,,1,"04:61DA, 04:6BEB, 04:7761"
4,9,04:63D8,,1,04:7613
4,10,04:63E3,,1,"04:4873 (never), 04:492C (never), 04:7203, 04:78F2"
4,0,04:685F,,1,"04:490A, 04:4A72, 04:4C68, 04:4F36, 04:5741, 04:5CF4, 04:5D00, 04:5D0F, 04:6097, 04:6385, 04:6391, 04:63A0, 04:6D4A, 04:7055, 04:70FC, 04:7192, 04:71E9, 04:7209, 04:74DD, 04:7B1C"
4,1,04:6911,,1,"04:4C22, 04:690D"
4,2,04:6972,,1,"04:4C78, 04:4D05, 04:4DF5, 04:5D1F, 04:63B0, 04:6B2E, 04:6B63, 04:6B6E, 04:6BDF, 04:6C5B, 04:6C90, 04:6CFA, 04:7808, 04:7813, 04:79F9"
4,3,04:6AC0,,1,"04:472C, 04:4A48, 04:5C97, 04:5D6E (never), 04:620F, 04:6244, 04:6279, 04:63FF, 04:69FF, 04:6FBB, 04:758F"
4,4,04:6B72,,1,"04:4842, 04:4855, 04:5866, 04:5A11, 04:5D7C, 04:672E, 04:6A3B, 04:77D3, 04:78E6, 04:79C4, 04:7A9A"
4,5,04:6BF5,,1,"04:5CA8, 04:5D4A, 04:6749, 04:6A7C, 04:6D2F, 04:76A4, 04:7ACF"
4,6,04:6C94,,1,"04:5CBD, 04:6760, 04:6ABC, 04:76E0"
4,7,04:6D33,,1,"04:61D4, 04:63EB, 04:696E, 04:7721"
4,8,04:6D4E,,1,"04:61DA, 04:6BEB, 04:7761"
4,9,04:6D74,,1,04:7613
4,10,04:6D7F,,1,"04:4873 (never), 04:492C (never), 04:7203, 04:78F2"
4,11,04:6D8F,,1,04:6BF1
4,12,04:6DB8,,1,04:4F9F
4,13,04:6DC3,,1,"04:4A0D, 04:78F8"
4,0,04:6FB2,,1,"04:490A, 04:4A72, 04:4C68, 04:4F36, 04:5741, 04:5CF4, 04:5D00, 04:5D0F, 04:6097, 04:6385, 04:6391, 04:63A0, 04:6D4A, 04:7055, 04:70FC, 04:7192, 04:71E9, 04:7209, 04:74DD, 04:7B1C"
4,1,04:6FF0,,1,"04:4C22, 04:690D"
4,2,04:702D,,1,"04:4C78, 04:4D05, 04:4DF5, 04:5D1F, 04:63B0, 04:6B2E, 04:6B63, 04:6B6E, 04:6BDF, 04:6C5B, 04:6C90, 04:6CFA, 04:7808, 04:7813, 04:79F9"
4,3,04:708E,,1,"04:472C, 04:4A48, 04:5C97, 04:5D6E (never), 04:620F, 04:6244, 04:6279, 04:63FF, 04:69FF, 04:6FBB, 04:758F"
4,4,04:70A8,,1,"04:4842, 04:4855, 04:5866, 04:5A11, 04:5D7C, 04:672E, 04:6A3B, 04:77D3, 04:78E6, 04:79C4, 04:7A9A"
4,5,04:70E5,,1,"04:5CA8, 04:5D4A, 04:6749, 04:6A7C, 04:6D2F, 04:76A4, 04:7ACF"
4,6,04:7135,,1,"04:5CBD, 04:6760, 04:6ABC, 04:76E0"
4,7,04:714F,,1,"04:61D4, 04:63EB, 04:696E, 04:7721"
4,8,04:7186,,1,"04:61DA, 04:6BEB, 04:7761"
4,9,04:71B5,,1,04:7613
4,10,04:71D5,,1,"04:4873 (never), 04:492C (never), 04:7203, 04:78F2"
4,11,04:71E0,,1,04:6BF1
4,0,04:74AC,,1,"04:490A, 04:4A72, 04:4C68, 04:4F36, 04:5741, 04:5CF4, 04:5D00, 04:5D0F, 04:6097, 04:6385, 04:6391, 04:63A0, 04:6D4A, 04:7055, 04:70FC, 04:7192, 04:71E9, 04:7209, 04:74DD, 04:7B1C"
4,1,04:74C4,,1,"04:4C22, 04:690D"
4,2,04:74CF,,1,"04:4C78, 04:4D05, 04:4DF5, 04:5D1F, 04:63B0, 04:6B2E, 04:6B63, 04:6B6E, 04:6BDF, 04:6C5B, 04:6C90, 04:6CFA, 04:7808, 04:7813, 04:79F9"
4,3,04:7593,,1,"04:472C, 04:4A48, 04:5C97, 04:5D6E (never), 04:620F, 04:6244, 04:6279, 04:63FF, 04:69FF, 04:6FBB, 04:758F"
4,4,04:7617,,1,"04:4842, 04:4855, 04:5866, 04:5A11, 04:5D7C, 04:672E, 04:6A3B, 04:77D3, 04:78E6, 04:79C4, 04:7A9A"
4,5,04:7765,,1,"04:5CA8, 04:5D4A, 04:6749, 04:6A7C, 04:6D2F, 04:76A4, 04:7ACF"
4,6,04:7879,,1,"04:5CBD, 04:6760, 04:6ABC, 04:76E0"
4,7,04:795E,,1,"04:61D4, 04:63EB, 04:696E, 04:7721"
4,8,04:7A34,,1,"04:61DA, 04:6BEB, 04:7761"
4,9,04:7B0A,,1,04:7613
4,10,04:7B20,,1,"04:4873 (never), 04:492C (never), 04:7203, 04:78F2"
4,11,04:7B39,,1,04:6BF1
4,12,04:7B44,,1,04:4F9F
4,13,04:7B59,,1,"04:4A0D, 04:78F8"
4,14,04:7B82,,1,"04:4EBD, 04:4ED3"
4,15,04:7B8D,,1,-
5,0,05:401E,Bank005_State00,1,"05:40E2, 05:4469, 05:4527, 05:75B9, 05:795F, 05:79F0"
5,1,05:4092,Bank005_State01,1,"05:42C7, 05:7959, 05:79E9"
5,2,05:416E,Bank005_State02,1,05:79D9
5,3,05:4250,Bank005_State03,1,"05:40C7, 05:787F"
5,4,05:4365,Bank005_State04,1,"05:48D6, 05:791D"
5,5,05:4419,Bank005_State05,1,"05:454D, 05:78E2"
5,6,05:44A8,Bank005_State06,1,05:7B4C
5,7,05:44F8,Bank005_State07,1,05:7855
5,8,05:4551,Bank005_State08,1,"05:4440, 05:792D"
5,9,05:46BE,Bank005_State09,1,"05:48AA, 05:78CB"
5,10,05:4777,Bank005_State10,1,05:4740
5,11,05:481A,Bank005_State11,1,05:47F5
5,12,05:48D4,Bank005_State12,1,"05:474A, 05:47FE, 05:48B3"
5,0,05:74E8,,1,"05:40E2, 05:4469, 05:4527, 05:75B9, 05:795F, 05:79F0"
5,1,05:756A,,1,"05:42C7, 05:7959, 05:79E9"
5,2,05:7774,,1,05:79D9
5,3,05:77FC,,1,"05:40C7, 05:787F"
5,4,05:781F,,1,"05:48D6, 05:791D"
5,5,05:7859,,1,"05:454D, 05:78E2"
5,6,05:7886,,1,05:7B4C
5,7,05:78F2,,1,05:7855
5,8,05:793A,,1,"05:4440, 05:792D"
5,9,05:7963,,1,"05:48AA, 05:78CB"
5,10,05:79A6,,1,05:4740
5,11,05:79CA,,1,05:47F5
6,0,06:4018,Bank006_State00,1,"06:4023, 06:4166, 06:4373, 06:48F8 (never), 06:492B, 06:493C, 06:4A66, 06:516E, 06:53D0, 06:53DB, 06:5410, 06:5AA4"
6,1,06:4027,Bank006_State01,1,"06:4A5B, 06:4E95, 06:5197, 06:5ACA, 06:6384, 06:63B8, 06:63F0, 06:642E, 06:650C, 06:657F, 06:6730, 06:6823, 06:68F1, 06:6A31, 06:738B"
6,2,06:40C2,Bank006_State02,1,"06:4570, 06:46D3, 06:4777, 06:4807, 06:48C7, 06:491A, 06:4E0A, 06:4F86, 06:4FC1, 06:4FFC, 06:5037, 06:5054, 06:5A23"
6,3,06:410A,Bank006_State03,1,"06:5A4C, 06:6056, 06:60B9"
6,4,06:4142,Bank006_State04,1,"06:4101, 06:60D7, 06:6727, 06:681A, 06:68E8, 06:69EA"
6,5,06:416A,Bank006_State05,1,06:65E4
6,6,06:4222,Bank006_State06,1,"06:4156, 06:4363, 06:663B"
6,7,06:42A7,Bank006_State07,1,"06:4655, 06:4E7B, 06:6697"
6,8,06:4308,Bank006_State08,1,"06:46B1, 06:4755, 06:47DF, 06:48A8, 06:506C, 06:66F2"
6,9,06:434F,Bank006_State09,1,"06:4280, 06:42F6, 06:47E5, 06:602E, 06:63F6, 06:6434, 06:6444"
6,0,06:44F1,,1,"06:4023, 06:4166, 06:4373, 06:48F8 (never), 06:492B, 06:493C, 06:4A66, 06:516E, 06:53D0, 06:53DB, 06:5410, 06:5AA4"
6,1,06:4574,,1,"06:4A5B, 06:4E95, 06:5197, 06:5ACA, 06:6384, 06:63B8, 06:63F0, 06:642E, 06:650C, 06:657F, 06:6730, 06:6823, 06:68F1, 06:6A31, 06:738B"
6,2,06:4607,,1,"06:4570, 06:46D3, 06:4777, 06:4807, 06:48C7, 06:491A, 06:4E0A, 06:4F86, 06:4FC1, 06:4FFC, 06:5037, 06:5054, 06:5A23"
6,3,06:4665,,1,"06:5A4C, 06:6056, 06:60B9"
6,4,06:470A,,1,"06:4101, 06:60D7, 06:6727, 06:681A, 06:68E8, 06:69EA"
6,5,06:47A4,,1,06:65E4
6,6,06:487A,,1,"06:4156, 06:4363, 06:663B"
6,7,06:4924,,1,"06:4655, 06:4E7B, 06:6697"
6,8,06:4935,,1,"06:46B1, 06:4755, 06:47DF, 06:48A8, 06:506C, 06:66F2"
6,9,06:4A5F,,1,"06:4280, 06:42F6, 06:47E5, 06:602E, 06:63F6, 06:6434, 06:6444"
6,0,06:4CCB,,1,"06:4023, 06:4166, 06:4373, 06:48F8 (never), 06:492B, 06:493C, 06:4A66, 06:516E, 06:53D0, 06:53DB, 06:5410, 06:5AA4"
6,1,06:4DEB,,1,"06:4A5B, 06:4E95, 06:5197, 06:5ACA, 06:6384, 06:63B8, 06:63F0, 06:642E, 06:650C, 06:657F, 06:6730, 06:6823, 06:68F1, 06:6A31, 06:738B"
6,2,06:4E62,,1,"06:4570, 06:46D3, 06:4777, 06:4807, 06:48C7, 06:491A, 06:4E0A, 06:4F86, 06:4FC1, 06:4FFC, 06:5037, 06:5054, 06:5A23"
6,3,06:4F53,,1,"06:5A4C, 06:6056, 06:60B9"
6,4,06:4F8E,,1,"06:4101, 06:60D7, 06:6727, 06:681A, 06:68E8, 06:69EA"
6,5,06:4FC9,,1,06:65E4
6,6,06:5004,,1,"06:4156, 06:4363, 06:663B"
6,7,06:503F,,1,"06:4655, 06:4E7B, 06:6697"
6,8,06:5094,,1,"06:46B1, 06:4755, 06:47DF, 06:48A8, 06:506C, 06:66F2"
6,9,06:510C,,1,"06:4280, 06:42F6, 06:47E5, 06:602E, 06:63F6, 06:6434, 06:6444"
6,10,06:5172,,1,"06:4E10, 06:525E, 06:5299, 06:52B6, 06:6076"
6,11,06:522B,,1,-
6,12,06:5266,,1,-
6,13,06:52A1,,1,06:5184
6,14,06:52F6,,1,06:52CE
6,15,06:536E,,1,-
6,16,06:53D4,,1,"06:4E20, 06:4ED5, 06:5082, 06:51D7, 06:52E4"
6,17,06:53E5,,1,"06:5072, 06:52D4"
6,18,06:5403,,1,-
6,19,06:540E,,1,-
6,0,06:599A,,1,"06:4023, 06:4166, 06:4373, 06:48F8 (never), 06:492B, 06:493C, 06:4A66, 06:516E, 06:53D0, 06:53DB, 06:5410, 06:5AA4"
6,1,06:5A27,,1,"06:4A5B, 06:4E95, 06:5197, 06:5ACA, 06:6384, 06:63B8, 06:63F0, 06:642E, 06:650C, 06:657F, 06:6730, 06:6823, 06:68F1, 06:6A31, 06:738B"
6,2,06:5A50,,1,"06:4570, 06:46D3, 06:4777, 06:4807, 06:48C7, 06:491A, 06:4E0A, 06:4F86, 06:4FC1, 06:4FFC, 06:5037, 06:5054, 06:5A23"
6,3,06:5A78,,1,"06:5A4C, 06:6056, 06:60B9"
6,0,06:5E04,,1,"06:4023, 06:4166, 06:4373, 06:48F8 (never), 06:492B, 06:493C, 06:4A66, 06:516E, 06:53D0, 06:53DB, 06:5410, 06:5AA4"
6,1,06:5F9E,,1,"06:4A5B, 06:4E95, 06:5197, 06:5ACA, 06:6384, 06:63B8, 06:63F0, 06:642E, 06:650C, 06:657F, 06:6730, 06:6823, 06:68F1, 06:6A31, 06:738B"
6,2,06:6335,,1,"06:4570, 06:46D3, 06:4777, 06:4807, 06:48C7, 06:491A, 06:4E0A, 06:4F86, 06:4FC1, 06:4FFC, 06:5037, 06:5054, 06:5A23"
6,3,06:64B3,,1,"06:5A4C, 06:6056, 06:60B9"
6,4,06:6542,,1,"06:4101, 06:60D7, 06:6727, 06:681A, 06:68E8, 06:69EA"
6,5,06:66F6,,1,06:65E4
6,6,06:67E2,,1,"06:4156, 06:4363, 06:663B"
6,7,06:68B2,,1,"06:4655, 06:4E7B, 06:6697"
6,8,06:69B4,,1,"06:46B1, 06:4755, 06:47DF, 06:48A8, 06:506C, 06:66F2"
6,9,06:6B25,,1,"06:4280, 06:42F6, 06:47E5, 06:602E, 06:63F6, 06:6434, 06:6444"
6,10,06:7259,,1,"06:4E10, 06:525E, 06:5299, 06:52B6, 06:6076"
6,11,06:7277,,1,-
6,12,06:7282,,1,-
7,0,07:402E,Bank007_State00,1,"07:4104, 07:416B, 07:461B, 07:463E, 07:48BF, 07:48E2, 07:527E, 07:529B, 07:545A, 07:547C, 07:56D0, 07:56EE, 07:570C, 07:5917, 07:702E, 07:7112, 07:7118, 07:77D7, 07:7800"
7,1,07:4108,Bank007_State01,1,"07:567F, 07:6BAF, 07:6E79, 07:6F90, 07:7330, 07:73BC, 07:7791"
7,2,07:439C,Bank007_State02,1,"07:41BE, 07:44F0, 07:45C0, 07:56B5, 07:6E57, 07:6F6E, 07:72A7, 07:73E0, 07:77A0, 07:77EF"
7,3,07:43CB,Bank007_State03,1,"07:564C, 07:6DCA, 07:72CA, 07:734B, 07:77AB"
7,4,07:43D6,Bank007_State04,1,"07:5609, 07:6DE9, 07:7452, 07:7596, 07:7667, 07:7738"
7,5,07:44BD,Bank007_State05,1,"07:5B10, 07:6C0C, 07:746F, 07:74EE, 07:763F, 07:76E8"
7,6,07:44F4,Bank007_State06,1,"07:5B03, 07:748C, 07:7516, 07:75BE, 07:7710"
7,7,07:4599,Bank007_State07,1,"07:4595, 07:5B1C, 07:74A5, 07:753E, 07:75E6, 07:768F"
7,8,07:45D2,Bank007_State08,1,"07:4586, 07:55B6, 07:5685, 07:56C2, 07:7286, 07:7310, 07:7381, 07:74C4, 07:756C, 07:7615, 07:76BE"
7,9,07:45FD,Bank007_State09,1,07:703F
7,10,07:4645,Bank007_State10,1,"07:41C4, 07:4869"
7,11,07:46BC,Bank007_State11,1,-
7,12,07:472E,Bank007_State12,1,-
7,13,07:4759,Bank007_State13,1,07:471B
7,14,07:4831,Bank007_State14,1,-
7,15,07:486D,Bank007_State15,1,-
7,16,07:4876,Bank007_State16,1,07:4721
7,17,07:48A1,Bank007_State17,1,-
7,18,07:48E9,Bank007_State18,1,"07:4182, 07:41CA (never), 07:45EF, 07:474B, 07:4893, 07:51A0"
7,19,07:48F8,Bank007_State19,1,-
7,20,07:4903,Bank007_State20,1,-
7,0,07:51B6,,1,"07:4104, 07:416B, 07:461B, 07:463E, 07:48BF, 07:48E2, 07:527E, 07:529B, 07:545A, 07:547C, 07:56D0, 07:56EE, 07:570C, 07:5917, 07:702E, 07:7112, 07:7118, 07:77D7, 07:7800"
7,1,07:5238,,1,"07:567F, 07:6BAF, 07:6E79, 07:6F90, 07:7330, 07:73BC, 07:7791"
7,2,07:5260,,1,"07:41BE, 07:44F0, 07:45C0, 07:56B5, 07:6E57, 07:6F6E, 07:72A7, 07:73E0, 07:77A0, 07:77EF"
7,0,07:53C8,,1,"07:4104, 07:416B, 07:461B, 07:463E, 07:48BF, 07:48E2, 07:527E, 07:529B, 07:545A, 07:547C, 07:56D0, 07:56EE, 07:570C, 07:5917, 07:702E, 07:7112, 07:7118, 07:77D7, 07:7800"
7,1,07:5423,,1,"07:567F, 07:6BAF, 07:6E79, 07:6F90, 07:7330, 07:73BC, 07:7791"
7,2,07:544C,,1,"07:41BE, 07:44F0, 07:45C0, 07:56B5, 07:6E57, 07:6F6E, 07:72A7, 07:73E0, 07:77A0, 07:77EF"
7,0,07:5503,,1,"07:4104, 07:416B, 07:461B, 07:463E, 07:48BF, 07:48E2, 07:527E, 07:529B, 07:545A, 07:547C, 07:56D0, 07:56EE, 07:570C, 07:5917, 07:702E, 07:7112, 07:7118, 07:77D7, 07:7800"
7,1,07:5579,,1,"07:567F, 07:6BAF, 07:6E79, 07:6F90, 07:7330, 07:73BC, 07:7791"
7,2,07:55BA,,1,"07:41BE, 07:44F0, 07:45C0, 07:56B5, 07:6E57, 07:6F6E, 07:72A7, 07:73E0, 07:77A0, 07:77EF"
7,3,07:5650,,1,"07:564C, 07:6DCA, 07:72CA, 07:734B, 07:77AB"
7,4,07:5689,,1,"07:5609, 07:6DE9, 07:7452, 07:7596, 07:7667, 07:7738"
7,5,07:56C6,,1,"07:5B10, 07:6C0C, 07:746F, 07:74EE, 07:763F, 07:76E8"
7,6,07:56E4,,1,"07:5B03, 07:748C, 07:7516, 07:75BE, 07:7710"
7,7,07:5702,,1,"07:4595, 07:5B1C, 07:74A5, 07:753E, 07:75E6, 07:768F"
7,8,07:5910,,1,"07:4586, 07:55B6, 07:5685, 07:56C2, 07:7286, 07:7310, 07:7381, 07:74C4, 07:756C, 07:7615, 07:76BE"
7,0,07:6B1F,,1,"07:4104, 07:416B, 07:461B, 07:463E, 07:48BF, 07:48E2, 07:527E, 07:529B, 07:545A, 07:547C, 07:56D0, 07:56EE, 07:570C, 07:5917, 07:702E, 07:7112, 07:7118, 07:77D7, 07:7800"
7,1,07:6BBB,,1,"07:567F, 07:6BAF, 07:6E79, 07:6F90, 07:7330, 07:73BC, 07:7791"
7,2,07:6D44,,1,"07:41BE, 07:44F0, 07:45C0, 07:56B5, 07:6E57, 07:6F6E, 07:72A7, 07:73E0, 07:77A0, 07:77EF"
7,3,07:6DED,,1,"07:564C, 07:6DCA, 07:72CA, 07:734B, 07:77AB"
7,4,07:6EFF,,1,"07:5609, 07:6DE9, 07:7452, 07:7596, 07:7667, 07:7738"
7,5,07:701A,,1,"07:5B10, 07:6C0C, 07:746F, 07:74EE, 07:763F, 07:76E8"
7,6,07:7037,,1,"07:5B03, 07:748C, 07:7516, 07:75BE, 07:7710"
7,7,07:70DC,,1,"07:4595, 07:5B1C, 07:74A5, 07:753E, 07:75E6, 07:768F"
7,8,07:70F9,,1,"07:4586, 07:55B6, 07:5685, 07:56C2, 07:7286, 07:7310, 07:7381, 07:74C4, 07:756C, 07:7615, 07:76BE"
7,9,07:711C,,1,07:703F
7,10,07:712A,,1,"07:41C4, 07:4869"
7,11,07:7135,,1,-
7,0,07:71C5,,1,"07:4104, 07:416B, 07:461B, 07:463E, 07:48BF, 07:48E2, 07:527E, 07:529B, 07:545A, 07:547C, 07:56D0, 07:56EE, 07:570C, 07:5917, 07:702E, 07:7112, 07:7118, 07:77D7, 07:7800"
7,1,07:7260,,1,"07:567F, 07:6BAF, 07:6E79, 07:6F90, 07:7330, 07:73BC, 07:7791"
7,2,07:72EA,,1,"07:41BE, 07:44F0, 07:45C0, 07:56B5, 07:6E57, 07:6F6E, 07:72A7, 07:73E0, 07:77A0, 07:77EF"
7,3,07:735B,,1,"07:564C, 07:6DCA, 07:72CA, 07:734B, 07:77AB"
7,4,07:74A9,,1,"07:5609, 07:6DE9, 07:7452, 07:7596, 07:7667, 07:7738"
7,5,07:7551,,1,"07:5B10, 07:6C0C, 07:746F, 07:74EE, 07:763F, 07:76E8"
7,6,07:75FA,,1,"07:5B03, 07:748C, 07:7516, 07:75BE, 07:7710"
7,7,07:76A3,,1,"07:4595, 07:5B1C, 07:74A5, 07:753E, 07:75E6, 07:768F"
7,8,07:77AF,,1,"07:4586, 07:55B6, 07:5685, 07:56C2, 07:7286, 07:7310, 07:7381, 07:74C4, 07:756C, 07:7615, 07:76BE"
8,0,08:400A,Bank008_State00,1,"08:407C, 08:409E, 08:4157, 08:45BD, 08:45CC, 08:4652, 08:469F, 08:477B (never), 08:4AA3, 08:4AB6, 08:4B3C, 08:747F"
8,1,08:405B,Bank008_State01,1,-
8,2,08:406E,Bank008_State02,1,"08:45DC, 08:45FA"
8,0,08:411A,,1,"08:407C, 08:409E, 08:4157, 08:45BD, 08:45CC, 08:4652, 08:469F, 08:477B (never), 08:4AA3, 08:4AB6, 08:4B3C, 08:747F"
8,1,08:413E,,1,-
8,2,08:4149,,1,"08:45DC, 08:45FA"
8,3,08:4291,,1,"08:428D, 08:443D, 08:73C9"
8,4,08:4329,,1,"08:4434, 08:44F2, 08:4954, 08:49D5"
8,5,08:43E1,,1,08:439D
8,6,08:4489,,1,08:43DD
8,7,08:458D,,1,08:42DF
8,8,08:45E0,,1,-
8,9,08:477F,,1,08:44FE
8,10,08:4798,,1,-
8,11,08:47A3,,1,-
8,12,08:47BC,,1,08:4504
8,13,08:47D5,,1,-
8,14,08:47E0,,1,-
8,0,08:4897,,1,"08:407C, 08:409E, 08:4157, 08:45BD, 08:45CC, 08:4652, 08:469F, 08:477B (never), 08:4AA3, 08:4AB6, 08:4B3C, 08:747F"
8,1,08:4913,,1,-
8,2,08:497F,,1,"08:45DC, 08:45FA"
8,3,08:4A38,,1,"08:428D, 08:443D, 08:73C9"
8,4,08:4A7E,,1,"08:4434, 08:44F2, 08:4954, 08:49D5"
8,5,08:4AA7,,1,08:439D
8,0,08:724F,,1,"08:407C, 08:409E, 08:4157, 08:45BD, 08:45CC, 08:4652, 08:469F, 08:477B (never), 08:4AA3, 08:4AB6, 08:4B3C, 08:747F"
8,1,08:735A,,1,-
8,2,08:73CD,,1,"08:45DC, 08:45FA"
8,3,08:7445,,1,"08:428D, 08:443D, 08:73C9"
8,4,08:7468,,1,"08:4434, 08:44F2, 08:4954, 08:49D5"
9,0,09:48B9,Bank009_State00,1,"09:48D0, 09:4985, 09:4990, 09:4AF6, 09:4C60, 09:4CE6, 09:5194, 09:60EE, 09:66CE"
9,1,09:494D,Bank009_State01,1,-
9,2,09:4972,Bank009_State02,1,-
9,3,09:49CF,Bank009_State03,1,"09:4BDA, 09:6431, 09:6437 (never)"
9,4,09:4A6D,Bank009_State04,1,-
9,5,09:4AC8,Bank009_State05,1,-
9,6,09:4AFA,Bank009_State06,1,"09:49C7, 09:643D"
9,7,09:4B8E,Bank009_State07,1,-
9,8,09:4B9E,Bank009_State08,1,-
9,9,09:4BAB,Bank009_State09,1,-
9,10,09:4BBB,Bank009_State10,1,-
9,11,09:4BC8,Bank009_State11,1,09:642B
9,12,09:4BDE,Bank009_State12,1,-
9,13,09:4C4E,Bank009_State13,1,-
9,14,09:4C58,Bank009_State14,1,"09:638B, 09:66A1"
9,15,09:4C64,Bank009_State15,1,-
9,16,09:4CD4,Bank009_State16,1,-
9,17,09:4CDE,Bank009_State17,1,-
9,18,09:4CF2,Bank009_State18,1,-
9,19,09:4DE2,Bank009_State19,1,-
9,20,09:4EA4,Bank009_State20,1,-
9,21,09:4FD5,Bank009_State21,1,-
9,22,09:50D0,Bank009_State22,1,-
9,23,09:50E0,Bank009_State23,1,09:4D82
9,24,09:518C,Bank009_State24,1,09:50DC
9,0,09:6005,,1,"09:48D0, 09:4985, 09:4990, 09:4AF6, 09:4C60, 09:4CE6, 09:5194, 09:60EE, 09:66CE"
9,1,09:60A8,,1,-
9,2,09:614A,,1,-
9,3,09:61EF,,1,"09:4BDA, 09:6431, 09:6437 (never)"
9,4,09:6204,,1,-
9,5,09:62C1,,1,-
9,6,09:634F,,1,"09:49C7, 09:643D"
9,7,09:63A3,,1,-
9,8,09:642F,,1,-
9,9,09:6435,,0,-
9,10,09:643B,,1,-
9,11,09:6441,,1,09:642B
9,12,09:6642,,1,-
9,13,09:66BB,,0,-
9,14,09:66BC,,1,"09:638B, 09:66A1"
