first_addr,class,instrs,bytes,tracer_entry_kinds,gating_branches,dispatch_table_entries
04:5E4C,GATED,254,405,call:3;flow:18,04:5E4B(ft),
03:657F,TABLE,252,407,call:11;flow:20;jptable:3,,03:655D[1];03:655D[6];03:655D[7]
05:5EC0,TABLE,223,412,call:8;flow:28;jptable:4,,05:5A67[23];05:5A67[24];05:5A67[25];05:5A67[26]
00:1D45,GATED,130,315,call:2;flow:2,00:1DA0(ft),
09:64ED,GATED,116,216,call:5;flow:7,09:64EB(ft);09:665C(ft),
08:46A3,GATED,87,220,flow:1,08:45F5,
05:6670,TABLE,73,158,call:4;flow:1;rst18:1,,05:475F[7]
0A:5853,TABLE,70,87,flow:3;root:1,,0A:541A[13] effect table
00:0781,DEAD,69,107,flow:8;root:1,,
03:65B3,TABLE,67,98,call:1;flow:5;jptable:1,,03:655D[2]
03:6983,TABLE,56,106,call:2;flow:6;jptable:1,,03:655D[10];03:655D[11];03:655D[12];03:655D[13]
03:6901,TABLE,52,98,call:1;flow:8;jptable:1,,03:655D[8]
05:71C3,TABLE,51,105,call:3;flow:1;rst18:1,,05:48C4[3]
04:7C9D,DEAD,49,90,call:1;flow:7;root:1,,
00:1A7B,GATED,42,80,flow:2,00:1A79(ft),
0A:5E40,TABLE,39,63,flow:4;root:1,,0A:541A[45] effect table
0A:6037,TABLE,38,61,flow:4;root:1,,0A:541A[51] effect table
0A:60B1,TABLE,38,61,flow:4;root:1,,0A:541A[53] effect table
1F:53B9,DEAD,37,46,flow:2;root:1,,
0A:6704,TABLE,35,57,flow:4;root:1,,0A:541A[83] effect table
07:4A4D,DEAD,32,65,flow:2;root:1,,
00:1AEB,DEAD,30,64,flow:3;root:2,,
00:10AC,DEAD,28,36,root:1,,
07:6767,ORPHAN,27,50,call:1;flow:1,,
03:6801,TABLE,25,55,jptable:1,,03:655D[5]
00:069F,DEAD,24,43,flow:2;root:1,,
06:48CB,GATED,23,49,flow:2,06:48AE,
03:67D5,TABLE,19,44,jptable:1,,03:655D[4]
07:4BEA,DEAD,19,30,flow:1;root:1,,
1F:53E7,DEAD,19,25,root:1,,
07:4BC3,DEAD,17,39,call:2;root:1,,
00:05E0,GATED,16,24,flow:2,00:05D5,
00:2523,DEAD,14,25,root:1,,
05:517D,GATED,14,31,flow:1,05:517B(ft),
06:71CC,DEAD,14,24,root:1,,
09:6D00,DEAD,14,18,flow:1;root:1,,
09:721D,DEAD,14,34,root:1,,
00:253C,DEAD,13,23,root:1,,
0A:470D,GATED,13,23,flow:1,0A:470B(ft),
07:6232,GATED,12,25,flow:1,07:6230(ft),
03:6264,GATED,11,23,flow:1,03:6262(ft),
03:6625,TABLE,11,29,jptable:1,,03:655D[0]
05:653D,GATED,11,23,,05:653C(ft),
05:7179,GATED,11,23,,05:7178(ft),
00:24F1,DEAD,10,15,root:1,,
04:4865,GATED,10,18,,04:4863(ft),
04:491E,GATED,10,18,,04:491D(ft),
05:603D,GATED,10,16,flow:2,05:6033,
1F:4EC4,TABLE,10,21,root:1,,1F:433E[16] sound cmd
04:75C5,GATED,9,24,,04:75C3(ft),
05:5445,GATED,9,17,flow:1,05:542E,
05:5456,GATED,9,17,flow:1,05:5432,
05:5CFE,TABLE,9,23,jptable:1,,05:5A67[36]
05:622D,DEAD,9,23,root:1,,
05:7F1C,DEAD,9,23,root:1,,
05:7F33,DEAD,9,23,root:1,,
09:6C59,GATED,9,18,flow:2,09:6C57(ft),
1F:4940,GATED,9,20,flow:1,1F:492E,
1F:49E3,GATED,9,16,flow:1,1F:49D9,
00:0762,DEAD,8,15,flow:1;root:1,,
00:0810,GATED,8,15,,00:080E(ft),
00:1E92,GATED,8,18,,00:1E91(ft),
00:258F,GATED,8,15,,00:258D(ft),
03:6533,GATED,8,16,,03:6532(ft),
05:496D,GATED,8,13,,05:496B(ft),
05:49C2,GATED,8,11,,05:49C0(ft),
05:69A9,GATED,8,16,,05:69A7(ft),
05:6AF8,GATED,8,16,,05:6AF7(ft),
00:0758,ORPHAN,7,10,flow:1,,
00:0773,DEAD,7,14,flow:1;root:1,,
00:1B25,GATED,7,11,,00:1B23(ft),
03:629A,GATED,7,17,,03:6298(ft),
05:497E,GATED,7,11,,05:497C(ft),
05:661C,GATED,7,13,,05:661A(ft),
05:7158,GATED,7,13,,05:7156(ft),
05:7169,GATED,7,13,,05:7167(ft),
09:652D,GATED,7,19,,09:652B(ft),
09:6547,GATED,7,19,,09:6545(ft),
00:06F6,GATED,6,9,,00:06F4(ft),
00:1D38,GATED,6,13,flow:1,00:1CFB;00:1D29,
04:5D63,GATED,6,15,,04:5D61(ft),
04:6403,DEAD,6,15,root:1,,
04:6412,DEAD,6,15,root:1,,
05:5249,GATED,6,15,,05:5247(ft),
05:6AE1,GATED,6,10,,05:6AE0(ft),
09:6C99,GATED,6,8,flow:1,09:6C80,
00:057F,DEAD,5,7,flow:1;root:1,,
00:2E82,DEAD,5,6,root:1,,
03:4D4B,GATED,5,11,,03:4D49(ft),
03:6155,GATED,5,11,,03:6153(ft),
05:4B1D,GATED,5,7,flow:1,05:4B17,
05:70A9,GATED,5,10,,05:70A8(ft),
0A:59E9,TABLE,5,12,root:1,,0A:541A[19] effect table
0A:5A01,TABLE,5,12,root:1,,0A:541A[21] effect table
00:03D4,DEAD,4,7,root:1,,
00:03DB,DEAD,4,7,root:1,,
00:0861,GATED,4,7,,00:0860(ft),
00:16AE,GATED,4,8,,00:16AC(ft),
00:1ACB,GATED,4,7,flow:1,00:1A63,
05:5BDD,TABLE,4,11,jptable:1,,05:5A67[32]
05:5BE8,TABLE,4,11,jptable:1,,05:5A67[33]
05:5BF3,TABLE,4,11,jptable:1,,05:5A67[34]
05:5BFE,TABLE,4,11,jptable:1,,05:5A67[35]
05:609B,GATED,4,5,,05:6099(ft),
07:4A2D,GATED,4,7,,07:4A2B(ft),
07:4A3A,GATED,4,7,,07:4A38(ft),
07:693A,GATED,4,8,,07:6938(ft),
07:6A58,GATED,4,10,flow:1,07:6A47,
08:482C,GATED,4,9,,08:482A(ft),
09:6BD4,GATED,4,7,flow:1,09:6BCC;09:6BD0;09:6BD2(ft),
1F:4A61,DEAD,4,8,root:1,,
1F:5234,GATED,4,8,flow:1,1F:5224,
1F:524B,DEAD,4,7,root:1,,
1F:5743,DEAD,4,9,flow:1;root:1,,
00:190F,DEAD,3,5,root:1,,
00:19A2,DEAD,3,5,root:1,,
00:2611,GATED,3,6,,00:260F(ft),
02:466D,GATED,3,5,,02:466B(ft),
03:4E50,GATED,3,5,,03:4E4E(ft),
03:552F,GATED,3,4,,03:552D(ft),
03:555A,GATED,3,4,,03:5558(ft),
03:62BA,GATED,3,5,,03:62B8(ft),
03:79AE,GATED,3,5,,03:79AC(ft),
04:4FB8,GATED,3,5,,04:4FB6(ft),
05:5E0F,TABLE,3,8,jptable:1,,05:5A67[37]
05:60E0,GATED,3,4,flow:1,05:60D7,
05:686A,GATED,3,5,,05:6869(ft),
05:6E7E,GATED,3,5,,05:6E7D(ft),
06:523B,GATED,3,9,,06:5239(ft),
06:5276,GATED,3,9,,06:5274(ft),
06:7417,TABLE,3,8,jptable:1,,06:73AF[13]
06:7457,TABLE,3,8,jptable:1,,06:73AF[19]
06:7467,TABLE,3,8,jptable:1,,06:73AF[21]
07:41C8,DEAD,3,6,root:1,,
07:5291,GATED,3,5,,07:528F(ft),
07:5473,GATED,3,5,,07:5471(ft),
08:4095,GATED,3,5,,08:4093(ft),
09:6435,TABLE,3,6,rst18:1,,09:5FE7[9]
1F:46DD,DEAD,3,8,root:1,,
1F:4EBC,TABLE,3,8,root:1,,1F:431A[16] sound cmd
1F:4FBC,DEAD,3,6,root:1,,
00:16D7,GATED,2,4,flow:1,00:16C6,
00:190B,DEAD,2,3,root:1,,
00:1B36,GATED,2,4,,00:1B34(ft),
00:1CD2,GATED,2,5,,00:1CD0(ft),
00:2B20,GATED,2,5,flow:1,00:2B02,
02:47FE,GATED,2,5,,02:47FC(ft),
03:4B17,GATED,2,4,,03:4B15(ft),
04:52E4,GATED,2,5,,04:52E2(ft),
05:5769,GATED,2,2,,05:5768(ft),
05:599A,GATED,2,5,,05:5998(ft),
05:59FE,GATED,2,2,flow:1,05:59FA,
05:5A15,GATED,2,4,,05:5A13(ft),
05:5A31,GATED,2,2,flow:1,05:5A2D,
05:5A47,GATED,2,2,flow:1,05:5A3F,
05:5B51,TABLE,2,6,jptable:1,,05:5A67[38]
05:64F1,GATED,2,2,,05:64F0(ft),
05:7131,GATED,2,2,,05:7130(ft),
05:71AB,GATED,2,2,,05:71AA(ft),
05:7397,GATED,2,4,,05:7395(ft),
06:5769,GATED,2,2,,06:5768(ft),
09:5CAF,GATED,2,2,,09:5CAD(ft),
09:63FE,GATED,2,5,,09:63FC(ft),
09:6409,GATED,2,5,,09:6407(ft),
09:6414,GATED,2,5,,09:6412(ft),
0A:7CE6,DEAD,2,6,root:1,,
0A:7CEC,DEAD,2,6,root:1,,
1F:4A42,GATED,2,2,flow:1,1F:4A4A,
1F:522A,GATED,2,2,,1F:5228(ft),
00:0367,DEAD,1,1,root:1,,
00:1137,GATED,1,1,,00:1135(ft),
00:1C56,DEAD,1,1,root:1,,
00:2969,GATED,1,1,,00:2967(ft),
02:43EC,GATED,1,3,,02:43E9(ft),
02:487F,GATED,1,1,,02:487D(ft),
02:48E7,GATED,1,1,,02:48E5(ft),
02:493B,GATED,1,1,,02:4939(ft),
02:4998,GATED,1,1,,02:4996(ft),
02:4C2A,GATED,1,1,,02:4C28(ft),
03:41E8,GATED,1,1,,03:41E6(ft),
03:4E21,GATED,1,1,flow:1,03:4E1A,
03:5C13,GATED,1,1,,03:5C11(ft),
03:628B,GATED,1,1,flow:1,03:6284,
04:4E3B,GATED,1,1,,04:4E39(ft),
04:5AE6,GATED,1,1,,04:5AE4(ft),
04:5B38,GATED,1,1,,04:5B36(ft),
04:5E46,GATED,1,2,,04:5E44(ft),
05:5310,GATED,1,1,,05:530E(ft),
05:5319,GATED,1,1,,05:5317(ft),
05:5979,GATED,1,1,,05:5977(ft),
05:6ACC,GATED,1,1,,05:6ACA(ft),
06:4BA3,GATED,1,1,,06:4BA1(ft),
06:4BBD,GATED,1,1,,06:4BBB(ft),
06:4BF7,GATED,1,1,,06:4BF5(ft),
06:4BFE,GATED,1,1,,06:4BFC(ft),
06:4C11,GATED,1,1,,06:4C0F(ft),
06:4C52,GATED,1,1,,06:4C50(ft),
06:4C74,GATED,1,1,,06:4C72(ft),
06:4D4F,GATED,1,1,,06:4D4D(ft),
06:4D56,GATED,1,1,,06:4D54(ft),
06:4D60,GATED,1,1,,06:4D5E(ft),
06:5715,GATED,1,1,,06:5713(ft),
06:572C,GATED,1,1,,06:572A(ft),
06:5743,GATED,1,1,,06:5741(ft),
06:5D3B,GATED,1,1,,06:5D39(ft),
06:64ED,GATED,1,1,,06:64EB(ft),
06:7529,GATED,1,1,,06:7527(ft),
06:758A,GATED,1,1,,06:7588(ft),
06:7645,GATED,1,1,,06:7643(ft),
06:76B2,GATED,1,1,,06:76B0(ft),
06:7776,GATED,1,1,,06:7774(ft),
06:77E3,GATED,1,1,,06:77E1(ft),
07:503D,DEAD,1,3,root:1,,
07:6276,GATED,1,1,,07:6274(ft),
07:68A9,GATED,1,1,,07:68A7(ft),
07:7918,GATED,1,1,,07:7916(ft),
07:7921,GATED,1,1,,07:791F(ft),
08:4D0B,GATED,1,1,,08:4D09(ft),
09:66BB,TABLE,1,1,rst18:1,,09:5FE7[13]
09:7273,GATED,1,1,,09:7271(ft),
0A:4036,GATED,1,1,,0A:4034(ft),
0A:4C53,DEAD,1,1,root:1,,
0A:5AB6,TABLE,1,1,root:1,,0A:541A[25] effect table
0A:5AB8,TABLE,1,1,root:1,,0A:541A[27] effect table
0A:5AB9,TABLE,1,1,root:1,,0A:541A[28] effect table
0A:5ABA,TABLE,1,1,root:1,,0A:541A[29] effect table
0A:5ABB,TABLE,1,1,root:1,,0A:541A[30] effect table
0A:5ABC,TABLE,1,1,root:1,,0A:541A[31] effect table
0A:61AB,TABLE,1,1,root:1,,0A:541A[57] effect table
0A:61AD,TABLE,1,1,root:1,,0A:541A[59] effect table
0A:61AE,TABLE,1,1,root:1,,0A:541A[60] effect table
0A:61AF,TABLE,1,1,root:1,,0A:541A[61] effect table
0A:61B1,TABLE,1,1,root:1,,0A:541A[63] effect table
0A:685F,TABLE,1,1,root:1,,0A:541A[89] effect table
0A:6861,TABLE,1,1,root:1,,0A:541A[91] effect table
0A:6862,TABLE,1,1,root:1,,0A:541A[92] effect table
0A:6863,TABLE,1,1,root:1,,0A:541A[93] effect table
0A:6864,TABLE,1,1,root:1,,0A:541A[94] effect table
0A:6865,TABLE,1,1,root:1,,0A:541A[95] effect table
1F:7FF3,DEAD,1,3,root:1,,
