start,end,span_bytes
00:0367,00:0367,1
00:03D4,00:03E1,14
00:057F,00:0585,7
00:05E0,00:05F7,24
00:069F,00:06C7,41
00:06F6,00:06FE,9
00:0758,00:07EB,148
00:0810,00:081D,14
00:0861,00:0867,7
00:10AC,00:10CF,36
00:1137,00:1137,1
00:16AE,00:16B5,8
00:16D7,00:16DA,4
00:190B,00:1912,8
00:19A2,00:19A6,5
00:1A7B,00:1AD1,87
00:1AEB,00:1B39,79
00:1C2F,00:1C39,11
00:1C56,00:1C56,1
00:1CD2,00:1CD5,4
00:1D38,00:1E83,332
00:1E92,00:1EA3,18
00:24F1,00:24FE,14
00:2523,00:2550,46
00:258F,00:259C,14
00:2611,00:2614,4
00:2969,00:2969,1
00:2B20,00:2B22,3
00:2E82,00:2E87,6
02:43EC,02:43EC,1
02:466D,02:4671,5
02:47FE,02:4800,3
02:487F,02:487F,1
02:48E7,02:48E7,1
02:493B,02:493B,1
02:4998,02:4998,1
02:4C2A,02:4C2A,1
03:41E8,03:41E8,1
03:4B17,03:4B19,3
03:4D4B,03:4D54,10
03:4E21,03:4E21,1
03:4E50,03:4E54,5
03:552F,03:5531,3
03:555A,03:555C,3
03:5C13,03:5C13,1
03:6155,03:615E,10
03:6264,03:6278,21
03:628B,03:628B,1
03:629A,03:62A8,15
03:62BA,03:62BE,5
03:6533,03:6542,16
03:657F,03:669E,288
03:66AF,03:66DB,45
03:67D5,03:695C,392
03:697D,03:69F4,120
03:79AE,03:79B2,5
04:4865,04:4876,18
04:491E,04:492F,18
04:4E3B,04:4E3B,1
04:4FB8,04:4FBB,4
04:52E4,04:52E6,3
04:5AE6,04:5AE6,1
04:5B38,04:5B38,1
04:5D63,04:5D71,15
04:5E46,04:5FDF,410
04:6403,04:6420,30
04:75C5,04:75DA,22
04:7C9D,04:7CF6,90
05:496D,05:4988,28
05:49C2,05:49CC,11
05:4B1D,05:4B23,7
05:517D,05:519B,31
05:5249,05:5255,13
05:5310,05:5319,10
05:5445,05:5466,34
05:5769,05:576A,2
05:5979,05:5979,1
05:599A,05:599D,4
05:59FE,05:59FF,2
05:5A15,05:5A17,3
05:5A31,05:5A32,2
05:5A47,05:5A48,2
05:5B51,05:5B54,4
05:5BDD,05:5C06,42
05:5CFE,05:5D12,21
05:5E0F,05:5E14,6
05:5EC0,05:6028,361
05:603D,05:607F,67
05:609B,05:609F,5
05:60E0,05:60E2,3
05:622D,05:6243,23
05:64F1,05:64F2,2
05:653D,05:6553,23
05:661C,05:6628,13
05:6670,05:670D,158
05:686A,05:686E,5
05:69A9,05:69B8,16
05:6ACC,05:6ACC,1
05:6AE1,05:6AEA,10
05:6AF8,05:6B07,16
05:6E7E,05:6E82,5
05:70A9,05:70B2,10
05:7131,05:7132,2
05:7158,05:718F,56
05:71AB,05:71AC,2
05:71C3,05:722B,105
05:7397,05:7398,2
05:7F1C,05:7F49,46
06:48CB,06:48FB,49
06:4BA3,06:4BA3,1
06:4BBD,06:4BBD,1
06:4BF7,06:4BFE,8
06:4C11,06:4C11,1
06:4C52,06:4C52,1
06:4C74,06:4C74,1
06:4D4F,06:4D60,18
06:523B,06:5241,7
06:5276,06:527C,7
06:5715,06:5715,1
06:572C,06:572C,1
06:5743,06:5743,1
06:5769,06:576A,2
06:5D3B,06:5D3B,1
06:64ED,06:64ED,1
06:71CC,06:71E3,24
06:7417,06:741C,6
06:7457,06:746C,22
06:7529,06:7529,1
06:758A,06:758A,1
06:7645,06:7645,1
06:76B2,06:76B2,1
06:7776,06:7776,1
06:77E3,06:77E3,1
07:41C8,07:41CD,6
07:4A2D,07:4A40,20
07:4A4D,07:4A8D,65
07:4BC3,07:4C07,69
07:503D,07:503D,1
07:5291,07:5295,5
07:5473,07:5477,5
07:6232,07:6248,23
07:6276,07:6276,1
07:6767,07:6789,35
07:67BE,07:67CA,13
07:68A9,07:68A9,1
07:693A,07:6941,8
07:6A58,07:6A5F,8
07:7918,07:7921,10
08:4095,08:4099,5
08:46A3,08:477E,220
08:482C,08:4832,7
08:4D0B,08:4D0B,1
09:5CAF,09:5CB0,2
09:63FE,09:6416,25
09:6435,09:643A,6
09:64ED,09:64F0,4
09:652D,09:6557,43
09:665E,09:6697,58
09:66A5,09:66BB,23
09:6BD4,09:6BDA,7
09:6C59,09:6C6A,18
09:6C99,09:6CE0,72
09:6D00,09:6D11,18
09:7008,09:7048,65
09:721D,09:723E,34
09:7273,09:7273,1
0A:4036,0A:4036,1
0A:470D,0A:4723,23
0A:4C53,0A:4C53,1
0A:5853,0A:58A8,86
0A:59E9,0A:59F4,12
0A:5A01,0A:5A0C,12
0A:5AB6,0A:5ABC,7
0A:5E40,0A:5E7D,62
0A:6037,0A:6072,60
0A:60B1,0A:60EC,60
0A:61AB,0A:61B1,7
0A:6704,0A:673B,56
0A:685F,0A:6865,7
0A:7CE6,0A:7CEF,10
1F:46DD,1F:46E2,6
1F:4940,1F:4952,19
1F:49E3,1F:49F1,15
1F:4A42,1F:4A43,2
1F:4A61,1F:4A68,8
1F:4EBC,1F:4ED6,27
1F:4FBC,1F:4FC1,6
1F:522A,1F:523A,17
1F:524B,1F:5250,6
1F:53B9,1F:53FE,70
1F:5743,1F:574A,8
1F:7FF3,1F:7FF3,1
