camera,rom_md5,rom_version,sram_class,unexpected_nonAA,seed,seed_pos,owner_id,photos_listed,ff0_ff1,record,vector
CE10000843,42d2f65e2549be9d1d126a6828b5d1c1,0,ATYPICAL,2078,00,,0154115039,30,eaea,invalid,6fdb3ade797f7be8b5fefd6b
CE10001819,42d2f65e2549be9d1d126a6828b5d1c1,0,fresh,0,35,7,77013356,9,aaaa,normal,7d7e7d7d7d7e7d7e7d7c7a66
CE10063189,42d2f65e2549be9d1d126a6828b5d1c1,0,fresh,0,6b,2,77013356,0,aaaa,normal,7e7e7e7d7a7b7a7876736c67
CE10229233,42d2f65e2549be9d1d126a6828b5d1c1,0,clean-used,0,35,7,33122681,27,1b13,normal,7c7b7e7c7b7c7d7c7a79756a
CE10238211,42d2f65e2549be9d1d126a6828b5d1c1,0,clean-used,0,95,1,10711523,30,1b13,normal,7d7e7c7d7d7c7d7c7a7a786a
CE10251329,42d2f65e2549be9d1d126a6828b5d1c1,0,clean-used,0,6e,4,13356735,4,1b13,invalid,00ff00ff00ff00ff00ff00ff
CE10517662,42d2f65e2549be9d1d126a6828b5d1c1,0,fresh,0,17,3,77013356,0,aaaa,normal,7e7d7e7e7d7c7d7d7c7b7860
CE10550742,42d2f65e2549be9d1d126a6828b5d1c1,0,ATYPICAL,176,7a,6,00912730,0,7c7b,shifted,7e7d7d7d7c7b7b7d7b7b7868
CE10785322,42d2f65e2549be9d1d126a6828b5d1c1,0,clean-used,0,7a,6,46882401,20,1b13,normal,7c7e7d7e7d7b7c7a79797666
CE10811537,42d2f65e2549be9d1d126a6828b5d1c1,0,fresh,0,17,3,77013356,0,aaaa,normal,7e7d7e7e7d7c7d7d7c7b7860
CE10866859,42d2f65e2549be9d1d126a6828b5d1c1,0,ATYPICAL,2075,35,7,00912730,30,f608,invalid,cf00e100fe00ba00f7143e6f
PC10201702,fdcfe686cf4df461e870b6e53b2b5a8b,1,fresh,0,aa,0,77013356,1,aaaa,normal,717272727272727272727374
PC10584071,fdcfe686cf4df461e870b6e53b2b5a8b,1,fresh,0,1d,5,77013356,2,aaaa,normal,7e7d7e7e7d7c7d7d7c7b7860
PC10696894,fdcfe686cf4df461e870b6e53b2b5a8b,1,clean-used,0,1d,5,01436645,30,1b13,normal,7c7c7e807c7c7b7b7a7a776b
